gen,eval,loss,eta_base,lambda_pull,alpha_aniso,mu_responsiveness,k_pref,r_pref,polarization_mean,turning_angle_std,nnd_median
0,1,1.0800075483011742,1.2548167018257077,0.3776476976717139,0.3943638889601298,0.35686081959273463,0.4711611067417021,1.7348884744997635,0.9604722336892152,0.13287751514110044,2.376409556691587
0,2,0.6777355686445977,1.2885472939806144,0.3477573511375251,0.5638088826839355,0.5051122102333493,0.55470193447039,1.8990459456720872,0.9400240898585377,0.2265490147665387,2.5240848951853847
0,3,1.1204974947004425,0.7097231828762178,0.4231884889730587,0.7267576677300557,0.3520146223109022,0.3258592462645592,2.7030314026401054,0.9865666070234373,0.07469301407370849,3.1634238887268267
0,4,0.33122307731378464,0.811819849080366,0.6165640141059013,0.2798724957962521,0.7560554190922161,0.47622690837647863,3.641710388089488,0.9652202762165419,0.2465616367988658,4.075542649024482
0,5,0.7511081629262215,1.0522396657940354,0.3632532886139533,0.47542154525877167,0.38155729081827594,0.3124944186871502,3.660656744433252,0.9760607646120818,0.12618997369855683,3.9608132594767214
0,6,0.996949541172059,0.6063349895169133,0.42064863337017117,0.3625631693813248,0.39785918105730056,0.2560224091486928,3.291387713897369,0.991044868584939,0.0728642275480332,3.6914624342993756
0,7,0.953962568752581,0.48715310238212217,0.5468835302578761,0.8319659681420036,0.6835712881443834,0.3231421274218755,2.696387154411041,0.9785156284789173,0.12774600548331483,3.025186901409042
0,8,1.1277293143344957,0.5907956777497654,0.8384937409749709,0.5101617203157998,0.43533791710127556,0.3767290588072228,4.72823300127423,0.9924801535867884,0.09440547255292013,4.900686615737099
0,9,0.9200202169747302,0.833644506694856,0.6234416506176195,0.5600350645672367,0.48659344248704317,0.19004212043644608,3.0624370505092293,0.980260510920014,0.11658148497181557,3.323088826418954
0,10,0.4956274881657323,0.741509614655062,0.617325615945832,0.6677994794095857,0.7176025646463812,0.38998355829866,3.901921071226236,0.9656787240367513,0.21253854630451077,4.233493292396458
0,11,0.9238489556963718,0.5887685765209372,0.75057571916895,0.602587673863918,0.4963419482469854,0.4183948203045964,3.2486090939025374,0.9872962345973978,0.09505885576634247,3.645180620163355
0,12,1.0912337639777674,1.1168562284863994,0.8039658963230215,0.9371223666186982,0.2986243753000719,0.1478173279297776,2.956948919699184,0.9727038366018019,0.0826497684900859,3.0992705267148573
0,13,1.1337022030004051,0.8448103794453925,0.6752352445108647,0.5631280415735795,0.18599468113245848,0.30713000925615286,3.86304621674321,0.9943663242787159,0.04107891061174647,4.1628049702360315
0,14,0.6732423464772408,0.8644265259020273,0.6524035060863305,0.4555336303779436,0.5138626441699976,0.37611946537269486,3.5788467384736666,0.9785300819898893,0.14485991089063147,3.909293496767699
0,15,0.606640348851356,0.8555239216354954,0.5238019275100612,0.36586530718261,0.617963180596042,0.36705554644754085,4.068081060090881,0.9722858783476633,0.1934949140662697,4.365671369518784
0,16,0.6615605046625194,1.135697006372422,0.5370315920921037,0.42494175902171893,0.43502565233547763,0.40929118590890023,3.35259343782461,0.9677601123209774,0.1551107257852522,3.7264393846403165
0,17,0.7091677882075454,0.7037209708400988,0.5087194440285802,0.37599776452367195,0.6756489073164174,0.28739991429521416,4.132699934375519,0.9809352203007672,0.17161161406431044,4.41506183969376
0,18,0.7611257638102551,0.9129776597014239,0.6187166939490742,0.28101398111522474,0.5804896001810369,0.453681359141183,2.6514565686905973,0.9679094678910796,0.17118977554005668,3.1127450895731337
0,19,0.819289285658148,0.7254588183189857,0.5065229636964761,0.22537195885477232,0.6067301088026046,0.46846643947740657,2.715504806775232,0.9790169129543903,0.15075903497677384,3.227250583976006
0,20,0.9316755346336655,0.89815287402595,0.23754113060438184,0.49226076916068406,0.2591537050869228,0.5070037125228537,3.578063951553653,0.9853578959085769,0.08176362879383231,3.9929649840437955
1,21,0.948952296773546,0.29018787440208116,0.8120126527561495,0.11331406155392951,0.7007040034737441,0.574875381615693,3.3780548861136177,0.9966527661519115,0.07928732992176116,3.971645788461442
1,22,0.29030655804169975,0.8891302711603213,0.47241507498920693,0.30155317717531654,0.8314015981379819,0.22284661822099755,3.1551492157229433,0.9564432649831428,0.2711922307283715,3.4806393158313824
1,23,0.7622469616361777,0.8131775518987654,0.5356139754423108,0.7516733737299399,0.4490519025502816,0.3881537695938738,3.67371397573129,0.9773746966463831,0.1264224949923884,4.001215315704329
1,24,0.6365559399936944,1.0513526313424577,0.5092002478664985,0.41982939696198596,0.8044101862588673,0.46589717168500827,3.9538632944376912,0.927745721730588,0.3833529892821227,4.343211598087903
1,25,0.2548996388421047,0.8394742135842663,0.6103042855446409,0.3779841741545153,0.7943021983408117,0.4497133987395282,3.7845538696424996,0.9597987450689816,0.2788436791433944,4.179287060305572
1,26,1.2694408254136536,0.22766307900009428,0.43464084375695966,0.19227453647183537,0.6119169192731118,0.4382364369549337,4.750568044872268,0.9975574513288862,0.06690097172615221,5.040300006336804
1,27,0.8086155282308025,0.9637133218129301,0.4431983302105511,0.5017451892331685,0.44238711634335015,0.3950879618561657,3.045199200057292,0.9708871828349082,0.1379500212434403,3.410860362385555
1,28,0.36331766973600504,0.897131152960089,0.4522264632400527,0.5058582835979507,0.6906912623584471,0.4839032338371466,4.0815174949547615,0.9552759785357795,0.2644626373509748,4.500216007958169
1,29,1.0935808965680374,0.8821367974710782,0.07094258961721245,0.2772618136622652,0.9110766025494774,0.32533049922447976,4.892017583155114,0.938624262448515,0.45030058781068705,5.12643728439978
1,30,0.5836288035931879,0.7246427868196266,0.42148078796957433,0.6051667066384442,0.613621601141405,0.5145703455071368,3.818027904312458,0.9684885727087502,0.1932525008812001,4.2907049067599345
1,31,0.9133956195223119,0.5106503324421499,0.7201473241697942,0.5228009884260632,0.5646007137580807,0.3261753938044675,3.8566881254276058,0.9908074724598933,0.10010397534954185,4.154608367982297
1,32,0.4891473973000718,0.9625711233196076,0.4854332224315322,0.5373852264639837,0.7827863191974097,0.46132473234033816,4.025584823751022,0.9428657308784215,0.3297835408940647,4.4531328940905235
1,33,0.9629466540409937,1.2103931411071505,0.3846606597490318,0.6434667795424946,0.8406340649252145,0.5702255237534729,2.9839949763256493,0.872817123144167,0.5002772405598973,3.5604702477640964
1,34,0.5702973742325221,0.9828507103291383,0.8585488836016355,0.26722533536414705,0.9387471408270004,0.499331374443533,3.4041663796574735,0.9347474827974922,0.39160204253958764,3.850344003152133
1,35,0.659221400635534,1.3117368848655742,0.7754408844693351,0.03377968909021428,0.403852653390525,0.5387931884301199,4.018065623787062,0.9627824742114107,0.17418477196979032,4.343138460687946
1,36,0.7741473435088487,0.7527535218464171,0.5787893840705476,0.24440677838431216,0.4680133072511239,0.6623471001298843,3.3908290687449423,0.9828079446252268,0.1242338879833735,3.9908657768928535
1,37,0.6111994313599027,0.7548647983787945,0.38852779756009503,0.5705710259366369,0.789716027677582,0.5702809241024308,4.400304423199411,0.9556688461443474,0.3274883670972286,4.899841820011141
1,38,0.47182222925916856,0.608423059207538,0.6074954722788586,0.14287950206543357,0.9269846168529742,0.18628281275157216,3.384019959404898,0.9780416087493025,0.21320764342381976,3.694465111153586
1,39,0.6264841494825852,0.9753707056439553,0.7457105527572295,0.37407480535493054,0.7151140536982034,0.577235029636429,4.467184788220758,0.9523285072202228,0.33225415443798934,4.907989654206784
1,40,0.6678448833686184,1.1094448807719246,0.6396728826838649,0.03320146615236941,0.47031677909687086,0.4698433711667042,3.174727167508643,0.9687918937990787,0.1640304716621845,3.5810614725175087
2,41,0.7571165084906559,0.8794470686432186,0.6622749816180467,0.22687245120026348,0.5796461972748428,0.2920362291184857,3.08587103399621,0.9777204175109713,0.15511030858514274,3.4017559807634514
2,42,0.5110667502875509,0.8367709231185756,0.76868754312743,0.301218485734618,0.8284691154557603,0.49235379415491887,2.4185230955081485,0.9584152808782302,0.25081155340728384,2.9180576527874535
2,43,1.15812311847542,0.5382550458689085,0.5358993696667059,0.1385492514799474,0.4270845387872928,0.6999924942489509,4.6832964377329755,0.9909346684867508,0.09967784819621506,5.100717801422
2,44,0.40340299590118217,1.179466101313217,0.7609670770832577,0.32643676869128885,0.7345700355394225,0.5274544629232122,3.51482246194218,0.9355699760021008,0.34095972349978226,3.9963430194247898
2,45,0.7277153763299437,0.7862575094622284,0.45366682840783906,0.25039120758641226,0.9566469901622673,0.5016017023777338,3.878948726456916,0.9443240283407803,0.4027905867988725,4.3451816285825995
2,46,0.26401311916394277,0.6542345886744376,0.3471898257405929,0.22530406427260513,0.9673875773645001,0.3943600339758628,3.2918565076228212,0.965644792490051,0.29102685276980966,3.7708467196102937
2,47,0.724480320534637,0.41776734316123276,0.40290257578725813,0.23705056952324188,0.9370553480868299,0.2868377923385532,4.3736251336530225,0.9876665604349423,0.18711022690092421,4.66130954084989
2,48,0.2639557146774878,0.7752169640275752,0.39983791614454917,0.3237346292353907,0.8000105200123643,0.42631188551477556,3.6805920906450518,0.9623302494731586,0.2659534116547155,4.100920470240992
2,49,0.4506548810296206,0.7821190274689523,0.670807195389331,0.2921325797445672,0.8279216892055713,0.4514766597516299,4.37000864894534,0.9636612625794087,0.2942455055711685,4.7057718533975175
2,50,0.6051657389864432,0.6004916374778823,0.49146503229397603,0.47852026686343707,0.8033935447184068,0.2563445476330005,3.2681677867159493,0.9782216589274672,0.1811808418758593,3.6279544007802365
2,51,0.5243396429787814,1.351922773781241,0.48594419317069554,0.6278246507170447,0.5435417959720935,0.2586751974915925,2.7813828876607505,0.9392991437077498,0.22993581449628914,3.0700407724289787
2,52,0.26844489606211774,0.9209335288765494,0.6873672396562016,0.5097809272143278,0.6755371738709456,0.5550914683850341,3.5806751615052734,0.9575306551854602,0.2620627764016888,4.086316648461856
2,53,0.46534198105742053,0.5632624230248175,0.6245141879756461,0.7076349735874287,0.9910881793052715,0.6331119834055917,2.4569723754709583,0.9570948775719132,0.30041562250061765,3.07889168497793
2,54,0.38652469553013247,0.9603685958711008,0.8368484605668435,0.3038487302660694,0.8158674319711438,0.4183958107824929,4.013102591269503,0.9522951271687585,0.30557277330323923,4.350328865480681
2,55,0.35345720493734534,0.7792802627420569,0.161123172250249,0.4973057698650406,0.7295105661361291,0.30662804540015537,3.771474016316998,0.9610270391657106,0.24141566972831208,4.1094332338081845
2,56,1.4788029747248534,1.1410025790298777,0.41155121452133825,0.30393380477893633,0.8453083003698434,0.5738815426444851,4.592889233510002,0.8996356890620367,0.5779123915529352,5.011324062208901
2,57,1.1029998608666125,1.201673249299299,0.8519095535551949,0.28959022460513933,0.2422793573078492,0.11959402278586131,4.339996477216382,0.9896426450460879,0.06588554108685302,4.415616972757872
2,58,0.32321436465032105,0.7817735999697498,0.5472817396248464,0.29637663461037045,0.8114707309196542,0.37744393536053866,3.850625075866581,0.9652661128070736,0.2577713541027734,4.202260887283121
2,59,0.524513512398091,0.6519612201698685,0.5660172597101367,0.6992118790688274,0.7897318096749648,0.35158515847168087,3.0798958317604184,0.9642061519813243,0.20980738012818753,3.471582174500925
2,60,0.281909555827786,0.7750497557576856,0.7423120574654709,0.2996800964739941,0.8761627350139555,0.3397539152992852,3.7589001341595973,0.9675328525099456,0.2621600094378003,4.092596831033989
3,61,0.4632239911253892,0.6443520016039325,0.36799775380663186,0.39297993780655355,0.9408316511259972,0.5726758474347144,3.591733083297007,0.9584682246409739,0.3366251837886435,4.1816012633528645
3,62,0.7743282586632539,0.5695031679948739,0.7800729269127918,0.5218972917783385,0.6894265966103644,0.235637402720845,3.730331765306205,0.9871198649510156,0.1271368666088999,4.012035708015852
3,63,0.666482717904295,0.8185003783776327,0.31963477978889054,0.20445647281397644,0.5859480524262978,0.08212543599260899,3.8229663326147763,0.9780588403992565,0.15422296277544983,4.017283128109577
3,64,0.9588606391724168,1.3179431175797205,0.5966178667229574,0.5208620750788244,0.8062589727133563,0.5549062101258947,3.6519051956947597,0.887042624718012,0.5000415458544596,4.145377990440226
3,65,0.41115050057827485,0.74687445356574,0.6040627916433097,0.411696098915896,0.7232568640432357,0.5336412842476975,3.8470086300230792,0.9648616520557987,0.24287822340104676,4.336448715910422
3,66,1.4871679704327259,1.1293490996866664,0.43881686118088964,0.3725915945299085,0.9664872869412592,0.5997446442474307,3.8406805472867416,0.8791084992863526,0.6326712004955348,4.369013669231594
3,67,2.576820551260528,1.2101788605647024,0.44098952910261113,0.6660276443824976,0.9998503513803959,0.49997025454780086,4.501118522612138,0.7972376591290568,0.912135884578632,4.8456012665811095
3,68,0.7475294135323102,0.9451273430018269,0.5412940639676481,0.484371847354761,0.7264234203242296,0.6997661568701693,4.22211351325778,0.9420655885355247,0.37928607807743625,4.764577787673599
3,69,0.6247692188083367,0.6979975702688641,0.07372206571681668,0.32261322702906103,0.9429871660579915,0.24486127936603647,4.419308737015255,0.9585230320157805,0.34342962231637275,4.714259407870459
3,70,0.4903293934439763,0.756836987165168,0.36002119532532917,0.9751635185915362,0.6746344294102904,0.3019998590577916,3.1029441768465427,0.9457830210272509,0.22061214393898357,3.3647513488720513
3,71,0.3401582225412536,0.75860271207218,0.11682753310600598,0.0840006849892935,0.8871512287268969,0.35081077572987807,2.881671241797399,0.954397640433484,0.2947312521904986,3.4732420544305986
3,72,0.5435789631148494,0.8022990535047408,0.43474485569037624,0.1207252542890442,0.9994079903191364,0.3123642510734193,3.151119174922215,0.9499607373302867,0.3583314724226645,3.5573360780735315
3,73,0.43821647017722104,0.8523564372193922,0.6219058786193696,0.07287084476612771,0.9177553401647186,0.2991645772278196,3.9266958405343266,0.9597190037198062,0.329638746665421,4.1768501381722825
3,74,1.0966766262183905,1.015762446914194,0.6818262258213998,0.06839226378888567,0.9641847032208242,0.6631893386517799,3.572182014313584,0.9212570987685235,0.5285561128224691,4.117181017446723
3,75,0.5036673720196311,0.7711840386454466,0.5314541782074199,0.33188864917588023,0.8714737381551886,0.46139605621631247,4.121026177052562,0.9573426169963465,0.3245551486004764,4.514642565119238
3,76,0.37217404130039466,0.9873675401549927,0.2536617286096655,0.24395650875768551,0.6621715567041986,0.3726772516109455,3.04481584491013,0.9516728956379271,0.244960078322377,3.5092769417189493
3,77,0.2053840973652763,0.8663288803426745,0.3764836096422548,0.47141961778929237,0.7355370523598306,0.561467690117856,3.134002880923282,0.9489491329467474,0.280193169875043,3.7669772734113662
3,78,0.45150459374634505,0.6943991660350486,0.5494835679218502,7.256585337223371e-05,0.971214437178561,0.3996070221770161,3.910249394926942,0.9640986827623086,0.32489000582768995,4.274759195770715
3,79,0.6175462602305815,0.7978814388333653,0.7930817491565454,0.05935350626025833,0.9952322363750176,0.3537689888754737,4.0112733143035975,0.957052803248442,0.37156508434618485,4.296271106656325
3,80,0.8855474366259264,0.4176824532715734,0.407415079370956,0.44400804478534006,0.8060433777311419,0.5215893233578449,2.4442099471816103,0.9779316182925978,0.14398063443438208,3.059762415871412
4,81,0.3344808063047103,0.875964250688016,0.013537169163678664,0.17084295154214285,0.748052671096079,0.5665479861873647,2.777063623520585,0.9428849324982449,0.29990282367473176,3.513605668357721
4,82,0.32361903408789544,1.0299124698923725,0.3780123358945727,0.5949820558136362,0.7627054760648291,0.25565882265586404,3.150169440750288,0.9348041382788563,0.2974810123408022,3.483347936640692
4,83,0.6034796480598638,0.8769311970752819,0.6026196316654001,0.16681768579517686,0.9642581114382107,0.35261141984245853,2.6130291393849165,0.9414171687451308,0.3391047640901169,3.0123676889398814
4,84,0.44340210855894663,0.7204096225666157,0.6630756090086126,0.14732689527075035,0.7800019691846859,0.5721150412398508,2.9800669130054906,0.9723153060288068,0.22780726931361092,3.571976620668201
4,85,0.3852702008536213,0.8002296119899073,0.4834847159334477,0.380606812742463,0.7025609965238642,0.5196982474731442,3.192593902861062,0.9641443656903066,0.22703774308989672,3.770327390847868
4,86,1.0629663419704751,1.2068792504386308,0.31122764266443464,0.1875542779506454,0.9729321060155701,0.29993035896667014,3.1396121080431953,0.8830045255943565,0.5239256207305265,3.5530446372780062
4,87,0.5437165170514227,0.4818965609203537,0.1303261957427499,0.1871998663824846,0.9734267309503302,0.38959841237485493,2.723904971277028,0.9783592865983012,0.21948780756904043,3.3275074094482804
4,88,0.3831433150939474,0.5956548846278487,0.16368343220956422,0.36358559127229584,0.9999105890768911,0.26062672209085624,2.6661714234260705,0.9627412533875483,0.2834041850960487,3.1857631304752227
4,89,0.2137723254420564,0.9148246590685442,0.3798583613941271,0.5748256140707311,0.7975389231221531,0.2323303096162077,3.564893448969996,0.9534236093432794,0.2870376670968008,3.8521172477487786
4,90,0.4099399833196619,0.8417824865258302,0.6247782814852989,0.47548780481067887,0.7254318168333576,0.4835369884744615,4.319960584803767,0.9628765337881999,0.2675082991458965,4.688574244957197
4,91,0.5823427910712793,0.6967394226303236,0.8977271766236724,0.1390045324079145,0.9670875011471182,0.6936151533685384,3.7594466135022953,0.9651743508911235,0.35673582908974427,4.3298153608082455
4,92,0.4099962884578804,0.8127906865350343,0.5498496583069111,0.2308037329167086,0.997821909838363,0.15492445380292158,3.6908712489561295,0.9544215013923883,0.3415046100529839,3.9247825975152137
4,93,0.3236940344825706,0.9217558046237272,0.16224712412441508,0.4848861851075643,0.6410420986993571,0.6844674108753158,3.5872588449594938,0.9443780231054099,0.3003175779049577,4.217459292255749
4,94,0.6109520763055849,0.6548579321391524,0.08258105247512568,0.2860644955919073,0.7039041281366291,0.29709794642631715,3.077538524496016,0.9741822369876896,0.18129856424162433,3.5845809457359996
4,95,1.015979670561802,0.3772329917170322,0.8023939896681215,0.6962703491841336,0.8236648900645506,0.2364314354464414,2.7886434534564555,0.9894807325288882,0.10747382063264015,3.121777866760349
4,96,0.5624861214101027,0.44744401775685183,0.23190298729081596,0.508728569900313,0.8537676292326474,0.5312056244596894,3.053711278834011,0.979757198469763,0.19074821522266233,3.6664512831339438
4,97,0.5231669483487752,0.7108098038825137,0.20950195100451988,0.21008498129834746,0.9977203671728061,0.49745626288317146,2.9837803585375084,0.9510510123266396,0.356682496130718,3.6187197946763376
4,98,0.28325632908717874,0.5795673036885446,0.06952035045770995,0.07498626439540898,0.9422832058536489,0.2447669623904875,3.3291986863730463,0.9713869203944594,0.2546687267189129,3.812131618477454
4,99,0.5683030980237934,1.0464629388083801,0.08827637666478258,0.21912124369016722,0.43536898636576815,0.6311401401940289,3.6278947416378178,0.9603273555908555,0.1832833337607297,4.129190895894517
4,100,0.6148469363455553,0.6231779575078363,0.33344167934183755,0.725174340981397,0.6812455935841835,0.4658869573018496,3.071472804688887,0.9742791479256349,0.18601606002518767,3.5033379508567783
5,101,0.45428318924049554,0.7461149255712846,0.710334612418512,0.36294998422715674,0.7930050705791268,0.38464807563377235,3.272241457240364,0.9691258372865267,0.21786575556065882,3.654692758083469
5,102,0.5299504286078718,1.0046109245687853,0.19548592748360782,0.26433270464902925,0.8615379982939549,0.04445824942910336,3.235392248983258,0.9310287900069294,0.34542227648077356,3.3383823788147398
5,103,0.7655810685282317,1.1770530814145712,0.2155622810725833,0.22148004758783718,0.43824929525287737,0.42700172038716266,2.51297751233405,0.9615765443808563,0.16996257597358466,3.082629713129747
5,104,0.3359132581140609,0.8567813089696559,0.00016853603729351805,0.24446933428005613,0.7532903357046982,0.5845941045901925,2.791205344746176,0.9477459073406456,0.3003710277937869,3.5377222239013064
5,105,0.22837228887351352,1.0141034590348275,0.15214733099390715,0.6768636553825601,0.5951321145181472,0.4977879831646937,3.3260482242657385,0.939521189090026,0.26059464090443935,3.7908514022936317
5,106,0.46002358153883427,0.6058409718158999,0.32390079889454587,0.3754841320322689,0.9056492009602646,0.30988147438734376,2.981246403264236,0.9676941722851456,0.2346547120283084,3.3887357292207327
5,107,0.4833095753654277,0.7200868820410022,0.1043891771843165,0.19801148863800982,0.8585843455116067,0.24548528941373168,2.357067517314471,0.9599495206360744,0.25308280987757314,3.0013675493180827
5,108,0.40836020201952783,0.8482564399189743,0.8398991451130857,0.560297113298336,0.7283829610882072,0.275623825002495,3.659625331644532,0.9657876252942252,0.2144877080958949,3.865262451945513
5,109,0.38605088093800927,0.578801425299097,0.23063279372781728,0.44845119942937706,0.9128607806056622,0.20241874825676592,3.363062255296713,0.9727300299949354,0.2291961324691807,3.777624822583275
5,110,0.4651544015180795,0.7884309760543472,0.3072736392600016,0.6398577320786639,0.6469226909635963,0.47900664441825214,3.868486483505568,0.9624457149884579,0.22423453472951543,4.295190728864807
5,111,0.6049999057193532,0.8559699304608251,0.11562597555649498,0.08057440320078668,0.5213288330679144,0.4867214909836117,3.7914339700257598,0.9687769471458203,0.18242618126494392,4.2198268412425834
5,112,0.47788525795833225,0.8672453111807248,0.7577515677032536,0.4254868364401741,0.9777477638999112,0.2546762469481087,3.2825821900528322,0.9496326083309616,0.33897764980751555,3.5385360290987293
5,113,0.4033902085767286,0.9938804593927628,0.28637179464081475,0.4255864221832441,0.7865158947673797,0.2572401146216264,2.7722877097824625,0.9394072129356186,0.2979135028868971,3.200763107843317
5,114,0.701779669720553,0.5855532385289945,0.31559827100568916,0.07838469444986584,0.7064215691940384,0.33311253523358514,3.218129384982158,0.9833637707520108,0.1516624912621817,3.6926192466229124
5,115,0.696153616242323,1.1336936854208481,0.024371581047972248,0.3567354195443792,0.791364950737105,0.32788137863755434,3.934635391756636,0.914888644866051,0.4065608231622269,4.308946719522979
5,116,0.47737867643843257,0.7371682951650591,0.37885420565345035,0.3574121212796093,0.7417050344478558,0.3008099812176592,3.388594311060939,0.9726403181382048,0.2049675931526671,3.7634048970771454
5,117,0.7860235271241689,0.9879290930472638,0.44327193480528104,0.21042157823384552,0.9706707598742753,0.2769125124609579,2.653256094998113,0.9272236212380911,0.395339410298678,3.0275005085954105
5,118,0.33423564172975917,0.7603631079670107,0.5226772438231624,0.3187693714061791,0.908641185280272,0.23503386119233632,3.039900515777794,0.9631324510990222,0.2663900137019672,3.409131830075841
5,119,0.37455793426391654,0.7153435454632857,0.2966599489285687,0.0020345361409545713,0.7439107815004754,0.585780618394177,3.09948068333538,0.9708762383784642,0.23244285865631759,3.7677662718501814
5,120,0.4231089014373725,0.9531387915971022,0.2739681365375787,0.601433185224719,0.8131153356535832,0.23197444337206446,2.8319704866959996,0.9319804833757619,0.30688386987281113,3.2152498536311684
6,121,0.7907356133858823,0.5922681046866001,0.1886231954236834,0.6609774701888951,0.6568833340544502,0.4746080864810832,2.5988413428101174,0.9688400295257026,0.16145067914913527,3.1392646597267344
6,122,0.5165803417642254,0.8077629585793014,0.0998642897267594,0.3935404569402765,0.9536009969020892,0.22437070485965815,3.2452122390521074,0.9387778611203194,0.36503709697179476,3.703907733605438
6,123,1.6092956825276283,1.27173566959645,0.31790952886647844,0.2510143110051182,0.9688149130766837,0.5522630731014628,3.65003525767951,0.8515708650185869,0.6892083833571044,4.177796194142139
6,124,0.902443412996087,0.6081387131859507,0.29474786539979714,0.6411433237466383,0.41399302458796927,0.38040226205019056,3.558298611998051,0.988611905531655,0.08831369892995226,3.956097399735929
6,125,0.22116822223280566,0.8643884921893568,0.3974617057485629,0.31696656610530277,0.7683124804021203,0.3755806415863377,3.4915529722774297,0.9583797491833174,0.2621684995414189,3.8862733030999026
6,126,0.6176875602257663,1.1236742690049981,0.43359440273670913,0.21451281488969037,0.8540794039184815,0.3868336227884072,3.0733899461769214,0.9217240641496327,0.38467445364748354,3.5062802161776845
6,127,0.29735005023083855,0.6496534961827645,0.5257238453248462,0.23508499874150432,0.9531024445419302,0.3467733316264242,3.8314200146319077,0.967476698343144,0.28900519912564754,4.16474819489067
6,128,0.5667056186576449,0.627397490675588,0.36088531173015664,0.24212012259121707,0.939604842611106,0.5234075738833865,2.0286581399994867,0.9686227565066108,0.24761799313174074,2.7949852011398084
6,129,0.5897262717879578,0.497657289902532,0.2675385174407561,0.37472543853425705,0.8534363725247669,0.24317416224485586,3.3843603099039834,0.98237346671738,0.17384290157754445,3.811283006663433
6,130,1.0604846295357138,0.9677492860754279,0.6161632003159114,0.3831358144900533,0.9515304896207867,0.5576978534088741,3.9117358032007825,0.9197596835162436,0.49806978452532935,4.413409983894033
6,131,0.8365365108270603,0.9484425161544864,0.5982247097468869,0.3504588570791565,0.9277767451682786,0.33925565821225906,4.426010740727703,0.9404568762138588,0.40893376424248934,4.700540842948669
6,132,0.625170818855427,0.8426855267696285,0.06302799807276856,0.7633357639985275,0.5220272554313182,0.45612255678029445,2.9972119076964514,0.9563830235088396,0.1786933167861669,3.481430492805355
6,133,0.5177370800862495,0.8900926786847881,0.4908654724478466,0.1130578682354034,0.9243978497483513,0.43417581768480706,2.9957378891390345,0.9468726258019375,0.3446981928805682,3.4509719798668996
6,134,0.46990817213855574,1.123967682524392,0.20777564759536055,0.5576771153627164,0.5382121647005657,0.39119752399539476,3.058558074469393,0.9479961456316044,0.22028270254696708,3.459410029966726
6,135,0.2945626997836504,0.7814564581295145,0.134979718312889,0.5549516783448458,0.864200554470156,0.19683192863062585,3.2786096080838405,0.9455666920575523,0.2945135360270458,3.6057285949487556
6,136,0.24134018110919161,0.5854963818843015,0.2718615524253884,0.01889274647049759,0.9919312217835605,0.2981387082196187,3.571367508632584,0.9718257115090024,0.2845087103452748,3.98946779256825
6,137,0.6980989080034739,0.9369165233974174,0.03999328850219293,0.3393538427796317,0.9181606086315913,0.3953236538434225,3.1265326201796033,0.9213288399899081,0.41912499538532516,3.677288960370292
6,138,0.41267049586539084,0.7068105021312988,0.10556377615388093,0.3672910817142264,0.9297071356766409,0.4144691851134503,3.5439538349634816,0.951668990288837,0.3348316934974692,4.042389350418825
6,139,0.20497984286093474,0.8685847246536746,0.18876602883228782,0.4165060295252646,0.7552561335147524,0.33919007967277937,3.354537299608338,0.9493074520718439,0.26790019473425203,3.8253563835976108
6,140,0.5738580388895772,0.7628638710756823,0.12225331394736787,0.4556965621146887,0.9473339191478013,0.360016447525636,2.787883389801588,0.9423934134632497,0.3479880136956678,3.2576205361385684
7,141,0.3485565717383897,1.2494687555597448,0.2476432393503436,0.6129695940461868,0.5055098703410854,0.3563721227920794,3.6594380482903137,0.9464603525128703,0.22685831998199107,3.9542125800211942
7,142,0.31097195717754045,0.6360637705017448,0.14113263608623652,0.2849044443540868,0.9431219624347653,0.38278561017056667,2.8198645442633543,0.9622267916771461,0.2776972815157664,3.383786307945617
7,143,0.4293980915515762,0.7228725047396413,0.06289437981363884,0.0745724080366065,0.7098291840500179,0.5529215806671196,2.9280170311678955,0.9655281358758488,0.22601093392544067,3.6195934695783487
7,144,0.4613124364613808,0.6816472404282835,0.04614330915403704,0.2772343541910657,0.9913156997110775,0.2936541382367258,3.4766069125127754,0.9519955821470028,0.35691972477339295,3.918647871951559
7,145,0.26548186197450185,0.7981384811368633,0.18219051969674288,0.38684866175500887,0.8073226668377401,0.29683804300727834,3.192484727930163,0.9543244401845818,0.26653152120556023,3.6329573438990215
7,146,0.519785584898913,0.9943051253777684,0.3354600178006809,0.21042827802190328,0.8055212458976789,0.42907188676712,2.2813203807691926,0.9368024774430472,0.30666811083010537,2.858748111467869
7,147,0.3104288412479355,0.9306862197328947,0.25771281026721593,0.38636397612880174,0.7683668701635021,0.4674121629271143,2.9191369055184957,0.9437709058288689,0.2913976084876368,3.4914815570120346
7,148,0.21737358460473055,0.9263216088158105,0.39255163941837673,0.5692639298990363,0.7067345835694359,0.4515660848759236,3.683725087941361,0.952481398930422,0.274936998401428,4.093071218327161
7,149,0.3767246109468538,0.856980763368935,0.8265822147666455,0.31896076544099883,0.9375189505479694,0.3198040860064358,3.6511529098718554,0.9566406007096099,0.3327117909582552,3.90873885645388
7,150,0.326568532408618,0.5439994337161466,0.036732265625797456,0.40608659679598313,0.9710186080894431,0.12867975279620383,3.996126816559297,0.9721112491035168,0.2654335656110534,4.290881148695197
7,151,0.27858744971700394,0.6654960097691448,0.20169788764313834,0.13486973252826437,0.8989538342134323,0.31054022372477535,3.25292791762354,0.9672586503889622,0.2617236205898384,3.7111889977591006
7,152,0.35738342750810137,1.2213015403757677,0.13639876279436747,0.38343301514205563,0.6449217125980531,0.304877859160553,2.784993532814169,0.9214856112982744,0.2941955566292972,3.2423001840140793
7,153,0.48741176448593626,0.7154421655079888,0.30125332285498674,0.23460457239238713,0.7425258861380469,0.37557284361606175,3.227397286210132,0.9702542137852674,0.20595355348112196,3.6991053388828554
7,154,0.385393482274211,0.9410620489796813,0.08701335285774661,0.4757356400228193,0.7113070980806068,0.27185245242407075,2.653160350621273,0.9434403624730656,0.2622011385799026,3.175523725647637
7,155,0.17478582219219968,0.7136587724766466,0.12416662500542934,0.4257014144812019,0.8767208673744862,0.223831169023987,3.489060572589028,0.9568691363998866,0.27760431731158147,3.89880054426853
7,156,0.7271581051166284,0.7411858601109272,0.12242472880666541,0.17721950880852677,0.9910900103531013,0.278260887808658,4.08181587044357,0.949488923132994,0.3954934255871923,4.421406539329315
7,157,0.20612300287338914,0.9372971560773109,0.023537898175053494,0.26239747773072636,0.7452021517006784,0.2547655222242802,3.4908396077977644,0.9485712554538521,0.2869656428638324,3.928167935452071
7,158,0.3962535332045031,0.9846135472349521,0.27465586619371146,0.40811870400738154,0.6877240038106022,0.26649771323929367,4.34032185697195,0.9571114769167061,0.26143432530674404,4.577002370255364
7,159,0.5247329610509441,0.9962043052186634,0.2255179134835812,0.4632157532033139,0.8284793064536407,0.42687875949839427,2.982427379014079,0.9235344341511607,0.35737480245593567,3.491687949095571
7,160,0.5826548906772231,0.8545836812235997,0.26350049977742285,0.37977962305465607,0.6458718065983328,0.39118767924093184,2.8266599840824433,0.9628286966229845,0.2043541009747075,3.315613941597485
8,161,0.27658187948264973,0.9497233403692397,0.07253519233760904,0.5284971125815234,0.6814196575511523,0.19758603113579656,3.733927817475035,0.9482957213189251,0.2542900699393169,4.0522241461315875
8,162,0.24427436848024986,0.835680636024534,0.23414831191037883,0.4564341360298256,0.8402818598828901,0.22732339070860674,3.369778032281583,0.951450043574823,0.2894187567594266,3.7575840398312033
8,163,0.3418667394793875,0.9446177219761208,0.02620035348450108,0.7789466971730205,0.6862960374608656,0.3689409407150741,2.5717754080177775,0.9251694222218495,0.272355701606055,3.114957751083714
8,164,0.3081348786704109,0.846309148390305,0.2306997448503545,0.46545954938513534,0.8684042509724872,0.23568591400921615,3.5589729545020665,0.947711385284762,0.31530043440393063,3.929720158400813
8,165,0.25168681759354894,0.8165283456717369,0.12241919670504205,0.41787010431478677,0.7618964590877282,0.4114281951791748,3.1878691587099777,0.9541459073274867,0.2656876462776991,3.6977163593936333
8,166,0.30149403029541477,0.7016660551071137,0.28215129683584383,0.26144150313887204,0.9393906928285,0.3684188961892379,3.3363204438098144,0.9581951835108683,0.3046532073155791,3.781749517141711
8,167,0.47716528570251143,0.784637772306537,0.4733650740386456,0.5955270302008003,0.6335826494682947,0.4447594902455947,3.519981029203502,0.9653397268279976,0.19578809354799837,3.926963783655888
8,168,0.2376024441281741,1.002192439698962,0.061647086080686274,0.35293125837063777,0.6925426660143744,0.17088574368311096,3.3458582531834056,0.9483172505519644,0.2648061517026494,3.7372949616268096
8,169,0.25784788639919204,0.841861212376705,0.09592261706134704,0.526203494080043,0.7868467013091288,0.15540064679766158,3.9947486276254796,0.9523672947925654,0.27504474342956353,4.252699407375351
8,170,0.2876947642734151,1.1446219641910542,0.15656383634288487,0.7404263857945361,0.667748846622601,0.2906333025398243,3.708159535856017,0.9207617959321924,0.3107428933934007,4.042438500548876
8,171,0.28518214489004745,0.7219060547067652,0.10505388018233408,0.2526175804039712,0.922818777473094,0.14857971459600922,3.215989011009496,0.9583558578727658,0.29316879548221053,3.684026409526402
8,172,0.4557503084774478,0.7866673205224078,0.23683451272886194,0.30994044174215274,0.7488180839575472,0.29443477710159693,4.150750854924991,0.9696697620852464,0.24118158881405774,4.463306678269059
8,173,0.3261410271806408,0.6961539354650111,0.4745130483369331,0.2729101797812888,0.9741366565660774,0.3575446900435429,3.437005523629934,0.9610105302292457,0.3135694851516154,3.8249360566616724
8,174,0.3811105696134729,0.8539343512081473,0.20240676179362724,0.12849761046090805,0.7093330942157218,0.30685938859288514,3.280377590649489,0.960093849450858,0.2304947616410194,3.7185198801626798
8,175,0.43176266506853855,0.6318811907881136,0.4335086790232691,0.3102102742540178,0.9152050979847667,0.4327723666431951,2.8219730892661072,0.967781608765914,0.24665363689890304,3.3299250848680075
8,176,0.40387143060377734,0.744872089097625,0.12416194427332965,0.09812872350992322,0.8143682405315493,0.09440738196342743,3.208734443949874,0.9661664847569732,0.2365961604965338,3.5726954521173804
8,177,0.28358894111605243,0.7397134842464749,0.07302785846337473,0.3705365342952692,0.8155319902862215,0.3346436864762535,3.881197352644021,0.9593460058351851,0.2743232732281985,4.309584917942619
8,178,0.30701362590882686,0.9040304181107542,0.35057473514336585,0.4069174289910321,0.6867100357743626,0.41204358783019435,3.4151712088946433,0.9567125868255946,0.2421583354097344,3.8264031438909805
8,179,0.3609700951088186,0.6991345738423941,0.0678740365250295,0.05988156019153479,0.9379217238716983,0.1257483911559479,2.849780801335565,0.9602523139096307,0.2870000338951676,3.3109810249148857
8,180,0.4651500287508671,0.9271384128828046,0.19805347305024182,0.5311193092162065,0.8322227255698654,0.3708026550975342,2.900616943281741,0.9293620197533171,0.3331366994008543,3.4094444251457974
9,181,0.3867830571021233,0.7516984923198633,0.002207368093980913,0.29699203588785605,0.9427938784051934,0.1530141038089632,3.5160431891515964,0.9514708107886787,0.33507667224003856,3.939095436843126
9,182,0.3064619680239013,0.6591311726360682,0.0868092320014203,0.24863088294014263,0.8700108454195037,0.3369518743469987,3.1422427416682033,0.9633248618379779,0.2561551699775543,3.6625318817347954
9,183,0.2227310532869639,0.9069508178337656,0.07581971506338313,0.3738878989268793,0.7711412138020074,0.2737803616771247,3.462019656552604,0.944916554975005,0.2941841836451289,3.877635583728909
9,184,0.46636292642051635,1.1937002994058754,0.14596659987367522,0.6373733781591197,0.6629680258342006,0.02779132325101834,4.03383370012749,0.9129402695640895,0.31313798301018797,3.0446379608761687
9,185,0.317305526180907,1.0505679393057956,0.27614254222093226,0.3127036094964922,0.6595576707232346,0.3529822133977766,3.125121143059331,0.9490945474551579,0.2550665798653826,3.5680802951778445
9,186,0.36535398591769375,0.7768730798021783,0.12249746997550108,0.39320077634686773,0.7491244573135692,0.2983698146389274,3.7640724711006555,0.9626764551703226,0.243193982442436,4.172996107085194
9,187,0.46807773817265275,0.8327166736696826,0.48780296021913694,0.4710156080370422,0.6944568772031562,0.21731610213243732,3.702346999709484,0.9716076368424856,0.2016134590197344,3.9439813554124195
9,188,0.5553704485767379,0.7088263517793858,0.054832599066408284,0.4427200284976035,0.6606601686368602,0.22391497836496604,3.608096858277837,0.9735223754789251,0.18189092215413177,3.996529290452444
9,189,0.42199650630036567,0.7900137894519818,0.05612024299110542,0.07188966121717236,0.925078677578554,0.14743063718656052,3.020594029613848,0.949324258639604,0.32121744901567595,3.5041373967512484
9,190,0.25539562318185477,0.9023063073974338,0.23754857695599801,0.4490175142161627,0.7978667589359175,0.3164807846180444,3.415182912085477,0.9504665765472458,0.29711011958812306,3.8181048769342967
9,191,0.3510161819038042,0.8977895780153508,0.1813826465479042,0.5610118147103312,0.6525389030363002,0.3497921734621582,3.4928120469147528,0.957134615847248,0.22864960305116075,3.9383525714253538
9,192,0.39363180723753644,0.9415704376254064,0.06665196822809656,0.4478330000593468,0.6544935995803274,0.19018879189020027,3.2050630950716084,0.9538103605595314,0.23137686397326368,3.627486779194745
9,193,0.31864503278630013,0.9694717459711498,0.16209734228802292,0.36865230468034355,0.700320991404788,0.2272432998267687,4.041917327239197,0.9556038771323946,0.2639497779509591,4.317514034985249
9,194,0.20045360842257778,1.0556398141519683,0.04437944685003875,0.39526190776049097,0.6755368419197293,0.2995426991689377,3.338385770373214,0.9387376131863908,0.2835973357377269,3.7856842000904907
9,195,0.2885569782092245,1.1413510039160344,0.25736461775651087,0.4857540030494838,0.6205999348603084,0.46128333100923025,2.902788079916453,0.9323506004347711,0.26745276257699596,3.4257586823293047
9,196,0.46031577843497623,1.0617607163333818,0.21250643541959371,0.3672985558189301,0.6021545718717366,0.11351905463209122,4.043184333648101,0.9598693075354336,0.21859593364881258,4.209058713417184
9,197,0.48938364291315445,1.072852572457054,0.17223804073086132,0.5181935006559507,0.5740314780068775,0.20670094296167313,3.0889816617624097,0.9506259822131998,0.21419272338300877,3.4819830225459625
9,198,0.22275213528149665,0.82327474222061,0.10656968821081966,0.3662034988643553,0.8106358551531244,0.20084219257037045,3.6967933475372248,0.9560821879913337,0.2793056296624953,4.065274176056491
9,199,0.5793435043822266,1.0493121770666967,0.21829495323049905,0.49657931243211817,0.7967001416913777,0.025460814145561624,3.4259043726845566,0.9242821790439025,0.3379369393044575,3.008468332622099
9,200,0.2605004344725606,0.9395344663908538,0.21000031880840445,0.30309734532056576,0.7823958885314171,0.20870848050441765,3.1497557482618053,0.9466658156592087,0.2830342502531552,3.5816375391347868
10,201,0.28495379945440896,0.9520099460181536,0.23525240018614868,0.3658865670412236,0.7587655927371691,0.40143940785403426,3.585120345215792,0.9450265908654225,0.3013384185558101,4.049163908209053
10,202,0.5771590263174493,0.6514739829480248,0.1359587069741762,0.23723508369939994,0.799959148451677,0.2780612140434278,2.7982099839837513,0.9734106350162192,0.20929426822267466,3.3175908407921364
10,203,0.31232653775343205,1.0471786287458031,0.06900572386132428,0.3798316748088533,0.7484295212533957,0.16436230949942018,3.31539987597544,0.9329969381627293,0.31033614695210215,3.700048250040852
10,204,0.2819712859080289,0.8624297706672138,0.07469477985986508,0.2571947743091619,0.7386341755920832,0.3252490998723164,3.169605047829994,0.9543876226765564,0.26107794764063647,3.6459871759734774
10,205,0.20235282315356667,0.770136142367431,0.4593639317148847,0.19474112281751926,0.8000784403956864,0.5574202501810415,3.2588871044553724,0.9604984465992354,0.2702940159908699,3.854974207612112
10,206,0.2986042679961781,0.6370955698723962,0.04878153729813519,0.3329025534342272,0.8688078817790795,0.27011037781974656,3.7112424628837415,0.9687548942575608,0.25841053358109595,4.098898167646617
10,207,0.37393766575045884,1.004039213262878,0.06669584814734643,0.5523733980154655,0.8046830753132995,0.1482597245799418,3.6183896661911468,0.9269455419074122,0.34163292953446345,3.9131038789220107
10,208,0.2491248492620653,0.874036168836795,0.22434534033551756,0.5251537062962013,0.720299796783571,0.5735988711937364,3.072642361316572,0.9421070823421687,0.2907407264488593,3.7129696704984263
10,209,0.43248521674191387,0.8868985703719185,0.006664643192599007,0.19696150952536312,0.8631893846592624,0.16334344700184622,3.0366412757253998,0.9402516696411249,0.32840244347815006,3.521556023757765
10,210,0.5072698799126227,0.9084542918028876,0.003407439512285828,0.4023951006171516,0.8212321199741565,0.47404060775753426,2.859034998725389,0.9316740651122786,0.346579025439675,3.4460587607929547
10,211,0.2594241936485851,0.8447808020852279,0.015278127498040361,0.39843299390041115,0.8041160759837311,0.2969213470340627,3.336323526516896,0.9479778067830587,0.29741111801988024,3.7948459040754754
10,212,0.338535638266363,1.0301613251018054,0.007212423307997229,0.4745257043461256,0.5997374118681637,0.3253794656769585,3.217773314139917,0.9417729897127938,0.242708046389195,3.624972973089121
10,213,0.34118856636821615,0.8775275807982025,0.3927221530483338,0.24503743976658318,0.9058898685236133,0.21234693163498322,3.590778341313716,0.9493956532590924,0.3222456361198919,3.952435523749956
10,214,0.49544070109841754,0.8212219979714643,0.21033841011997575,0.3721450662842415,0.6988108163510566,0.12845313404151187,3.8961045448140967,0.9684462293747018,0.20869920600449157,4.165466644508666
10,215,0.47364274242480586,0.9342375804689563,0.3114924031423042,0.3799127009265761,0.8542106357323482,0.2842173221318026,3.880277095899716,0.9426946439885369,0.34161133908580854,4.226753963932255
10,216,0.23390074712583117,0.9285133622995513,0.05295276776724236,0.2977208446661452,0.7294954053741322,0.21492479253884791,3.2761628777249356,0.9512618544707333,0.26729683307702434,3.7305609361280725
10,217,0.3186199032257103,0.7916903681480064,0.49386330559285707,0.427370704793828,0.8907334228533389,0.2762810429555543,3.854422730003348,0.9573756091347401,0.29756297315250885,4.174822651120855
10,218,0.35992508263805845,1.0465656929816693,0.27465642910740345,0.5458375111850442,0.7423655626815618,0.41448724058014247,3.1087217659463073,0.9272621286874856,0.3178840349496542,3.5939709766598016
10,219,0.3388351071129396,1.0059369273589607,0.03451331347315374,0.12957147239241187,0.7625152282376862,0.30017740640191404,3.265644747502849,0.9351929829713915,0.3185267378516963,3.7228102125842435
10,220,0.17113526215908775,0.802598689465243,0.07046504380203586,0.32910502814867376,0.797920793895274,0.29352163083851995,3.419632997420984,0.9561400654284485,0.2755192719808974,3.882099779390603
11,221,0.2911565114314769,1.0072609254176335,0.0822000212168943,0.59646116639612,0.7100744688979593,0.36038589202925647,3.223811730046212,0.9321490187533182,0.301896361781753,3.659391867366382
11,222,0.2207522027242623,0.8326462458663842,0.07666689695608896,0.31336933810012063,0.7428766373966216,0.42076196346897665,3.503137610774827,0.955952809346801,0.26892384807247904,4.004919481612685
11,223,0.3182999460243533,0.9575407978147336,0.11995573680844929,0.4332354423276432,0.7525562255927675,0.39553866850164954,3.263068794870334,0.9405849538815325,0.31096949518323597,3.7217693431820225
11,224,0.21523915652938808,0.6905572030247048,0.5117291501129334,0.18870719746674683,0.8762529298123363,0.6270878682755316,3.2214531379533278,0.9658879651598307,0.28471310984050047,3.872822995122882
11,225,0.3717725052469956,0.7849675921106046,0.291690584740764,0.19996297073909589,0.7819094378915741,0.5090459558749452,2.7899388881976503,0.9611201295930509,0.2576139479594221,3.377229582020097
11,226,0.4199455126617797,0.9728503397978657,0.15389193511283839,0.10724990271441963,0.8521056453692334,0.19880037686459356,3.3179419833043733,0.9391217525298711,0.3407616774194854,3.739334013664488
11,227,0.3444078493764738,0.8903915963796549,0.17442837783547022,0.3627307721320464,0.6744583802436264,0.31289260829969745,3.432929161540245,0.9585188135291869,0.2291817977520063,3.8724417923855134
11,228,0.21867388378196362,0.8606947799615196,0.24238544582415109,0.3198163786757474,0.7616514797116501,0.3497531309131034,3.6309907472332736,0.9554310480709873,0.2714454345571521,4.034874048459925
11,229,0.27728594976193366,0.9641723748851457,0.10827888614664369,0.43860825856591157,0.6822139954576644,0.27397026855119455,3.7730015523327443,0.9511958238015605,0.2612538418978232,4.13941446687585
11,230,0.46514207065785007,0.919522724837082,0.025705476355395142,0.42104008169272633,0.8167746441560727,0.4337155850997704,3.0547103482097597,0.9281247699618407,0.3469583188598118,3.598553564485382
11,231,0.3348797430163354,0.9749115653742606,0.13592199511339853,0.21406987945646994,0.7789770775435323,0.21021391267137707,3.036284561503593,0.94332355654557,0.2970232319632002,3.473519168690096
11,232,0.3931994831413549,0.640877674515649,0.37571545970978154,0.11504734653214124,0.8456786836144619,0.4396682601191775,3.741268421594864,0.9721826347823173,0.23989501771756086,4.189713297976134
11,233,0.3293594703487931,0.7470887329010628,0.06064268388002678,0.5642091613848217,0.7829839227548233,0.5992738650360087,2.699718924338563,0.9448751590474389,0.28963100601690306,3.3981116301154835
11,234,0.2894523755568049,0.8485521312514543,0.25577109012417143,0.38965648782021683,0.843641486509752,0.3360649541359688,3.4623140651086843,0.9458378109344148,0.3117716957863123,3.870338462745289
11,235,0.23627048520478855,0.9811845647706888,0.23348995782341248,0.41054038996183023,0.7583780003429463,0.3052191405634236,3.5323882768308827,0.9413906766143066,0.29928514461150185,3.905871492679939
11,236,0.23897638446874148,0.5900633343674354,0.11815628774621445,0.3604859118274718,0.9881554765029031,0.19131160521155272,3.2957216390118926,0.9657519717108984,0.2835025345545922,3.762692762334629
11,237,0.3649345453989052,0.8986438607145415,0.0397577599806246,0.5734654389779682,0.6802159029590871,0.4060198586678447,4.260121000346215,0.9519995904127484,0.28031255077408523,4.623979443776829
11,238,0.234500403447462,1.1166747385739364,0.2568459315526229,0.4464900811123724,0.6189473582863602,0.5069240995263884,2.9849982310064247,0.9309061755908822,0.27531624794679554,3.5184250551449097
11,239,0.249561773539293,0.9048995884057921,0.24578110268195955,0.24476952905730576,0.7883145132771597,0.32003886927573055,3.254095333052805,0.9512310311594095,0.28485733315980266,3.6716206792743633
11,240,0.4129987162076786,0.9922636514499265,0.33069757482532464,0.29703540010713064,0.6054277294150892,0.44852521113664856,3.204738810751432,0.9532305475997556,0.22262730169932068,3.6727505716586704
12,241,0.40761527267583986,0.537095352538043,0.678007117629474,0.21859997069904913,0.8947297913875599,0.6222283528014333,3.4483257363755833,0.9803703485858882,0.23000441907076447,4.067435714432807
12,242,0.31229227480400973,0.952739234883258,0.37046766766218786,0.34458063686276386,0.6774174060388597,0.4380184778617727,3.2508110979457983,0.9528693030145335,0.24984059416961793,3.6792394180678087
12,243,0.2440179834079288,1.0917451112688539,0.13190180562041348,0.5586253841657562,0.615957064874854,0.27015467135399274,3.492188803966764,0.9407798022525439,0.25293446963715,3.843968243238784
12,244,0.6087648238940191,0.9797185097080987,0.13359550427659123,0.4130215714591004,0.7763377366804577,0.009261355521452191,3.1438499678668386,0.9277043354145983,0.32250430982217665,2.692507603829619
12,245,0.5405830149867829,0.9537928436780577,0.24571630866182384,0.5707834363862723,0.568383867981681,0.26527988462701385,3.84817055877643,0.9637163260505772,0.19432757043679308,4.16095917506142
12,246,0.31449506944245537,1.0010505087637258,0.34325138344207007,0.47451234662200736,0.7274478682286161,0.43177295289078577,3.702410771770418,0.9424448006222729,0.3052363770147052,4.121450274397875
12,247,0.3835842760884615,0.6991159359873554,0.09388106710016457,0.3724203322477766,0.7250491313764383,0.4685699915815446,3.562565457407863,0.9655507590321042,0.23087410673312397,4.056541294448
12,248,0.2673850969719819,0.7617891990966288,0.35206278781502004,0.16879750771937813,0.7636198521523887,0.6226587046006293,3.0826854702526543,0.9638839385878415,0.25985061338063886,3.7651891901021415
12,249,0.3839289993934637,0.943696342870845,0.47992158371587657,0.4393215236563807,0.8143637299397845,0.2810434499401896,2.7179015978606187,0.9439349530211997,0.28303555304219663,3.0881772474955653
12,250,0.4405577027547321,1.0877889797771363,0.037989564146311626,0.4197587092305007,0.5190730325936755,0.34964494146295144,3.3087399302581977,0.9502999586357441,0.2081052351935197,3.7563782974032387
12,251,0.23823294215014773,0.7446593219517306,0.5929387883285446,0.36313074413481117,0.8580002640786552,0.41138655811750524,3.439464274750529,0.964923773128783,0.26154180552328227,3.8597632282998946
12,252,0.36778291668814056,0.8569418934538159,0.46951689329519775,0.3883335869096713,0.8620933886792149,0.4398330527263682,3.1476840781566224,0.9474626198495006,0.31370182366237,3.600339903779657
12,253,0.2550876253429579,0.653052103030778,0.2430012759750415,0.20701238494050928,0.9631591750443945,0.28119165486133274,3.4138113970920045,0.9638000812762548,0.29166273103793655,3.8058006229144956
12,254,0.3909386080329197,0.9397566948162321,0.23918737902071321,0.2904985635403766,0.7638334177042008,0.5701059158526913,3.3997062915583993,0.938819380942363,0.3349781510603938,4.0167553931545426
12,255,0.20385743877079202,0.7943094709620749,0.22619502278350093,0.4287608905461955,0.8449593256890967,0.2808598568282032,3.481007172176989,0.9552289544918324,0.28543536412910947,3.876690471275949
12,256,0.48467516630936996,0.9040591347347623,0.22568059418888117,0.09018194952883549,0.7281529469174292,0.4676551221234072,2.3348856763659285,0.9510543202937514,0.25091827055725113,2.984331171421047
12,257,0.2568975511022748,0.9541418784933953,0.17020771625460887,0.6310038443829491,0.6672113912234166,0.32430865913451346,3.706672686278444,0.9458268282711624,0.25966741746801336,4.063167873047329
12,258,0.2461702156831137,0.799597521054577,0.29226593036087006,0.20528165084086075,0.7952095609672757,0.5282077006526673,2.9769769794108702,0.9568725300359162,0.2731122743589575,3.627418698716074
12,259,0.34152574728373264,0.7818687353345591,0.3879841876707838,0.11855530923614652,0.874963448935449,0.4868271096004304,2.854360777660963,0.9551196607233947,0.2895257517822392,3.397923828422303
12,260,0.15000501826739993,1.0538390606301788,0.424651118814974,0.45233537434596965,0.6575138843053465,0.5087808907700162,3.4010358694699887,0.9406314922026757,0.2757577535799104,3.8986678119843825
13,261,0.2812253952023317,1.0214689288191245,0.42358139825559604,0.4811432279547714,0.6616428346717699,0.41223306920610414,3.8104152425325526,0.9486038319090012,0.26185719137741204,4.175572661344713
13,262,0.3470310845049044,0.6470975648968164,0.4779149151462677,0.27108937047165627,0.9990741700401191,0.30042161798885875,3.754434538723529,0.9668780280647404,0.30766837980408357,4.0977545562240865
13,263,0.25940438754981054,0.8919632867568922,0.10281264053420096,0.6184688510600884,0.7075601307485899,0.2502609366522358,3.6177604472780835,0.9483201664700059,0.2560291621038022,4.009766079553218
13,264,0.2579606277309901,0.8770439280479457,0.9017295809069775,0.42497627417436784,0.8336930790004712,0.468482898423544,3.6979244545462424,0.9587371337706265,0.2852618412055259,4.10571737321864
13,265,0.16509500585899795,1.1006207471443148,0.5352944338110274,0.48143889566664005,0.6801553588293495,0.4071955655560225,3.4677865471331852,0.9413803217280392,0.27710732558938106,3.844345719571512
13,266,0.3206193413242443,0.7147198438866831,0.10360264747315853,0.34522073751941595,0.932408837456574,0.2832700218880736,3.342242102038553,0.9546251252072728,0.31452442491054916,3.829571579432519
13,267,0.2760344133653257,1.0421856952719548,0.546870000650918,0.3232892085833393,0.7425765725836674,0.49136213858287964,3.2384645927850464,0.9387868161958142,0.299268068537131,3.7127186564357815
13,268,0.1903703588195497,1.1097788879762909,0.31885985784845206,0.5706817113286429,0.614140393319677,0.5065253930494846,3.2099935454526727,0.9357694214042572,0.27579361388880286,3.70658986192295
13,269,0.28357981684394207,0.7543955773528125,0.18495724219051518,0.3484802916144691,0.86978681389421,0.43010267372199606,3.166539767282085,0.9505772828299565,0.2976422028185527,3.7164147248652775
13,270,0.48896015062794274,0.8646260163705937,0.3188638492116568,0.6579719632854725,0.8779422274531431,0.3673264602152787,3.080879272866346,0.9272889076585511,0.3467646223254871,3.4991274315527305
13,271,0.3110787285189883,0.8505477865918811,0.7478491703502705,0.484044346001366,0.832729214717305,0.5838078142331329,3.207120783674922,0.9481241571847624,0.3113292981831076,3.7907668861428703
13,272,0.22218973870164338,1.0510562823987766,0.40889322791482197,0.454140256707654,0.7329647299491417,0.2614746963884731,3.2662443515250343,0.941873361468385,0.2770045973509779,3.6229688139788414
13,273,0.39063829464064925,0.8310661279944994,0.3455946951362164,0.4979528645970051,0.7239253195922539,0.4143646898038453,4.260531766939119,0.9616040079430554,0.26545082559000355,4.590456299834264
13,274,0.2767819326280111,0.8701267416810392,0.059795309832680485,0.26168891729957755,0.797291321529039,0.31121870615921876,3.142857471701257,0.9498445356749408,0.29205805556548575,3.6606336268817317
13,275,0.44545601921170774,0.7369360330317948,0.43869844978141675,0.21701918671085174,0.8023442890949196,0.4627754250712213,2.9196274704290177,0.9637457817853992,0.2310396848257082,3.477683096883644
13,276,0.3593253212571901,0.8282975615914021,0.3954869423248593,0.3809977821074111,0.8400063607935924,0.5936501027502961,2.998693097905851,0.9501231386421651,0.31630124445437774,3.68256748108074
13,277,0.28551681646679145,0.8490787521336244,0.29286221460001893,0.22078664684826896,0.8442926347119862,0.3265113034210004,3.578637104645186,0.9553403931559536,0.3016200712453675,3.998393699357031
13,278,0.33628510832245506,0.8454405791569816,0.7581879168209124,0.5335988239476487,0.7442588107574961,0.49825399862010994,3.7071204432600493,0.9603809441368517,0.2502158190639997,4.169777878314821
13,279,0.31022693998651285,0.7508290239007215,0.1365334279462022,0.4532426726176178,0.794066213597283,0.16896112938549115,3.5946035167779096,0.9617981245448627,0.24141170093139994,3.937419270716277
13,280,0.3861796375168942,0.6915055911918963,0.6800605771049147,0.04460743420313582,0.8187563619450441,0.523104736931038,3.2700236920438206,0.9736546791804767,0.22477719642039923,3.843844957216688
14,281,0.27494815946799367,0.8473708701797028,0.32075154081246204,0.05282705562579384,0.7576894156827811,0.5596846827091305,2.923069586381443,0.9582271674537111,0.26837484998591066,3.5886422400891993
14,282,0.4222160661515941,1.3552621295137488,0.757869784401693,0.5463847495329395,0.5124079568453972,0.35072803676286185,3.5631832440258524,0.9489524564819891,0.20696229686343415,3.837503045846124
14,283,0.5168406498411486,0.810761534755779,0.03396738098311323,0.3211836790329958,0.9329434688541541,0.3310769176016791,3.1852135049468773,0.938452218952324,0.36578688030417394,3.711923341931173
14,284,0.24320314533487397,0.9104927660266428,0.500282114151065,0.5608215291932568,0.6790383861568056,0.477588138802465,3.5534668908161575,0.9479847765029819,0.25750174673746196,3.9690586179994596
14,285,0.40146827789595785,0.6321546321929944,0.012571488590562618,0.003726654248743467,0.9930398703960645,0.2762288955680021,2.9306037977729718,0.9616304373328933,0.3092305654705787,3.4734307762184544
14,286,0.49395453281470614,0.9007643063052594,0.9078409493160177,0.48714695084487447,0.8765790591936393,0.3905150500018263,4.066899557137265,0.9513744572490921,0.3343493833523222,4.367030121812413
14,287,0.27229750821622944,0.9904010746879024,0.7185477699418714,0.5246168358371264,0.8233397516085511,0.301943543629333,3.499607228883216,0.947291134321671,0.3001993157995509,3.7807962117790295
14,288,0.35213685654705534,0.8915632925983167,0.10422639175931522,0.32772288932935895,0.771783227095734,0.5066466889608037,2.760454962303913,0.9445347183153198,0.29780077413417877,3.4230573850118633
14,289,0.300551740149236,1.4576138940483225,0.45564806121057677,0.5868785134142649,0.49184929526722854,0.439754413196339,3.344524322066577,0.9275921687369173,0.24184280268979014,3.717691444115025
14,290,0.4121411521338669,0.9547944278901628,0.9264068554979012,0.45471414156058987,0.7250775990074819,0.6977030512400629,3.5809070146912516,0.9481937476931458,0.3295263020009084,4.131668525092275
14,291,0.35560949222236343,0.9623013766673031,0.5761539472008348,0.42829337767924114,0.7200162404343111,0.5276172127113025,3.8094327044624428,0.9474790871797673,0.3032857487472097,4.28511022843187
14,292,0.26914947981087334,1.116174820293601,0.7048008068409395,0.16379191851426458,0.6625465057830656,0.623383712784476,3.4293466144431957,0.9484116194161342,0.2989557487479372,4.005166949527997
14,293,0.40225094612023327,0.803071962163343,0.23784961998647502,0.4296137693259645,0.9266599307360277,0.23573702011380707,3.6415435380819345,0.9458236370376488,0.33861608085138206,3.976211700150304
14,294,0.31984042092374265,1.0369107470860326,0.30035304366559107,0.37620881715509735,0.7336110342586357,0.3422333534808075,2.9729753115922897,0.9415338899503316,0.2891117624606495,3.411974700999349
14,295,0.3239147070538614,0.6438142688036744,0.5781403504500314,0.41589059582203325,0.8869395157931057,0.46717174015128526,3.7153737550115595,0.9695226191596618,0.25762486871483326,4.1827032474130075
14,296,0.3075830488376869,1.0365458720875615,0.34611652536144644,0.47943729842449556,0.6457615741115695,0.40184772629376886,3.2264797023557303,0.9443568444103375,0.2515215902371364,3.633428723652463
14,297,0.1741572147735893,1.3240686946569822,0.29725692717084834,0.8063094736700102,0.5378212178830545,0.41482115124282803,3.410881473893343,0.9153100284634457,0.2703781186603046,3.7489139641157876
14,298,0.2578670945818636,1.190810096264154,0.5074949275651937,0.512236898752565,0.6452867499747935,0.4925033037978074,3.1972702093095404,0.9212948926938548,0.295377132770531,3.6454775950882095
14,299,0.22824084832470612,1.2705711982338903,0.21567038453189621,0.5007468056778689,0.6362996351029774,0.27720410011209407,3.450530012164025,0.9294226571669075,0.29611991201687216,3.8098954164340157
14,300,0.4437896437960031,1.295810549407682,0.05615472336228398,0.3283548118199532,0.4671680073923987,0.28586371858935844,3.3003494466259706,0.944253282936623,0.20924303397449862,3.699026644863209
15,301,0.32994221789613687,1.024866265097296,0.4240096124131586,0.6318105402001001,0.6897569259498468,0.13864076544072207,3.988796614573098,0.9519364319815766,0.24551194577461316,4.118846934694389
15,302,0.351098700093674,1.1745381257176069,0.5138093628222571,0.8610876571756514,0.57350520683548,0.30873275779705267,4.109953333769605,0.9377274956099647,0.24744030189866492,4.295899436877461
15,303,0.24078734327951548,1.0221320421251991,0.42231538710730715,0.48294680645851384,0.7604728370195901,0.22847066846162783,3.4241838510913345,0.947470835497352,0.285758427214222,3.700629062599403
15,304,0.42794878637139144,1.0217741173609547,0.19988508429831656,0.3428103618016311,0.7796234761676574,0.3072796525563526,3.8385856798063456,0.9375300675868953,0.33213823018015637,4.207017388361729
15,305,0.4207081568561143,1.1096245670685365,0.3991189721578481,0.44002407519941633,0.6110648598452669,0.4158303566247378,2.9125159619936802,0.942571801304355,0.2376015519809483,3.380897089479691
15,306,0.2125771290964453,1.3582372954959854,0.4012103256127241,0.576082935833547,0.5686624850035639,0.3131071688000131,3.4943206159561866,0.9351744324391753,0.2629270084004801,3.7987971830214073
15,307,0.32949144868236035,1.1344130652212812,0.14735977892051172,0.5526152633731143,0.6309183105830889,0.5441563628170928,3.111692044540021,0.929026855531289,0.31398492374961684,3.6658341048209606
15,308,0.25883232124200195,1.2354471691280138,0.030718698597068883,0.6068877907965715,0.5089721231926412,0.427800669987563,3.458201245865049,0.936739080592023,0.24646223322512917,3.858394454768883
15,309,0.37159579579240015,1.0691176185967792,0.620455338487778,0.4948942238932609,0.7355265585393209,0.5548635988131123,3.096569322252383,0.9359369951638777,0.32291169576296763,3.660656967780993
15,310,0.2184268949598873,0.9347278000395256,0.029609283416044584,0.6124849023888568,0.6349225398247501,0.521977679178901,3.149156199767475,0.9391052366905382,0.2633982252683822,3.7880483370407694
15,311,0.32843890658382047,1.1658776816905438,0.638019829413485,0.6516905564081215,0.6172518233444688,0.6691119185219631,3.2518016477551113,0.9236227328269898,0.3258926156976717,3.8122215855296906
15,312,0.2567329039985495,0.9868127403436141,0.3774189218663398,0.36737955310615733,0.6880867029253127,0.3977735221327408,3.4091647988189497,0.9529327879605145,0.2539603462931438,3.8377241921259353
15,313,0.32393366074390484,0.7696186423282888,0.19303940676960374,0.28705457038237375,0.8958165454613144,0.21947760407193506,3.0276486086874845,0.9567801259412271,0.2885871676914067,3.4610580318974384
15,314,0.1811571573960853,1.3511416608401117,0.7174252100550207,0.7516217674462192,0.5259627143242217,0.6069280895982183,3.291562157899753,0.9233249522484357,0.2818456839209093,3.7628898491839555
15,315,0.24398500051406888,1.0854668705700075,0.5623277098906972,0.6970295013031187,0.5732057977929212,0.5631115694434079,3.511974251232126,0.9400603807159946,0.25806388644298894,4.017671314620104
15,316,0.2571498006996115,0.7773310778967194,0.28892817124406395,0.16345199154466913,0.8363350765519341,0.5143084205165626,3.0488256481846365,0.9580098596729881,0.28448032715361976,3.6689614008523934
15,317,0.39621444656630966,1.3515712375547326,0.7319381839280771,0.7987910319253425,0.46469025735738934,0.6733135621920944,3.145122235448838,0.9284687996472885,0.22142219098654925,3.637474625727921
15,318,0.3961110606622705,1.4691876648067517,0.5989135260821987,0.6441083539773451,0.4492566744168178,0.5573410574199417,3.167593376255976,0.929951915226912,0.2253023070470232,3.590192406898717
15,319,0.24035641198723173,1.0244630170124072,0.5325144838885912,0.656305474768946,0.6837487113478568,0.44700191303785947,3.1013514325841443,0.9298875687438549,0.2748853978045041,3.4968665281352243
15,320,0.2557282501049335,1.0894280001723657,0.3595747086931999,0.4947860010141533,0.5623740531394856,0.5534073990138464,3.3407100812520722,0.9443725132040953,0.24852933756859236,3.8775798206973775
16,321,0.3179007479079802,1.2185517071347491,0.5193547617030383,0.8443862964749013,0.4928163153555054,0.49823855017322033,3.670047587911698,0.9309035819106921,0.23472308446849538,4.019695293109324
16,322,0.15735132940164093,1.4993847840469503,0.3196983587482233,0.8770958305741656,0.5304298676477582,0.3029584652485355,3.363113070478109,0.8798672911664915,0.2813001488321118,3.64145253776933
16,323,0.19156536324333853,1.400764193770119,0.6858210233127014,0.4950912491628906,0.5353031021084023,0.690545571145612,3.241214439047389,0.9272454614742799,0.28679677445984136,3.810828135125452
16,324,0.4299695598729517,0.45337176501428456,0.5788703569793444,0.37775798387114856,0.982883435372967,0.4495726732029094,3.4912714058027063,0.980377296843493,0.216396326605304,3.962484820796326
16,325,0.46190122752805063,1.4881630084908366,0.24262153364997827,0.9618516741485494,0.3931649107738435,0.41814876203319085,3.215864094176527,0.9162698840741059,0.2032394326597783,3.5802817506602125
16,326,0.36439024210923976,1.254127852818507,0.750379215773898,0.4860365382258687,0.6356380126129103,0.6978148760167421,3.187610459417665,0.9274579419656449,0.3321685734929825,3.779002651283561
16,327,0.46303242466934735,1.3290579153900055,0.7785717429333698,0.6902342369059054,0.6404990658549414,0.6085485665033262,2.922024766677647,0.9055492552198986,0.3436105912101563,3.4523155346622376
16,328,0.4907016174793044,1.3245012581293452,0.6766118967632796,0.5990972808928393,0.4989928606261278,0.45918286586813517,3.1069009181102247,0.9418083660839336,0.2082092429551315,3.519366971810515
16,329,0.2790820864630308,1.0942459541980802,0.5467673559849188,0.5083900206010551,0.6576801750050394,0.35363481077424563,3.4004257551007546,0.9464316529776802,0.25194538189922216,3.7482604456196937
16,330,0.3927291184237979,1.2513359159584292,0.48090596225363447,0.5187963005404229,0.7184880464598692,0.2815706164899799,3.8829110169837806,0.9304885890828946,0.32975648763613624,4.136948035973212
16,331,0.512116940730617,1.0922654096323108,0.47083337314368867,0.6590232713904932,0.477330707368787,0.6936110866604335,3.6676687030966604,0.9515100785108016,0.20230325182853703,4.220616498481318
16,332,0.2922247173174224,1.0451594666243376,0.3942841175501666,0.391379508819545,0.6851619422943368,0.31404625096696354,3.271639038003697,0.9484646452820037,0.25841095125753427,3.615555324783684
16,333,0.3736388881648577,1.4397272662459344,0.5849153793001756,0.743189759924165,0.478276066410938,0.5228637207842268,2.9755653529631,0.9246101526653641,0.2457829231985722,3.3634232790959606
16,334,0.2935093116987272,1.1299461054330173,0.5737281809092172,0.6210181584317924,0.603887073255924,0.6030479102437992,3.631337086068448,0.9318165939749917,0.3016452792179539,4.140888098968456
16,335,0.5079704768597608,1.3148775274088058,0.5786680586620464,0.7147384343001952,0.42003600632098026,0.5048037697394785,3.3725875315301836,0.9436580750451261,0.18709348674702925,3.758764465566253
16,336,0.24607611434316184,1.1571992530257544,0.4395172325187602,0.8179241362629789,0.6123893686167202,0.5290715162498507,3.3974871730322294,0.9033555788179057,0.3149869882802842,3.882768762004715
16,337,0.632242550413796,1.1399926292209956,0.7618511849714417,0.4105744568367406,0.7860369902843979,0.6298351166623049,2.861483600039019,0.9199018073004914,0.3842396807850806,3.4348296389476913
16,338,0.5011718919173408,1.2933686945628828,0.6368608915612662,0.5010678992217035,0.45313322737656436,0.5598246310194283,3.2151113019927653,0.9494192459022672,0.1988188009076751,3.6472098094974563
16,339,0.4175233977255414,1.3144563677118613,0.585877082579342,0.815083592862179,0.4733395045843569,0.48386291005320814,3.1313090727223143,0.9290673922540472,0.2299818757770152,3.4366271464758746
16,340,0.3892742563165716,1.4996270119762316,0.21543880554839,0.7495061405551429,0.41211689808510577,0.4885722712583066,3.2678853680731246,0.9276300080554678,0.22161666995152354,3.6577654887569424
17,341,0.20120788859452976,1.2212952412631362,0.5693538048194491,0.3763988055260241,0.5548175357329854,0.6793219436518311,3.401767029127395,0.9383988141306263,0.2685668566036419,4.007177411669678
17,342,0.218671780143669,1.4622991163759906,0.4920903834670396,0.4886943546849108,0.5103706007743279,0.46354260283972887,3.5988037619084072,0.9253230057766233,0.2563899563952342,3.965516775939315
17,343,0.39020280089270787,1.493607438240062,0.3370309603330392,0.8449518857858195,0.48449892598957633,0.2615904126846431,3.1248248075670384,0.9150563093846437,0.23825271141564638,3.3597745598001665
17,344,0.2401432414689762,1.4400761173283458,0.1514741482963345,0.5394816860790265,0.500542437834374,0.32042315513447833,3.460340878376246,0.9290679835683241,0.2519174434975245,3.8177681312216754
17,345,0.27111787261455006,1.256390308189482,0.18980630759935674,0.5093064594018587,0.6207585745055257,0.2980945651171529,3.057736123114845,0.9306900138464164,0.28407250108689874,3.479065346302131
17,346,0.32234642498499144,1.1179150830514473,0.28366830564003026,0.5074663288059478,0.7006201037439301,0.44238482238714993,3.5468012054052633,0.9243798794316354,0.32125742578454763,4.011843719221958
17,347,0.32138376064330676,1.0336499181325691,0.34073293631160595,0.16716295524450722,0.7046210710401117,0.5935803192868023,3.2528251720542327,0.9448834866452612,0.3194765850760187,3.850174678424488
17,348,0.5115987850981397,1.2061689303137855,0.5517236076282426,0.6175630747869356,0.7638586770201984,0.3384182593969216,3.1609571571716497,0.9188800685079397,0.35213034596228526,3.4467381882811026
17,349,0.2210771671585593,1.4837577875018984,0.6434347380750858,0.8198382224866411,0.492313004185014,0.5817290108480238,3.0564897375946285,0.9019427414751162,0.2712478959235928,3.490493335913053
17,350,0.45642556503348425,1.4488334341067826,0.24559632199888387,0.6734653237867128,0.3894371057957261,0.6271736374838522,3.2135069273974857,0.9360677970935806,0.20167227536601517,3.7177410432267584
17,351,0.32829068247186066,1.1660001056436498,0.34254788006588904,0.5123793486501171,0.5987693233561067,0.6800201188335186,2.9454243150449844,0.9321632729137036,0.3065370536798537,3.58035354053357
17,352,0.4749971964419582,1.044988750037584,0.5630680808901641,0.7503705453436712,0.783741285722686,0.42563152298701173,3.100966733451386,0.9093794539641451,0.34758988337578284,3.48005785921193
17,353,0.18994180077887643,1.0260990603319997,0.15203305521311666,0.4987810190779946,0.6491148674307975,0.3896073759787837,3.440892795755447,0.9460478363216019,0.266224095817248,3.89205820099832
17,354,0.2481488826879837,1.2403490047645604,0.8184836637125106,0.6113080579401207,0.5709607473639468,0.5056869821286314,3.4401480678560636,0.9378869510612666,0.2504517783656547,3.849164502431475
17,355,0.32995834856253403,0.9917635226958296,0.39866373877110145,0.3517478564516913,0.7593513030111241,0.5217589207048835,3.1003778626338505,0.9359107123174597,0.3138147280132421,3.694313320222726
17,356,0.44411067188463604,1.4052057436189733,0.46069991026208224,0.871391145049721,0.6469126895638174,0.4373795377132703,3.353101238434186,0.8697382927426478,0.3699376019650545,3.727224610260341
17,357,0.1720954479417235,1.499518455171498,0.8923703277044321,0.8435938411113779,0.5103871281262484,0.6223286827540445,3.3127906681924593,0.9063339289289614,0.2851528914927485,3.7641101988630736
17,358,0.1958313617213237,1.328669319166762,0.2958620282374681,0.6789838767885941,0.6182641043540567,0.2356539785831994,3.643119001880863,0.9184477870362266,0.29573404103285184,3.8784935155209697
17,359,0.48565840855492415,1.1105989569533903,0.8811041684508399,0.3493346385906378,0.7884779661478855,0.5781928791144312,3.501839459903792,0.937782655473718,0.3602498311389124,4.033965017282461
17,360,0.5063385554004508,1.233040298046552,0.7294856829232886,0.6066689884590033,0.7662231312330519,0.4288068433990402,3.6558271792898247,0.9131683470771568,0.3772430168780271,3.991697674385372
18,361,0.17536564262757956,1.3983706690645374,0.47928510349815784,0.6068234593284585,0.4993290831344416,0.6301245040481085,3.533107004181851,0.9177569063065583,0.2707145488402901,4.0349134463780745
18,362,0.372206575880161,1.1939200905192977,0.4247067168866444,0.5399646630837868,0.7427936301412641,0.3011134863108035,3.4116361853702344,0.9210301545967006,0.33393860708555023,3.7430089102564246
18,363,0.2031944632264023,1.3514897589701067,0.28551380628316697,0.808814907917213,0.5432721124519805,0.49039563572039147,3.5658408788630442,0.9039096394438755,0.29743526934039377,3.981229517336575
18,364,0.21721617795739567,1.0324065782954213,0.3572856758975565,0.6561463337038987,0.6601417593225332,0.3338696218395364,3.592420341715817,0.9420056880109549,0.26077725129985874,3.9424925240310813
18,365,0.24372463419875356,1.2758032378909812,0.3995038792972474,0.4787515950032303,0.5349818396945261,0.6986808872827743,2.932375914563589,0.9310679991057871,0.26742099838778843,3.594646833931052
18,366,0.3697180020818667,1.3726698992263948,0.5343061289304025,0.5831478770802692,0.46708323010222463,0.6580709029920702,3.1412369580241677,0.9320633024587182,0.22974941630187246,3.6402426173974534
18,367,0.2303910559087996,1.4251342002246765,0.6489893431137264,0.48351488728347014,0.5655843514742551,0.4519944243957898,3.2426928409867295,0.9293888196302547,0.2708465757702719,3.590260539372815
18,368,0.3307978767141018,1.4818514323227638,0.6386246644009013,0.625786865987247,0.6037281291828769,0.48565839423185186,3.346931394470631,0.9150040032273349,0.3232193493970779,3.7243935859068698
18,369,0.28605460418684603,1.392496018769037,0.5360548986917801,0.7237048091610787,0.5382341060508546,0.6996283279176981,3.1507034385517003,0.9053720933892888,0.3139735481517806,3.722416052770659
18,370,0.14273333621235698,1.4929286110925535,0.7100050826836984,0.9985685683641956,0.468281352215434,0.6904123236655269,3.2472782640456126,0.8912417407184436,0.27506924794219145,3.6907569746975115
18,371,0.2694399233319543,1.2208192984275057,0.787741643623615,0.6481200115626076,0.5463699098500103,0.651206050699175,3.5386716903526496,0.9394026039316982,0.2566013181998882,4.099262057567568
18,372,0.21921451817391635,1.4623555060526456,0.6391779232432417,0.39193376173677236,0.520599892380185,0.6946132335452877,3.5332746403161615,0.9260916335695594,0.2874649386673314,4.078866062222973
18,373,0.2190621550252069,1.201033945572201,0.0006560243018132691,0.9258989845983538,0.5010021976414113,0.6011926567787141,2.930437952163307,0.8909248994072285,0.2808662889688264,3.4476149588025975
18,374,0.4284483562727274,1.4578438457477205,0.4075614772282595,0.8043669262227924,0.4479462887929737,0.3932861249097833,3.9736432027389625,0.9336334783073083,0.22213269760045903,4.2595021385455025
18,375,0.23793812232465392,1.3776450268948306,0.37233978098898257,0.6388370598707385,0.5270023762504872,0.4112706483495156,3.382348468190063,0.9228573784286109,0.2551160583177205,3.751736349574847
18,376,0.35115731120752486,1.0303546912433228,0.18661460511572972,0.42678160233238244,0.6711010056014608,0.6944565136263854,3.2226200465081556,0.9319254036416613,0.33371419559200477,3.9124605391249654
18,377,0.3501412331486292,1.3986578865651649,0.44618322928435894,0.8960950937000316,0.4483322297387534,0.6615561023222872,2.9777826864867007,0.9092680377185248,0.24105410527311077,3.4487267954860017
18,378,0.584610614051364,1.2235772013825859,0.7258491542003822,0.9910355050451954,0.3957578628267795,0.6709264501331131,3.170859067227666,0.9417966778173585,0.1767754984493756,3.5970989743766095
18,379,0.35761840501702286,1.0860415879242735,0.5641678324140745,0.5037830816197307,0.5232956100806914,0.6407802451157936,3.297455496628091,0.9501577313528804,0.22273752640544311,3.8721958934006566
18,380,0.24402664356047493,0.8407947105616481,0.7272817355116475,0.38573645963974296,0.7045400994477494,0.6989380430242966,3.4051700149115427,0.9617698521035966,0.2658594998020545,4.024673782026395
19,381,0.6321136611211325,1.3480628804780477,0.20990711141114718,0.9844568800492379,0.33828346369627793,0.34162460778235887,3.4354167389890797,0.9393913535120408,0.15205267772377865,3.7494617930024257
19,382,0.20431602322162373,1.3357765096195768,0.48139813827186256,0.8234296297440604,0.5017887429953273,0.5104913711551265,3.660425539547269,0.9195803713768642,0.26333010430668546,4.034797916177882
19,383,0.3945453669041216,1.4006335505017706,0.18966097453818964,0.6653023022785303,0.4586884449113704,0.3701395829758978,3.216868043806305,0.9211677909600425,0.22180020895764035,3.6039614815150047
19,384,0.5118500652830669,1.3753658800403574,0.8273744156219163,0.8497658225552241,0.6176367711981362,0.6939747710280856,3.305056750598129,0.8769642378067891,0.39353039456606254,3.8306155584319095
19,385,0.20659695155578078,1.2517050711564655,0.5893956157293929,0.5722672209029149,0.6239174758336091,0.4830268118001572,3.4458875340358466,0.9284766714376651,0.2927927520898663,3.842731957892994
19,386,0.39217686088921033,0.9132382674197167,0.5739055443350509,0.41064870512933227,0.7640403914318802,0.6742194785115727,2.8484710983995214,0.9528171867075887,0.3102501172108486,3.4821212486437974
19,387,0.4684841517471244,1.4879621106461858,0.5520711047619268,0.8281180029151191,0.4082988630150455,0.6922477045597221,2.9132482829981017,0.9162251049751623,0.21924747499643066,3.328647134257358
19,388,0.2873853833144887,1.4791698598602192,0.3368005324315635,0.9996307645256,0.4313893954063541,0.37532516499037893,3.6022973580929545,0.8990985550439812,0.2236684945209389,3.8960431835414453
19,389,0.28915099950149536,1.2287041036477018,0.20692124907404336,0.9963774278628146,0.4564665807891126,0.5240898327973135,3.371038754793882,0.920028120242808,0.23872585947039812,3.7701109299797664
19,390,0.4958600253219534,1.259028926531453,0.54520197106523,0.4874804631633304,0.6255695323481804,0.6119746888121429,3.8056117867384276,0.9183034305994818,0.35002595912743295,4.310412308416754
19,391,0.2511307302917268,0.9573663332538105,0.6851067006828174,0.5360972733758251,0.7221647042311735,0.48293053817589593,3.1747366972588056,0.9478713486031337,0.2717858410937773,3.584062339103526
19,392,0.15742733730352285,1.3424450841846152,0.6918698197539792,0.8299250127010058,0.5801196560266219,0.41454050099417794,3.482152030243064,0.9237842461705149,0.2767757689815775,3.785940111290972
19,393,0.4453025733942074,1.3314380261961405,0.5856164614124287,0.9984435808554547,0.4423357032056716,0.4672061827349939,3.252170625275526,0.9237265817958757,0.21165807349257118,3.561573176591506
19,394,0.2765677355640996,1.0386967073006446,0.3336788639041888,0.42676285206346537,0.6619716480292441,0.6111154873065987,3.030398592291891,0.9395778215317246,0.2974222388512223,3.688364050474869
19,395,0.20169781400935233,1.452921112744081,0.1268055987444904,0.8411862365412761,0.470019121631181,0.4061079032096625,3.4522586551407355,0.9064870495432686,0.25519116710644235,3.814003390089244
19,396,0.30488233815945665,1.1889568744068026,0.6704972966611576,0.49587836691596293,0.6530999529153232,0.6581439854830105,3.229892188637918,0.9334992025487991,0.3189767062009702,3.853289927945147
19,397,0.3145764534570825,1.4942779915698627,0.49855664667168015,0.9656462627015374,0.4074687016489368,0.584245330105183,3.633717602327861,0.9157806618088102,0.2296668482462521,4.007267261828622
19,398,0.23636297495733058,1.0005575646560871,0.39472720504395753,0.7938244957388354,0.6693375319129113,0.45282341780147634,3.669715446849588,0.9321117455278365,0.29060586503020136,4.072727213245645
19,399,0.31659863323153214,1.4516861092703026,0.3892084305353608,0.9732774846221266,0.4303730935873482,0.678585878530824,2.995205979220449,0.898696311629142,0.24951438648293123,3.4097608483744097
19,400,0.32689345905948536,1.2788724600465842,0.5299992877849934,0.4963074029217746,0.6006609653413056,0.3829288349955723,4.303677373953012,0.944173280443039,0.2766550321229509,4.564649077731573
20,401,0.2369780859562814,1.1488925569654562,0.46895658987414324,0.9582641294555205,0.5741954980186639,0.50543728164977,3.6934453177402555,0.915450914224629,0.29436102491724375,4.101291953934722
20,402,0.28197944016865056,1.3405739904523681,0.6521878149203244,0.9982032205173963,0.574780544643598,0.4246446837550352,3.8617329901110997,0.8841517947259423,0.3158423972752475,4.1221529109427735
20,403,0.30668696848251314,1.1276331124654075,0.3707373229537427,0.8039384870529787,0.6683012029545239,0.44086039916896685,3.566389791091608,0.9133891354078324,0.32484239396081,3.9525199122756134
20,404,0.19011925941991453,1.2191163182693487,0.2595162877343863,0.4896134759817906,0.5927599395643213,0.4171181371374547,3.6645984435202177,0.9328507118467307,0.2802370317236867,4.035443573958683
20,405,0.36453743251442794,1.3410714211163992,0.6159127024359805,0.8922779355226368,0.5138314762600487,0.3266171888077055,3.8114247289997336,0.9345840464601437,0.22575043425870703,4.057210267327413
20,406,0.1662671689491954,1.2871931580209748,0.4419488056508662,0.6554657035460273,0.6098012774149235,0.3032319083847267,3.7379040160449324,0.9293713647522491,0.2755414230706376,4.012409238612274
20,407,0.3312502280451629,1.4522734886586186,0.3286430174186835,0.9963213979160361,0.42851533837962297,0.4700731715249337,3.3408667397597913,0.9116930349028246,0.22827961819619103,3.713972985010949
20,408,0.34932275979304794,1.0402904403921889,0.5830795039187546,0.8243040737693411,0.6035493328662674,0.32691739340508097,3.6555523601119853,0.9424280773691998,0.22460925671298554,3.9446249646846296
20,409,0.2018055731318015,0.9372627094065284,0.3287877841789979,0.3823980495747755,0.7136914873037102,0.5240815155547262,3.2534610844364336,0.9469913033573227,0.2836447086337087,3.8202932208812315
20,410,0.4596432977477094,1.1384917463506001,0.266087940368475,0.783422667555345,0.6645725849621568,0.0306276365957585,3.7700113449480255,0.9204290218597169,0.30011656015431776,2.9227000220320343
20,411,0.355124311625046,1.4170647486312222,0.7208337791499655,0.9833545549849324,0.4771427901997627,0.4113033579166306,3.3525223485085633,0.9166706857569705,0.2326880808941421,3.5824927260563895
20,412,0.4246182342137828,1.479854996617355,0.2832661895982431,0.8978634752875501,0.4395698396545744,0.14746303105656564,3.6246555296118466,0.9225669495591562,0.2079564544943379,3.6888008015874063
20,413,0.22163402692711776,1.1343624559557524,0.47821018684082156,0.8580327970250572,0.5214767313464745,0.6993023011705448,3.545599424223186,0.9223338075507133,0.2649685238283379,4.112248444805324
20,414,0.23316194695289805,1.0659515688516996,0.5844522770522136,0.6083338421497271,0.6784805600913326,0.40812257330539226,3.3066689155430335,0.9407652970992958,0.26863243985942914,3.6647408879307535
20,415,0.204225995488862,1.1263606964000936,0.24801729501358305,0.9951632067618995,0.557600897308858,0.39601027378286097,3.4747443661134056,0.9240956074153305,0.25769088010198027,3.852541048107999
20,416,0.22296444525641962,1.327575235072045,0.5803820534648134,0.6815916416760547,0.5931676930507095,0.47632515547493526,3.2334097331782115,0.9190759291268366,0.2864625859798955,3.6450734742426407
20,417,0.12562242282056982,1.3373550886046894,0.4292541131698395,0.9915149656327331,0.539148990378002,0.3759384975897824,3.510669512136536,0.8939998806942275,0.27771983001440426,3.7816005906513652
20,418,0.5367234644120681,1.4283379685472377,0.7002163725925797,0.9996035879123557,0.39069317661272296,0.47023672623669527,3.3369170126200043,0.9320432742100888,0.18247790297731076,3.656763341723574
20,419,0.30460624322602364,1.4094136802762418,0.979159356680465,0.9875625996653159,0.465691712108961,0.5279021320873335,3.592087289480669,0.9273866506150824,0.2310015668771935,3.9321525056327333
20,420,0.16574150297461726,1.2239725723458896,0.4246069638888388,0.633222095258323,0.5683132213226763,0.5200084063394436,3.320461792872277,0.9260600249122813,0.27210973687552326,3.8083129012609263
21,421,0.22220057522089232,1.153723854651104,0.39220692721644174,0.8300805085197014,0.5771875317650447,0.39789427175497627,3.5175866119390538,0.9337347730180119,0.2572250152902303,3.834921926670296
21,422,0.21078346000591547,0.9713150840875844,0.5936775211191999,0.5098264341248756,0.737501460406664,0.35675594268465316,3.4993180818883527,0.9494562322378538,0.26502994930948665,3.843954609393085
21,423,0.33910045016006346,1.4534857823199072,0.49442811791489716,0.783134204379477,0.455751946042968,0.42876173512861937,3.6913252776403525,0.935322160868925,0.22720354906327556,3.9751744312546577
21,424,0.2177860125449473,1.0207644924552408,0.21618931940193295,0.6990317408598119,0.6809370389884557,0.378698133382101,3.2577626503456796,0.9284967479837307,0.28523792245759794,3.692706885191858
21,425,0.2126251009904985,1.1355383732914073,0.267304020548537,0.8132301446485588,0.5877830895976722,0.5084383899932907,3.2562767359275258,0.9204001975560306,0.28839939028120454,3.7189334199516786
21,426,0.25086781942807784,1.035520717950093,0.3462256410885785,0.7535042168130324,0.7011624320146126,0.3085842353608482,3.7835805199512262,0.933177196332165,0.29278905149726475,4.093339808126294
21,427,0.25390755645999596,1.0910183157626572,0.16669683035085753,0.7105876721589214,0.6167222740847736,0.29638452368869134,3.3031065939639346,0.9251902794349682,0.2582865026576004,3.655928990470837
21,428,0.3028781904292424,1.0907670718565015,0.2252725291080452,0.6781154426230922,0.5858548813440347,0.31569091929683346,3.4859580314224923,0.9448670670705411,0.2346239101378002,3.892511235090571
21,429,0.15841134266574255,1.0433571737226115,0.17262573676398194,0.6306118667166117,0.6669688362433391,0.32427479096487244,3.4548450877295007,0.939912063127131,0.2749205217787384,3.862998382026606
21,430,0.34949729215543424,0.9719547677456001,0.11349033527315791,0.8292069320696294,0.5982613992813155,0.3564764644651086,3.2424016087159684,0.9352480136364048,0.23662921654466604,3.6370487497052557
21,431,0.37177544652480254,1.4868255073205294,0.6384091607909393,0.9375703910895761,0.45096402934748814,0.3985897569663269,3.8134229994895485,0.9324089080382623,0.22340153309226424,4.0625880768205915
21,432,0.1795585292362979,1.2073152315507238,0.2642531074557969,0.7532618015271425,0.6185326090277627,0.2651930128198623,3.75537450873953,0.9286791584625022,0.2815207382157596,3.9960382478617484
21,433,0.22449159010592273,1.0263085010215753,0.6185958808411869,0.5378231326882366,0.6500177481042503,0.6994272239057595,3.1154386330204336,0.9405456231541478,0.2880238402248261,3.7631283306991747
21,434,0.23991978783509138,1.1173412203334487,0.21140299851083905,0.8739105370581111,0.6086240538975419,0.22278515756103134,3.4435913624603067,0.9249205555049327,0.2587028708375107,3.7032293146198954
21,435,0.18135747295105775,1.4141750354110638,0.3778553990641268,0.9537432091770617,0.496132813978446,0.43558906949686127,3.3780248680075644,0.8953790702819949,0.26497152856431894,3.7024740845456763
21,436,0.2824487369899688,1.487921110060573,0.26804994824923395,0.9701688305950376,0.4439201742720844,0.4305446851473188,3.3729571471663604,0.9087427631245806,0.24096590141512114,3.7110028146080993
21,437,0.21804135447648149,1.3500895158042605,0.2533723048394071,0.6862639984520906,0.544913816929446,0.3256888311859462,3.3882853643189286,0.9229049111998895,0.26274230307370805,3.721851506762211
21,438,0.17768486214347243,1.0995891276763767,0.018922185938321956,0.679394983518632,0.5970956815923414,0.35029641129083694,3.501916573935864,0.9321550778047507,0.2662373334937992,3.912401163170397
21,439,0.19582372601438455,1.154703973209478,0.017579091836413863,0.5762967868762765,0.6438659651115376,0.23059494278894746,3.523631729584758,0.92725194660028,0.2925522846407971,3.875463020583351
21,440,0.16775890034496307,1.4855206563549967,0.5338118723723416,0.7544556148231891,0.4852113543713721,0.591279622208379,3.2984014041700718,0.9072486983832709,0.26926492940087715,3.7512338830445358
22,441,0.20528594826007984,1.0185109364856213,0.12146734711915266,0.5284743417518616,0.6680551711172764,0.2530531246467862,3.4931647345015406,0.9410152701427817,0.26415880796782926,3.837550394306298
22,442,0.1764368803601178,1.1928676799951379,0.22922571479241355,0.7298917185419126,0.5320575213766384,0.5266230343655022,3.506166123427697,0.9208768795644984,0.2682359457381263,3.989303406200926
22,443,0.182493839158478,1.3605398927463364,0.00014075408350281546,0.8362429046269645,0.5526462389484575,0.2864652529321747,3.577395480129515,0.8965112268424067,0.2985018391341049,3.8652604992166126
22,444,0.20434492195992235,1.466156001289595,0.20477260683880746,0.7669073561627073,0.4786123928077012,0.36744797792635336,3.5859540181256477,0.9125762767266667,0.2519089562031195,3.907082892359541
22,445,0.18912251212850392,1.2707272245881085,0.4639022074349256,0.7018812441928476,0.6051183748486061,0.3996684768127713,3.4947446583955672,0.9245262323599622,0.28709477054002513,3.8116254043025535
22,446,0.2730387469956622,1.0538294736626137,0.3977633770996004,0.7276422940393575,0.6684506860189827,0.5089340613075805,3.261866416679105,0.9292707167178603,0.3045194630978897,3.7532517749742498
22,447,0.2142524197485673,1.2049206480328445,0.5458268481947718,0.7248958669698828,0.5767739256902332,0.5580811061922131,3.145254216099855,0.9261305494867287,0.28125250077025665,3.6390093460904063
22,448,0.20229655148106732,1.0285823830721899,0.6158941965621988,0.7329578094314061,0.6835623149836906,0.4417010608880891,3.321483976949464,0.9374144560873441,0.2724281601035937,3.715444877438268
22,449,0.12978109574924743,1.3439667682985734,0.39791097449940743,0.8140934138811595,0.5531305261752706,0.43554538962060396,3.5108579961718993,0.9059328736446796,0.2818210335312582,3.879938910295292
22,450,0.20094518359652125,1.383365625945103,0.4580259863315413,0.9831045398973257,0.5340048822784508,0.4423949361315966,3.3516544384119715,0.896411442940155,0.2892318008054548,3.6622008915908046
22,451,0.1554060816149875,1.0691335982775438,0.2467694141996129,0.867801649425083,0.6565733889898694,0.24659136213984514,3.4502113761764397,0.9160484018718849,0.27723554446937754,3.7635497096964947
22,452,0.19774069090561758,1.1554625907508926,0.10313202128193237,0.5759907684876782,0.5893547420314601,0.4996849543122434,3.2657396589697645,0.9243602277758528,0.28572104030946066,3.757909768355291
22,453,0.33907792899321176,1.4975656009802103,0.6645846385722555,0.8301591305251772,0.4401655401298805,0.6341859970655811,3.2684067563335155,0.9252850757484348,0.23182284577280265,3.698082799138194
22,454,0.14473775792692126,1.405205144080873,0.35557495545702406,0.9447282763384497,0.5121215808029376,0.36823369414856544,3.54480334304059,0.8952906625606453,0.2667952620062895,3.818890816891328
22,455,0.23679563320647673,1.2530667232981836,0.2957972010228219,0.9190477667184126,0.6125798497350391,0.27547670722918666,3.425771090488972,0.9044190700878157,0.2965342938983051,3.663672537434967
22,456,0.28316826767626535,1.1302941630567829,0.12401509849285693,0.49265870280424195,0.7103785437627349,0.18193113193648638,3.4755276783955997,0.9317565689730337,0.30957757244047324,3.7969700446828734
22,457,0.32228559655511757,1.2055869922994966,0.26369062309977764,0.5586952126320297,0.6235267342153995,0.5503435680287374,3.3499663824381227,0.9188012550621387,0.3295872361572988,3.865387879669604
22,458,0.17488294428585066,1.096920905383338,0.21330627388553808,0.6817560845780077,0.676348125463956,0.2579853667003354,3.555653572067142,0.9268866531313739,0.28715740711728316,3.9068447539573627
22,459,0.15004472134410196,1.20106899426918,0.35634835648688734,0.9465706242227689,0.5312613070784675,0.5415722447335967,3.4639196226573525,0.9113616863000058,0.28536434963594604,3.909182455987451
22,460,0.19309246181740666,1.1173214600757595,0.4920646465083115,0.48315834881027486,0.6735476126356167,0.38510647716398794,3.387185193892943,0.9396116737975205,0.2720201655197841,3.767467707707545
23,461,0.23866332683310526,1.287773710519082,0.4057004655860241,0.8316721686769872,0.5408930956045099,0.571188166192649,3.5250788863188003,0.9100102228384952,0.30385534682265264,3.999777118459434
23,462,0.1933425813577466,1.3795450803434317,0.42081223664736306,0.9396316975002558,0.520152145329955,0.3741949115020485,3.4961210044746815,0.9086976159916691,0.26024977786831865,3.7856781603567433
23,463,0.17633428848811217,1.45095430336536,0.5884013688511638,0.8317071075783037,0.5336470265811073,0.46741330399081055,3.7130811149861067,0.9061760484446036,0.28474262261803174,4.04492839262911
23,464,0.15833709483864986,1.2881025363721443,0.3023304748048473,0.863143858202766,0.5856424944454329,0.31303538915024326,3.588807972578971,0.9082374013426877,0.28678282246528136,3.849703023692984
23,465,0.22252767491548076,1.2761317284479812,0.4016084570350239,0.7926275198598492,0.541760615949403,0.45317921410031703,3.750553147992834,0.9284797720042011,0.26610713965841626,4.102595093935255
23,466,0.3844583586399649,1.474319868081393,0.5362765808101383,0.9980802518575004,0.42079080381696843,0.4281877633112339,3.7560920114857854,0.9192204137026234,0.21387365221524438,4.040214942444774
23,467,0.1772158178892981,1.2740615859958893,0.3604417048803594,0.9114008501326778,0.5613543156343647,0.433192549717987,3.6729821467459067,0.9011422261196582,0.2893636550271612,4.007090231462854
23,468,0.24375533318682424,1.3399401046029895,0.5632477307413912,0.9333482268397567,0.5511100980439358,0.5141747863560575,3.4190244680016737,0.8960420785484535,0.3110604125755402,3.8016806942421106
23,469,0.2375687256963464,1.3062958608581208,0.4782678459653583,0.9991521175221966,0.5409315577679739,0.5141682378984566,3.4690123832458344,0.8868154966316502,0.31555761021905454,3.8453733174854414
23,470,0.1439663780302476,1.2342380142297198,0.19115124143421905,0.9160361895256749,0.5582512668503596,0.3181700832817055,3.583341449691857,0.9138229363529577,0.2684760240975157,3.8997874328849194
23,471,0.3813825410854368,1.0174159899630242,0.5016210645452177,0.8578075032414223,0.5879236098309509,0.6625069364176918,3.810120331568287,0.9278732546720162,0.312990908403146,4.34167803972614
23,472,0.24296346723728138,1.0666209981500598,0.27304194054846626,0.8528142571699611,0.7049854337360748,0.16791973085885972,3.5188533599490848,0.9105793654738743,0.2981618785767078,3.6918790108444313
23,473,0.15636462733168482,1.226791776526646,0.6534232381708052,0.8926848922603243,0.6248556754122818,0.3242167171809874,3.554061621254438,0.9255369809631547,0.2750709529204348,3.800564516303138
23,474,0.19803267562112778,1.330420499364304,0.35657110992662533,0.9836117993142668,0.5029305631070662,0.4459731004831281,3.4087344799617263,0.9067766923667533,0.2611062775930677,3.7462144798615746
23,475,0.2139311426377776,1.4543835949368566,0.2211621256152668,0.9979761187511654,0.45134239113254804,0.4126842650130972,3.5352444620457892,0.9037138465587979,0.24918489249109946,3.837925604609791
23,476,0.27423077425371495,1.4883968554889577,0.36427714611815,0.9999885062647905,0.42564762722207083,0.46447067263630853,3.5347578943154137,0.9092284088620273,0.23278788172688847,3.8606536618518574
23,477,0.25076574273579866,1.3440367887249636,0.4311780830517574,0.8920691827412529,0.529504964521452,0.5435837686716416,3.6490319386851287,0.897252432231072,0.30544294096038305,4.085096642010705
23,478,0.1653416579319785,1.3502444915136147,0.29845817371041855,0.9934999627495908,0.552344478320477,0.36942609044964436,3.580961474279136,0.9019310984583713,0.29354291064843957,3.887831623991724
23,479,0.16429768050420904,1.3202920784789873,0.4305201715113263,0.9457342259446613,0.5488464591829915,0.4001028306567605,3.501237667625234,0.897742680052021,0.2854905719359782,3.75842253067781
23,480,0.19883229501749555,1.1824662534166537,0.14359995591386326,0.6169341700678188,0.5566844583308045,0.48800557582461296,3.609925434235572,0.927620220329685,0.269324924753187,4.05981883750639
24,481,0.19147775094895966,1.1723849184139672,0.459366255678504,0.9959062906054632,0.6366174477606682,0.22416704788389227,3.8814932426684505,0.9019631145447086,0.2940242763152294,3.9929744160079466
24,482,0.15300249172202154,1.2908168891918992,0.0033926937042274346,0.9952338468820596,0.5449813485190914,0.2679645996401713,3.589836195788319,0.8981759705704544,0.28832602074617153,3.844446988638411
24,483,0.15638168143007594,1.281785044877194,0.27968926555107043,0.9089250370625314,0.5452226316358016,0.37510692533405543,3.462575151864572,0.9054085462367901,0.2688432904557223,3.792732145977683
24,484,0.14499163284244157,1.3198726379981238,0.44141668568317555,0.9938853992265175,0.554190547304295,0.3154994611092871,3.59547321097644,0.9112554185202064,0.2725205481493754,3.8129775488574493
24,485,0.14334062997670632,1.2836163655832022,0.5284768613826314,0.9956304009205716,0.5775688816372733,0.3483482786512326,3.69107092394469,0.9065774950305829,0.2811234026559236,3.9656266175694506
24,486,0.28119075471258315,1.2525945193255756,0.3603867963081021,0.7735632355842202,0.5467125169801329,0.3103182165633839,3.5475105038604413,0.9348553797531158,0.24125363854704523,3.8358733294836
24,487,0.31935499822500374,1.3733266588463298,0.41377209214300226,0.8244942498562835,0.49296030167465765,0.34820762019108636,3.7112802323529954,0.9276720213130879,0.23153948616861678,3.99580132343171
24,488,0.1331761345431328,1.2988357492353515,0.3048465583353742,0.9878976949099318,0.5585790406527589,0.3174449103132939,3.6670097231783627,0.9021952894513156,0.282130264261846,3.9326693227594154
24,489,0.16774594125125408,1.2293933388973652,0.34746024510348245,0.7925300640789452,0.5867092065489257,0.33116133006953985,3.667918634188348,0.9259136762838697,0.26974153700453957,3.9527818842899607
24,490,0.15588237054132964,1.112677411472263,0.3849378560004508,0.5793033374665807,0.6336467517765451,0.47871176348267264,3.387947935497401,0.9349320759657849,0.27385375496018166,3.8642361623801404
24,491,0.1710183097084826,1.1914757482324732,0.08264784942009543,0.88143425647201,0.6129952090353658,0.21669320000990283,3.5902235614418374,0.9085679632873733,0.29212735408743307,3.877290188925225
24,492,0.15908004593691707,1.4986751421278879,0.5639480749205251,0.956971162435946,0.4667719447478851,0.4951330682551191,3.6860240826280712,0.9110856041962283,0.2689587849934405,3.978436313225828
24,493,0.29773630106495136,1.3595980408519905,0.2560419362909392,0.7498616537933817,0.5138602003631185,0.2270685321872261,3.8114327617469774,0.9297554349207451,0.2394353947427253,4.013116137555173
24,494,0.18404408206766953,1.3486600639192416,0.3911735207384538,0.9637218384849862,0.5661223622325864,0.3577854778117964,3.6926940655306466,0.8940623289152148,0.297329041657324,3.9549489561865094
24,495,0.19903229364254976,1.3291349247138808,0.5802327717003113,0.7857285954235127,0.5803958968921453,0.36518281452382734,3.4530197807748984,0.9264411273084395,0.26803440242293874,3.7380049308416274
24,496,0.13465071573364448,1.2794356398027875,0.4392732751446089,0.9728548690704582,0.5808110195180959,0.25162520171147235,3.7639196400769928,0.9026802288491933,0.2713824158964612,3.9574429276093985
24,497,0.22900417235643297,1.0967933928516342,0.3052124140306929,0.9728839239328412,0.5992579818912878,0.2510457607736383,3.898766070478755,0.9227521120160324,0.2613634128025422,4.088103173530241
24,498,0.1529750227552375,1.2615042285750837,0.5147735999426434,0.8764613014743432,0.5963719609599094,0.3962853690366816,3.5953874258706273,0.912892666036889,0.2849923608249173,3.9185650815620434
24,499,0.15191451867523265,1.2481335377794152,0.45531373313976997,0.8522314872995871,0.6119874765976486,0.2608290588940123,3.5893758328916316,0.917989733736911,0.2729388912005824,3.812113170878989
24,500,0.20209247269311398,1.4436863160012794,0.42612421954794755,0.811537984702747,0.5152540589022527,0.3653505337976665,3.5941547381408734,0.9200807413963593,0.25560031875105427,3.9147357520367407
25,501,0.1769489909517749,1.352834906038982,0.31143998490991437,0.969506665884016,0.49908293608659504,0.408908788134407,3.6386512249472496,0.9054410357655052,0.2598878841830975,3.946865414275109
25,502,0.25761856268141053,1.4764403359061147,0.23215243531859406,0.8686136275964111,0.4646125295923924,0.3516411057816347,3.575140038336019,0.9272556700002822,0.24695474687237134,3.811127632928666
25,503,0.20505662738828706,1.2490567395151817,0.4542196831354969,0.9815520612645517,0.6479713476618109,0.15465621161660695,3.727466526587374,0.8822212895014833,0.3041764362562286,3.7895887094046103
25,504,0.1732741521823965,1.2387114313119514,0.11828751645946367,0.999973960396539,0.5824722362185117,0.11018007093050508,3.7578578140403125,0.8798297755637806,0.2872857197665916,3.66371370591614
25,505,0.1787939432346361,1.073308502818605,0.16145481161376257,0.7875845314219149,0.6531997295872888,0.27113872098129327,3.610112721676718,0.9336796053067985,0.2850534243086331,3.86651859117665
25,506,0.15081528288447899,1.0260927070714316,0.18203058519072815,0.7698188933423203,0.6390836382000634,0.40057220763739687,3.5202616665488375,0.9281753849953894,0.2795503363303168,3.9143263136940476
25,507,0.19891463138981474,1.0392143906279296,0.20557457721497477,0.7588542212753595,0.6616346944452475,0.2496618321207968,3.450723254864923,0.9344790279167692,0.2656970607002372,3.809610411542208
25,508,0.11914641182381325,1.3238727250783422,0.4718314272147775,0.993875405816868,0.5725399572805902,0.29273927289114976,3.6880037761533813,0.9030301063526132,0.2780350457868229,3.9318496871337287
25,509,0.2861096477754256,1.306506562149808,0.568457126177522,0.9406719952135472,0.629530206317472,0.37552755612920447,3.5504128683003437,0.8880140179424865,0.3264443068160094,3.815653982216696
25,510,0.17676844185970678,1.0112041791397324,0.047282306068996326,0.8138565273637702,0.6369192420281216,0.2940254264093389,3.6427189852180297,0.9312563261248608,0.27128018788912894,3.984232326498178
25,511,0.21216718197764706,1.3512021466715578,0.21587192497222282,0.9935805638562322,0.5625023731371324,0.27067357338593856,3.8394060715432623,0.8889378514648174,0.29851534652829825,4.072039910614956
25,512,0.0929570408778118,1.3936690609472622,0.1337200685687697,0.9789026198729708,0.5139514688237956,0.259479968324551,3.7186925584092436,0.8802241722705292,0.2731788206313438,3.9271313992240593
25,513,0.19202038811842034,1.2914831248845413,0.48630478219235596,0.92576111474718,0.5574189216487988,0.33224664150700184,3.7599486122198837,0.9111562969493269,0.2621191817035588,4.0098641833592685
25,514,0.14439073350635512,1.391900468701726,0.05235472130626997,0.8901326764484316,0.5060398732429714,0.3411417901742682,3.3974847657962823,0.8944615379872672,0.27209626192006087,3.741532554484973
25,515,0.22489528437169068,1.334835911235095,0.5796933220677937,0.9999972815960175,0.52942117860257,0.31380972831964415,3.6787051879140527,0.907887112104766,0.2446485805460436,3.906950288296919
25,516,0.18583418165833138,1.266997403407032,0.08721780284030008,0.854414887142851,0.5988073580132574,0.20931122251312922,3.6843913705514075,0.9026989838521615,0.29605316045121083,3.9388911535744784
25,517,0.16346753870464528,1.2765381491794352,0.2845896367902927,0.7340587978424502,0.5817282880682529,0.40454850884652266,3.3953379267743484,0.9136761790307011,0.2821309377334728,3.7899485649161972
25,518,0.17798312121063722,1.209505360930886,0.39373393106478566,0.89283748581467,0.5729742700384663,0.3914431409468711,3.63749539932255,0.9189326715987283,0.2666761811826396,3.982557080373602
25,519,0.126846123804949,1.3049139674732018,0.06551848440242773,0.9506343159011665,0.5366054798272565,0.21290463967367254,3.632195400618915,0.8967307959886067,0.2708305990123918,3.838464685712444
25,520,0.11087385738971263,1.401448762944013,0.670588776774166,0.9998853960118051,0.5485282725737737,0.37419616667179667,3.7134470723879978,0.892453015395868,0.27629251227676765,3.974463085677526
26,521,0.26677279987621183,1.48123792756944,0.352966350187527,0.804645150590126,0.46367633896411875,0.39951715360267875,3.659193528652196,0.9278226932125657,0.2418852330797448,3.9363106619941988
26,522,0.18801465349807317,1.2658283002226387,0.08356889833801211,0.8352609185203675,0.5966040008229274,0.17161169605844,3.551394628373914,0.905399893831096,0.2889654782372111,3.7514769911847012
26,523,0.16711719333822103,1.2442590628543069,0.2000709948503702,0.956996981401011,0.5515610020877032,0.24086836886386803,3.692676143195638,0.9104073110134326,0.26097787256325145,3.8856246102364715
26,524,0.21339600018375493,1.244678474366789,0.32201685689212545,0.9376867857522203,0.5818826905119351,0.31492932474738333,3.8709497417646275,0.926422702044257,0.28316459562114027,4.115298687111957
26,525,0.23568953310886198,1.1091905677359417,0.3120991806868734,0.9825144354498695,0.6579837261572454,0.26317096713292265,3.7420376145727214,0.9070171773320176,0.30528624399274895,3.9822338321906265
26,526,0.22237284596354298,0.9994186517985356,0.4301734291940006,0.6040964318315952,0.6655569728672756,0.47315354023447176,3.538014742608171,0.9457008364698718,0.2649549996033905,4.003943370803643
26,527,0.3625670957208294,1.350393222780275,0.1819625884369831,0.7137548925100102,0.48743864969228556,0.27465341911567515,3.8099241810244098,0.9336600489364268,0.2290405656101974,4.100336162818057
26,528,0.22545040410775968,1.1135887585883917,0.01679446607223447,0.9844266532520531,0.6411532493808446,0.16200135709590274,3.7099213614001076,0.8934245301706728,0.30915046314505956,3.8335687726023955
26,529,0.1458625421156779,1.295830657390514,0.11154619978511644,0.9979534605071552,0.5333528945637289,0.3910657764569849,3.4262991035057686,0.8850989563671188,0.2861997077888838,3.7801367921830105
26,530,0.11877065533895255,1.3158049503675908,0.3891802897699876,0.9956800747483827,0.5551025504754608,0.3196245978339195,3.6942579135936584,0.9026080819983917,0.27754790514890265,3.939262585327127
26,531,0.18228854481960102,1.2750661019484562,0.3112144489549724,0.916268933254513,0.571053555070779,0.38548335303382,3.513738979581272,0.8880203705222527,0.2962901283367455,3.7945328374671137
26,532,0.15604637882598715,1.4479703908542552,0.6070028667571671,0.9680287740191866,0.5289415861877861,0.41645462789101806,3.7776740905646156,0.9051734854112023,0.2779099180423665,4.0670854055629375
26,533,0.16361929624945215,1.3063752005444924,0.33928400249781665,0.9652377344353248,0.5552449957777286,0.2855109059553466,3.785147224419601,0.911610567285243,0.2706832077825796,4.01793721246982
26,534,0.1680410799151931,1.203523402853308,0.025849134295768784,0.7358197098780133,0.5882874138113064,0.31391288815896057,3.595971734524431,0.919011092685728,0.2843648909360495,3.9570059702688227
26,535,0.4057524382453402,1.4999662714551905,0.2627656257808851,0.7961733240558159,0.42404124747011085,0.2998091912714257,3.7113660627580134,0.9346927141072845,0.20930284747183497,3.9851497230896102
26,536,0.2702879822377479,1.4921319007434577,0.40153526051030164,0.8582021719357374,0.4583683551037039,0.405411984306755,3.568443962656655,0.9214593733235616,0.2371098773122839,3.8731364791332297
26,537,0.18200762177096025,1.1604601795668992,0.8036736592768678,0.9199773897530402,0.6440650151013179,0.37279984243595127,3.7951384948390565,0.9225525068549226,0.27962140987759065,4.061463576560276
26,538,0.16912873352737245,1.4028621156565342,0.25609384436588795,0.9570830667745867,0.5051601698033612,0.3221159345439383,3.6799669692486296,0.9036039638684097,0.26193213520909936,3.9539813283465066
26,539,0.15537140334444888,1.0141371223056148,0.10510319375068637,0.8851155879017416,0.6552001303004792,0.1713393134492583,3.6743412142654774,0.9242418178108112,0.26957196644621384,3.875842873031794
26,540,0.2082878483776759,1.3480116256850896,0.38288115252826393,0.844569060694748,0.5971994617103855,0.3003086514565726,3.578044514607459,0.9029366119294963,0.29915031294531824,3.8045109866220015
27,541,0.1345327533790774,1.437553573867734,4.315713306792172e-05,0.8988822328268343,0.49631528370442834,0.3419894221855706,3.376798367401716,0.8896344134672279,0.2767257554869812,3.7121557438490322
27,542,0.20367169550310676,1.16455464091813,0.20482722148213925,0.7661555371272459,0.5930776131935033,0.278926699694547,3.645585145365061,0.9263360968504326,0.2606553048345862,3.962472436261281
27,543,0.14245353643983008,1.354255089092554,0.18931806778891,0.9866741456615422,0.4991821111416006,0.36317804271176535,3.545183310325659,0.8883340859105402,0.2662474728021114,3.80246700724942
27,544,0.16546536700281295,1.2670718991369179,0.13462758776441291,0.9389076294692478,0.5871147372020142,0.10850146705237362,3.9368926417087766,0.9031467361947112,0.28907762087838734,3.8301409197274148
27,545,0.1993289451603624,1.2239911975424986,0.4926178322278643,0.8656675507521525,0.5657590853445413,0.44873960028858983,3.6465206728933413,0.9253140438244838,0.2654011297223551,4.017360940291125
27,546,0.13123768591444654,1.1271758059183454,0.32970287976749557,0.9774156070704428,0.619265092272343,0.21849646066968811,3.751805825599164,0.9114170055241082,0.27292359014842,3.924395753801148
27,547,0.1946574159176157,1.2361972683501428,0.3453828691748659,0.7884953007780778,0.5747585943049403,0.4326730951854506,3.703657695639094,0.9215055935638304,0.28505061557630096,4.03910259577022
27,548,0.2011308779795104,1.2783179834230596,0.24444458206974656,0.9996679733741374,0.5722440677386463,0.2844361780806028,3.8523919273785894,0.8980438600743994,0.29108528008592655,4.090624774865781
27,549,0.17822400229109972,1.2440135515407809,0.2657550609577625,0.7716340568234601,0.6160993593803951,0.31031406378315396,3.506098761841974,0.9166764845549384,0.2896617128433312,3.8529748659776635
27,550,0.12926367278911652,1.2948193790363636,0.41260097965202736,0.9912451105272609,0.5719253063552736,0.3229214292608587,3.5619909026759715,0.8954167359097678,0.28220254879278367,3.837384167129816
27,551,0.11407369397791199,1.0779757703506672,0.3036647145985525,0.9393159397273599,0.6277990058552587,0.3063305768661942,3.6163481822243706,0.9107117922687735,0.27524828399734486,3.892284014693369
27,552,0.1393904107391588,1.3459348579121075,0.41317253368850676,0.9796499657564969,0.5385644036933209,0.374229787285454,3.7456672836211236,0.8925933434891464,0.2810584875712403,4.017587059656316
27,553,0.13117911205768246,1.4634189465269598,0.01307964325139963,0.999360611347704,0.4553887344148495,0.3560432553272928,3.5774208127438794,0.8791796663059174,0.2611240243430829,3.875142576963623
27,554,0.2036174577946641,1.2714122675919899,0.35770795017127677,0.7575671759864812,0.5957906109119645,0.35224310324084024,3.7503104677314902,0.9221716387659054,0.28640735701839165,4.051683468997092
27,555,0.13203996896441544,1.2315807739567741,0.10128665321659173,0.9802666426189355,0.5396665537361502,0.38529513393594156,3.4330962061375896,0.8722970714901734,0.2845016649075111,3.7491896603744452
27,556,0.3878012228874152,1.468070289174059,0.32120529636915185,0.8644259518659572,0.4292547513288617,0.3419752406567369,3.7885401586676513,0.9322450088947593,0.21495109745352292,4.006560918099572
27,557,0.1232568552422647,1.2808394291050178,0.3687772144722492,0.9991823065075556,0.5606786573153485,0.3238027645917311,3.5779667715873975,0.9011516934489447,0.27766937263134794,3.8240682781763278
27,558,0.13898391674325683,1.2658274257302058,0.14875702093979215,0.9543283678546712,0.5515356861031309,0.2767005402020824,3.5430239620487844,0.9042215005526695,0.272607813849297,3.801724446478294
27,559,0.31044484894319313,1.4948259563390855,0.3423305237651969,0.822231301888144,0.46652965051139694,0.3395230475800365,3.827813994845808,0.9255702126589374,0.23831594440065157,4.0666798813521625
27,560,0.14987011986511461,1.2992333970124477,0.4084424412861359,0.9660218832999263,0.5285128360549957,0.4417680701280096,3.658757304172259,0.9039973833404004,0.2708263185364165,4.002591951206627
28,561,0.13261490650684962,1.3293394285868896,0.3818245929710732,0.9782719581043982,0.5291975191819344,0.4078963100750202,3.6888470034748955,0.9000362253201029,0.27415442861038103,4.001175656656172
28,562,0.17389227554137324,1.3807542966249449,0.4000244289158038,0.9985264742879675,0.5265920661399128,0.3573404304736092,3.4196785217279366,0.9004950769328289,0.26887976305861955,3.7007105746977897
28,563,0.11499014325875963,1.1192976611822703,0.22613039734861587,0.9874606820297016,0.6038420847612198,0.30054651244736796,3.598194173007607,0.9051521072680859,0.2784661758131145,3.886491032093774
28,564,0.16597913534530215,1.0816822905098105,0.22851496389019577,0.8474058667475995,0.6444001620182288,0.30038967586916676,3.44034763211293,0.924955766255357,0.27740598458459276,3.7671017757276237
28,565,0.1606546370179433,1.1916243170896783,0.39253976712604144,0.8372346797426788,0.6092389306662135,0.40627539230711596,3.4973829020528258,0.9146818679253865,0.2861017436784278,3.861684596320592
28,566,0.18999685171998618,1.177261704224432,0.2153994706359636,0.8899739556179007,0.597132940346435,0.34606112125999855,3.3498099286220118,0.906507779625815,0.28404543955853634,3.6796251137704976
28,567,0.18194034186072122,1.1349656116177849,0.3897282467002147,0.7825225605240416,0.6113757163457213,0.3981878186540788,3.407404002779546,0.9278829350989015,0.27431081177694894,3.7228631014663636
28,568,0.15773831736431324,1.1076030945016548,0.17513651514051326,0.9383316418721396,0.6045110379924621,0.26242216808456215,3.6409461145265856,0.9182614576036482,0.2684362817802662,3.9317585900542236
28,569,0.1431252674162722,1.389476160139803,0.2171672837328218,0.9919611499094024,0.5085029797717571,0.35980758103335914,3.6874321631023714,0.9021506451809671,0.272051949521224,4.002393635413258
28,570,0.22388526771800002,1.290763272427891,0.09305023524471503,0.911825006383201,0.5044847212863919,0.3436187383351842,3.479419222077011,0.9135929556940086,0.25465513914135046,3.7689405333108743
28,571,0.17602767865513824,1.4068091057382133,0.07141899597908666,0.8934271091967945,0.47686303565110144,0.364160755203599,3.560626489520466,0.9048918047480446,0.25757298910017085,3.8727642370655415
28,572,0.2191147671670865,1.367294118945765,0.6610958685411665,0.9999559121352257,0.5864699395493939,0.34733794825534026,3.593688427958095,0.8941658245513683,0.30389327957238055,3.787601509826897
28,573,0.1161328513941056,1.262971793276984,0.30554770565777684,0.9975404935553023,0.5421257093154097,0.39579132321271093,3.5987743486484556,0.8988758816386266,0.2811593855760442,3.895780917783894
28,574,0.1765089191611457,1.3077276453831574,0.2827436675453732,0.9524797460285417,0.5387535612664038,0.33590373548227437,3.7651758290889155,0.9104386379198685,0.2692716345158217,4.053772692747069
28,575,0.1666149662147372,1.2212529979681885,0.3700488681744739,0.9998646022957951,0.5955501010099582,0.27861019714880986,3.60236807637863,0.9117510349554131,0.28502054243206415,3.8093095138153146
28,576,0.12415953053127246,1.3207541993952772,0.3163171988224115,0.998703890462102,0.49931485390161745,0.5087585168921961,3.4825853341175623,0.8940009855080794,0.28375860379218365,3.872478219792478
28,577,0.12980607227478702,1.1941188102601172,0.3902659508402079,0.982059487444148,0.5890039718319617,0.29863508900757074,3.5871374039053796,0.9012198889274142,0.2716050392071896,3.837340714994685
28,578,0.18099911982836228,1.0974809198579052,0.18036784572515027,0.9454392407109952,0.6148810111386697,0.3033099129303579,3.394094647326624,0.9043103072648508,0.281298951185236,3.6654761408989343
28,579,0.11807963259731924,1.2640057037696835,0.44745085635889315,0.9063914045456981,0.5371974498004127,0.4752227423838694,3.5717084056597255,0.9024811850044309,0.27403941878312865,3.931354353189705
28,580,0.1338193301458881,1.253193428413398,0.27749897869881535,0.9053132420503516,0.5648741611684491,0.3662639691103121,3.499413385062576,0.9124639456236043,0.2731115691221307,3.853875285894669
29,581,0.132827075240356,1.270649669722898,0.3680561866369315,0.974096528277103,0.5704521609992647,0.3384217524560127,3.5572779311786737,0.9018895448274457,0.28055222993280565,3.830979026885611
29,582,0.20136702722302144,1.1660349592222934,0.5050030541959012,0.9978729320989851,0.5724680611005467,0.4827521533836803,3.4668969620554426,0.8963402181371372,0.30005882290807573,3.812936276552983
29,583,0.24338219938236802,1.1852227529534674,0.0647710856043775,0.9999054666259113,0.6031462144981553,0.11445424992255208,3.661892085417992,0.8874678416395966,0.3002424732186657,3.609818906437389
29,584,0.24535791531869267,1.2331580179070314,0.7531398677507213,0.9266747836385646,0.5697326538121575,0.547419611797911,3.6273179784664413,0.9001552298429442,0.30627649375325183,4.038498712846204
29,585,0.19540842559667454,1.0106139031498458,0.31811839505842027,0.9421950201754161,0.6612366045882986,0.19929972910718413,3.7230523390851,0.9288069556436443,0.2627233966384338,3.947737833474082
29,586,0.18561943406994022,1.3682291499760992,0.13899140853642475,0.9426775117670034,0.4973618466212213,0.3334427491344692,3.5390354787626546,0.9073030174634426,0.2582251725028605,3.837677405285413
29,587,0.15907233401068838,1.1198736117345078,0.44668385703742397,0.9090097846020504,0.5996602550186412,0.4160294402151554,3.608130501824923,0.92193519310039,0.27081650391075307,3.953075327114596
29,588,0.13180041607883494,1.307540332052423,0.6413821091517459,0.9916081117453904,0.5179237317788697,0.5129353279559775,3.5361932261797318,0.912915919548648,0.2723367617667417,3.9111895467507845
29,589,0.1403879285769064,1.1761097566237173,0.4089709131226359,0.9940415994802715,0.5974103133948151,0.30442583839008186,3.768393174502951,0.906284167381415,0.27795394899663317,4.000230395099301
29,590,0.15015626322923106,1.1384097085911584,0.1807814606392582,0.9529108181317101,0.5837237097204622,0.315088976225539,3.5185123629450166,0.9134760040282375,0.26993480007095105,3.8398913170087754
29,591,0.1731524118047243,1.2019706943839803,0.5744445164115364,0.9849400378994341,0.5861137706845797,0.305784089563797,3.7475478352115146,0.9300424401147422,0.26687660072948094,3.9138080159477133
29,592,0.17544155332193684,1.2685280200998603,0.3358202376981737,0.9475011442558705,0.5881150345809998,0.3247094287782405,3.67168825604679,0.903303848178792,0.2911428432514494,3.964819999632064
29,593,0.16476579250050435,1.1693715661730004,0.40215704844525024,0.8818539099011116,0.5728900972584272,0.48007777339757035,3.582296209654036,0.9114266894448543,0.28614808301048644,3.9551282129522107
29,594,0.16811779061372162,1.056926366601726,0.24795352382396124,0.8596531536890641,0.6169363805712964,0.38013020123543634,3.6688335088712978,0.9214675664060156,0.2725785084770535,4.015363661502163
29,595,0.15470099943192883,1.1268732632009206,0.3539334132165993,0.9150006967666447,0.5863654086171988,0.3893818537929106,3.614746571059166,0.9190245829617177,0.2691382417886168,3.9262107557865606
29,596,0.16970546337366765,1.3327637092704396,0.3233645858692914,0.9997681795285984,0.5410156273241818,0.2349623468510595,3.6916020213541487,0.9135759689876529,0.26234960287540954,3.8712508583019924
29,597,0.1809549798906867,1.3330407739586798,0.5329590052180253,0.9390114249334267,0.5442680819925421,0.3581577295612006,3.595567919766312,0.9135959768787483,0.2605603452778188,3.8527891336131277
29,598,0.13474106268531233,1.1482629464378935,0.2819968199778813,0.9578527449320227,0.5413860159589878,0.5038188956110191,3.464073410749361,0.9107889929475433,0.28021414628997837,3.861030472223743
29,599,0.1523309591892513,1.1138192372184132,0.3530439022687858,0.8249432699796921,0.6177687481201027,0.4128246699374506,3.4923343616296565,0.9163261883487058,0.2820711466775866,3.8450471327245985
29,600,0.1535977868001887,1.1747091466222856,0.16741042313012727,0.986621727810984,0.5799756477649867,0.23910002972584715,3.575038916360541,0.910593113830385,0.2692675020111449,3.822212376539293
30,601,0.12583717592021965,1.0984026402092684,0.4634357404965856,0.9993045765401123,0.5745449081944979,0.47664526071419566,3.52053841197107,0.9143384010427388,0.2777953240808225,3.878434896249415
30,602,0.2096196661135485,1.1206620784582173,0.3000546297906257,0.9802180372384799,0.588301314689136,0.4505269758359097,3.6730985946720294,0.9040635510888173,0.29533391678959403,4.035151500642589
30,603,0.15362669276632024,1.109379372639613,0.4738470762982442,0.9957369359795493,0.5996987245817148,0.3806046153042795,3.486827008796152,0.9085059275236166,0.2690665219641812,3.8150208034413273
30,604,0.1508070012522393,1.2026928493621618,0.37885234897226044,0.9303025552869606,0.5848029912576512,0.3585854268164227,3.456847913179097,0.9075445084832632,0.2727398054285714,3.769619309922226
30,605,0.1554573770442015,1.1355964973387849,0.3640253663508224,0.9930217603967989,0.5786086021121595,0.37004761979307876,3.532388574856448,0.9104548370702681,0.2669445385435152,3.8470817620216486
30,606,0.2522644746029149,1.3666897429456868,0.4860195475671422,0.8991916174149018,0.4786434818299703,0.47091259533543994,3.5316656341119854,0.9265309171577123,0.24469767203688644,3.860364814354333
30,607,0.18196444623975455,1.3281830279812337,0.09404155196016202,0.9926350339915198,0.5272590971493845,0.3498920300713329,3.388031987385137,0.8948126080914134,0.28589872441441294,3.681485347641273
30,608,0.16739133734801898,1.2078156978993833,0.4244016706207505,0.9999045733496338,0.544793908246864,0.39879331274663743,3.52407528688153,0.9003724677588318,0.26225630004326245,3.8188607742603673
30,609,0.20682850086044374,1.2487331717419472,0.8929720583812374,0.9102833351085022,0.5666041178695501,0.5476650594598649,3.642725371816447,0.9172621818770652,0.28798160846695703,4.065298450109504
30,610,0.1846544541088746,1.2135552659372433,0.6404918958213655,0.8431747738104634,0.550743170053374,0.6333544185190265,3.4670566548068997,0.9157986421923608,0.2875804396946613,3.9915850356438676
30,611,0.18990713892691996,1.2529811620626596,0.702716007101867,0.9999958840433496,0.5590989522958337,0.4965949485455682,3.5955518546256346,0.9049396403781339,0.29692443437668936,3.9318149492522125
30,612,0.12678241805768914,1.1393929009923196,0.26782370785903026,0.9734233650582007,0.5614445655613437,0.4696399500611935,3.5041626937722268,0.9153239237052413,0.27801539422290145,3.9034597136880778
30,613,0.1535515691925557,1.0670373546875973,0.1710690114261412,0.9861046919620644,0.6029409738647012,0.27537365301824196,3.659768867766164,0.9154903130148566,0.2679201197707014,3.9213416755609827
30,614,0.1821222761482307,1.2873061312182579,0.3046426988374719,0.9909908638752907,0.5150052674971541,0.38366408138299957,3.7009061385244184,0.9034681361151602,0.2606778923622053,3.987519168782395
30,615,0.14407607692279917,1.2766755507845977,0.49407045255279175,0.9893277464134904,0.5771381254445529,0.3517613227761546,3.659896056572302,0.8960176823458751,0.2893293101824573,3.902902614079687
30,616,0.12300842015190695,1.209014703441622,0.5592317988607375,0.9985586253400417,0.5541568429455994,0.4379920419665108,3.5725754115753823,0.9044179978867233,0.271291606509117,3.8834155929809726
30,617,0.14022056666049132,1.2126219325804812,0.4492244718752333,0.9972743843732153,0.579815854159272,0.38311940856270965,3.636846899519547,0.9071270844871062,0.28129108333101244,3.948504580143853
30,618,0.13667417253332204,1.2235414261680486,0.38596632022009636,0.8907674460403033,0.5378626499716989,0.5158535143343933,3.512886815189325,0.9135229573541771,0.2790992330536094,3.9352350590458585
30,619,0.25131449412782697,1.4277807613341258,0.35643284853721136,0.9280367005184067,0.4854454730902772,0.33300170469911794,3.5570073217597242,0.9120518037923165,0.2402759327376356,3.857658019697337
30,620,0.16399753851253188,1.2750962006406699,0.5912375736531728,0.8432813096020627,0.5844002331382858,0.4051504220397576,3.659524982199311,0.9212044630266482,0.2853922890506492,3.9163546972280563
31,621,0.16583508933568605,1.209266733407004,0.35611818834626446,0.9876324967337519,0.5266957941496286,0.4416627733756746,3.5183652016595603,0.9091020568633228,0.2641605274092928,3.839524465929763
31,622,0.2025778341676062,0.9237996729093867,0.4141583766419571,0.9702057131881228,0.6675772294985802,0.37135542693760926,3.3653319216021735,0.9258637753373374,0.2685094102015315,3.714759771020083
31,623,0.18970871258181024,1.257605882757539,0.7284034462121827,0.9192399285417121,0.5508422589066828,0.4807405350300469,3.5921924888686125,0.9217413898122164,0.26175854080687655,3.9455000649103993
31,624,0.1370968133703243,1.2446751525367405,0.4150272454346018,0.9969707786765347,0.5431885828985376,0.39018505508335444,3.621331553815003,0.9030847954843789,0.26738109279197536,3.908604991213612
31,625,0.1258646252183086,1.2280673209997,0.1431014149711926,0.9362656951051973,0.552654458069889,0.37607381010714713,3.5238794339753765,0.9034692925493533,0.27947775361447913,3.8504318874237207
31,626,0.1412891108322588,0.9786317981380478,0.21971152290401136,0.943034076242266,0.6505419533457945,0.3241878397975568,3.4984117941759565,0.9167941492474816,0.27482468557316164,3.821199736884045
31,627,0.23237388544498597,1.117885853037731,0.5135446449750798,0.924731443405433,0.5854973780692039,0.3939526647841009,3.711807048109455,0.92898374629922,0.25698675500605883,4.009888888696614
31,628,0.18947427379474613,1.2371765628094324,0.6745091186350873,0.9969895998749522,0.5742990809854882,0.4484144875860235,3.4833726857161693,0.9039383848843553,0.2918854972285672,3.780039779661176
31,629,0.1497486443295789,1.1711784975476056,0.6767771311307763,0.9929073930195879,0.612770486284647,0.3511392300910382,3.5590011484407365,0.9121730988582307,0.2712146177196043,3.8172376161213455
31,630,0.1516011654232214,1.2959932671654972,0.583567348584116,0.9937528239457863,0.5281124629611198,0.4969112138843248,3.614401980026457,0.9064155363580136,0.2836822742994301,3.9624610960396005
31,631,0.13923297308432764,1.3143370739765248,0.5710221778456461,0.9999125151955675,0.5157714690819416,0.4852554663327707,3.6170357075945176,0.9040002137041385,0.27022280467966786,3.9526554882242744
31,632,0.1652157845759645,1.1069227036615201,0.5386338174508802,0.9931418482660928,0.5909269527464616,0.4370271063106664,3.728293410647654,0.9172568797632611,0.27680996837976096,4.060902122976718
31,633,0.17469381624974484,1.329702289245068,0.36771556103280917,0.9912819412705804,0.5325469563812419,0.3005383137772174,3.6845497797054505,0.906303295263909,0.2599589542006572,3.9349928394952856
31,634,0.1418394671702044,1.1392693950952681,0.7429940572315649,0.9882897016559911,0.5985207649226765,0.4429455686791261,3.5660915806326483,0.9195345475323897,0.27078668322792737,3.889030072844117
31,635,0.15459435625022178,1.1054619444424612,0.43603115208361254,0.9593109964644689,0.6316205057376523,0.3480874624207524,3.58715404573503,0.9117445440719647,0.28631016152945543,3.874265088322114
31,636,0.1820731303229403,1.232478926943176,0.40623145849548425,0.9248323224679439,0.538986961953943,0.5310747333949604,3.448832392281526,0.9040938360908655,0.29603199008844105,3.868077387720141
31,637,0.1794765543995923,1.059444013050462,0.2396966702521583,0.9726017226472281,0.5775108342511494,0.41698811646614214,3.5973385950457013,0.918753833324935,0.26467412763970344,3.9609813654590744
31,638,0.16649128788347214,1.0552635245348687,0.4771891592411822,0.9899851407013853,0.6189373506985782,0.3300707693983504,3.6348906319760936,0.921016715349741,0.26431828424741,3.8946621125558414
31,639,0.18028674469678638,1.089445780038284,0.623052720872512,0.8605669905076339,0.5651784067219829,0.5673916205626197,3.5649180235411078,0.9293314347599312,0.27301311202682305,4.031515099105318
31,640,0.12286973396589901,1.1811590511795196,0.5519584874827053,0.9995456101629466,0.593145078470716,0.38018271775666534,3.5212284425339915,0.9052455585826825,0.27592233170690883,3.8225695961629667
32,641,0.12166142760487987,1.1904324925343097,0.6599982353939339,0.9974956658230065,0.6125882372703187,0.3162310087947392,3.6146255637742044,0.9064278540759461,0.2745509835969425,3.852232256630798
32,642,0.15345963273432292,1.0014589997148526,0.6620917880462583,0.9988330483664054,0.6455991962591671,0.3597309564607257,3.5731892798521594,0.917595279931126,0.2721208739064019,3.815762627608103
32,643,0.16674821164968065,1.113626875265077,0.45658032561143713,0.996881710944469,0.5945550903160054,0.38365662138914225,3.47212928892589,0.9135525851025287,0.26889071570069656,3.7903894982678623
32,644,0.21464279264739314,1.0602842253793872,0.41380408819749437,0.9328908571788738,0.572930435560964,0.48204771221706516,3.446343117316937,0.9253042601009678,0.2533006303900346,3.8796541998790404
32,645,0.14619091016015695,1.0585790208137575,0.5405077576097286,0.9877229846507574,0.6200828314006662,0.4100045778921019,3.6612546118675855,0.9141155167395875,0.27629222851384905,4.009062136284481
32,646,0.15118025803855972,1.2740588885688422,0.017397186478436844,0.8465182509642328,0.540318169250826,0.3822191558475025,3.438398423290576,0.903554050244557,0.2834072033740645,3.80770589116704
32,647,0.19584870349574066,1.2031410660479507,0.3709898063672331,0.9992742580259625,0.6028074392898864,0.34173623797076247,3.5448726772910266,0.8928577895428212,0.29912222809601374,3.804667262200642
32,648,0.1508411545683521,1.221751676040224,0.5881932846798811,0.9971080979255944,0.5282547993904323,0.5142294878857043,3.4521476670330515,0.9167576473796476,0.27183270902230855,3.82604229726052
32,649,0.13902991465252376,1.2324183016947987,0.40131266271731325,0.9562902240002826,0.5641055250013809,0.3482839598270978,3.580883252757444,0.9032864291500566,0.2676718677327542,3.8667257791949488
32,650,0.11892691976690817,1.0903271571556055,0.4611044767797501,0.9447970820151299,0.6336250151202043,0.32956874369290357,3.631192781724046,0.9142435782274638,0.2762205115346331,3.90332671842975
32,651,0.223001738015415,1.4998956110315629,0.6105200535304386,0.9370517157943006,0.5240637672903306,0.22825254203032083,3.7622285479373025,0.9173185545801651,0.24826828375119728,3.9058366873170653
32,652,0.1400687817394406,1.2342056869556792,0.5771638195451289,0.9841160089399725,0.5825201858958291,0.36667512973634775,3.6320686237632005,0.9128771560977034,0.2704271519547391,3.916627231154133
32,653,0.10518503229246862,1.4567831176558428,0.5510615111584168,0.9885175170022211,0.5295148045605635,0.35808109676632616,3.6719174108301904,0.8972075185467074,0.2755373039002311,3.927332724552307
32,654,0.12301747881448753,1.2462242143280207,0.310919031472181,0.9459784468742853,0.5215349542303052,0.5124482736369456,3.469414195233636,0.9010462391066347,0.28174521128198304,3.8819892748680886
32,655,0.18366180285361167,1.1542900530517288,0.6235790554669676,0.9959290849872273,0.5941744453442036,0.45497938350532846,3.5993643428676503,0.912287222214883,0.2933203580759627,3.923437496064839
32,656,0.1796895372397357,1.3116041995986474,0.5715617837029542,0.9453755006200115,0.5416177907324455,0.39452604233621047,3.612172570910967,0.9200477724323557,0.2607317592633365,3.885942936857554
32,657,0.17006072802347533,1.1154030580767689,0.3727437995071826,0.9910445505034151,0.6455995516710422,0.1826185733882682,3.6134240965897444,0.9117991969369401,0.28098721646034963,3.7392335715288403
32,658,0.2074906849861975,0.8719046272650067,0.18134937340492346,0.9996487595300904,0.6604458387810311,0.28811385534296496,3.5451925024162927,0.9262849555801884,0.25802464774234385,3.845522931800575
32,659,0.16791084255486147,1.2950263407364964,0.214120431270059,0.9406030414042007,0.5204697656989625,0.36542956534478094,3.529840147772668,0.9029422525180962,0.26100583103076447,3.8466824605902836
32,660,0.1282837117014613,1.1054350867995515,0.3292365142777084,0.9902466941824126,0.5799412376670836,0.40033328757459535,3.5280766846299305,0.905595852385787,0.2725365165766338,3.8509140014250156
33,661,0.1425836566706346,1.3141357149435338,0.6899251464621035,0.999918847516069,0.587061316878134,0.2949612901446233,3.6548734890476746,0.9115679907831093,0.26950314216488735,3.8663972102697217
33,662,0.12218047169482894,1.2401351274243337,0.40218600555113887,0.9705436046224906,0.5362209662746729,0.4821611905771575,3.5484148380927576,0.8999605151773418,0.28253802236504605,3.8947266548325628
33,663,0.1642063734102259,1.1924147758975636,0.5200772709220667,0.9995928088749574,0.5988363251343702,0.3575228075395357,3.4966831012334083,0.8996905765826015,0.2854907809064902,3.7680332075948675
33,664,0.10340736372596716,1.4589893973606727,0.44635890757097607,0.983285152355941,0.5235661618661317,0.3066105433961875,3.7180707968578033,0.8903112798672034,0.27354794076431965,3.9251084419466173
33,665,0.13523653249001377,1.2802734054631748,0.4353784038849399,0.9583236823335909,0.5743803073222947,0.35346916194440436,3.647596617614585,0.9004915675198448,0.2836454931841565,3.927410509520354
33,666,0.13949253587806115,1.3422580154685555,0.5208299489498234,0.9944152731061591,0.5697535055231768,0.32227199059629363,3.71000328362792,0.9047491274521114,0.2817991202961895,3.9497994638796925
33,667,0.14095734476115976,1.2663904624462954,0.46538834800990764,0.9982838364151396,0.5704078361789459,0.3618116976167351,3.5707378514848696,0.8951788889512675,0.28430778134080487,3.82042541575258
33,668,0.12246929258669542,1.3318672141480166,0.2592264406226661,0.9952329476707344,0.5331328470381804,0.3154992905926563,3.6649370575038485,0.9007880018084918,0.2724447463293875,3.933992742606533
33,669,0.12149771267631763,1.2553487295758468,0.23263156822873782,0.9968761697520534,0.5643892573286482,0.3106867232603468,3.6317119121245174,0.8945868597889971,0.28417458559519665,3.891490961528331
33,670,0.17583139368174017,1.2746413348673504,0.2285239277309017,0.9906889475640723,0.5326025418441118,0.44926799530853667,3.552689990770105,0.9056877008396667,0.2938547650827452,3.8692372150772583
33,671,0.18442403186639075,1.3129738859111315,0.5925103876706577,0.9857128658093709,0.5592110670706345,0.43076474484586713,3.661640265730998,0.898698102580752,0.2967227881452466,3.942959991175056
33,672,0.13968464158895608,1.186850165420024,0.5258092765769751,0.9978014032627833,0.6180000686601119,0.31619776873906785,3.659030991771963,0.8997868500440639,0.2874423531977448,3.8945193346429505
33,673,0.14142057535268487,1.2528387080914432,0.5100439570049476,0.9851304210975419,0.5275598967437839,0.5031101018015519,3.5292645150194355,0.9124912171913326,0.27104058141829956,3.932375393441994
33,674,0.1295892268403943,1.2842019248231353,0.6938879053891691,0.9987727233116264,0.545505656191924,0.45311250526575825,3.5956344623481002,0.9012419621470278,0.28317713203932515,3.8775324664094724
33,675,0.22263470381674974,1.2529890314604544,0.6898855085951752,0.9545118173440482,0.5694196804652646,0.3928425070669824,3.696322308476135,0.9251174324269178,0.2571506341006753,3.992650300284383
33,676,0.13933156737776445,1.307403190792459,0.5210497982515395,0.9970767713990902,0.55525146815605,0.3817575708080806,3.507264461998214,0.9045992538925157,0.27266007103731377,3.801428233408733
33,677,0.13286989936290455,1.1752271204067244,0.4417573747096686,0.9980069099706277,0.6042649606991549,0.344011004926703,3.615279818934068,0.9037492468002629,0.2836884178806667,3.9021181716916202
33,678,0.11871276426972903,1.2145845983143944,0.3525544586496194,0.9243148480002172,0.579997479419673,0.348894285602227,3.6256678059281353,0.9054991445994579,0.2781896276966734,3.916253477742314
33,679,0.15837792581471863,1.3264115960508298,0.4916162311584421,0.9874002343345328,0.5237090668161153,0.4011842508581993,3.571738673095452,0.9019916955590309,0.2614202016690105,3.8734343480029367
33,680,0.13732767769966037,1.425424715713575,0.5975287368161923,0.9979529002598296,0.490500731033904,0.5379163033047036,3.603826657968952,0.8896688731010668,0.28434471478964374,3.977095244412152
34,681,0.12796883112420931,1.2828886579271996,0.5721964035690464,0.991038733013786,0.600689671199487,0.26597599310988906,3.726645504817638,0.9119994428042226,0.2778883055666249,3.925661893119618
34,682,0.13686490306236782,1.2411489273915322,0.39121123546596875,0.9391735423001186,0.5702286433356234,0.39943203466593535,3.465330214999418,0.9018469492720467,0.2787529961774036,3.789679116984286
34,683,0.12409470463511697,1.3805607990159476,0.028445000567369892,0.9682348147084792,0.5134872695604403,0.3185829927458121,3.5197685749919696,0.8944479095219677,0.28086196615948655,3.8339961378321825
34,684,0.14120757923604388,1.1440959639174695,0.5084497436939635,0.8215662700958415,0.6250009475991353,0.4039241296684971,3.533121490800908,0.9267479546021082,0.2774610388569002,3.87282666414215
34,685,0.14925724056415346,1.3548354719169464,0.21674727446044204,0.9968614043098617,0.4987020610697226,0.37762430639935307,3.715424130070792,0.8944049601179905,0.2670049553322842,3.9918682471111424
34,686,0.25920647838423205,1.4974222702765916,0.32092211094763784,0.9970806056085962,0.42181109159236474,0.48164068597318827,3.6016216246941815,0.9068718262442295,0.2371967245126536,3.9402372812089816
34,687,0.29744728569596757,1.4999525535065967,0.6173075990180027,0.9720168378780194,0.46299844819314684,0.40420535883888264,3.7419320469100352,0.911733617270405,0.23393953777192836,4.020072974883986
34,688,0.1860073231397105,1.469662101160365,0.39776853414074176,0.8818759816934086,0.4928452531981322,0.40810722280912903,3.713704133299028,0.9210197381543562,0.2649166912381572,3.9790642538225844
34,689,0.17299822394904543,1.349562156146278,0.3809121923217479,0.9999595552769369,0.5863495248708831,0.19378588477531275,3.70214246383061,0.8857797093735856,0.29515787343215705,3.804086652068059
34,690,0.13268814513648627,1.3423718272565652,0.40365525477344233,0.9456077082690847,0.5228133931749176,0.4313072752833139,3.5746963597974633,0.9062267615089755,0.26927746054139085,3.903266495039495
34,691,0.1354139716629242,1.2778606095985405,0.4404053587438477,0.9889444563871945,0.5808716572820238,0.32197168489676836,3.6110936143564265,0.9034964674740508,0.2833065098639773,3.8673902436367897
34,692,0.12733979977601276,1.3712548684719894,0.16336253485297675,0.9593094333982535,0.5174518047646564,0.2900786317660731,3.685691829085607,0.8994421158998938,0.26991250962204105,3.92362903869532
34,693,0.1623582966697829,1.1650985382347725,0.6483950450308609,0.9622550194228214,0.6235981995309804,0.30838116602074706,3.7866899173225357,0.9172031776393468,0.27216591247799155,4.007377581453841
34,694,0.12953842586002776,1.398871790557482,0.42321471665195415,0.948665551383959,0.5672376128663101,0.24847104810066942,3.774931074282962,0.8915209216143477,0.2856702526729622,3.9192778746345054
34,695,0.13157539731501613,1.3649990964883787,0.394752257135343,0.896183464226761,0.5336143938030997,0.4312841504538012,3.5421406242923443,0.9062556995881799,0.2813059603786637,3.8672219340016625
34,696,0.13304930856517697,1.3205529519648893,0.5093262399168969,0.9996965021876475,0.598176363230575,0.18922586162637783,3.8094386069703456,0.9095546789493932,0.2813083262698452,3.908812881973796
34,697,0.12212770716312978,1.4499397848851965,0.3339983206061901,0.9834387985585374,0.5030629453300671,0.3227928076317639,3.7737778883634765,0.8835406819118783,0.2701454744412031,3.98215421910655
34,698,0.1827222818271524,1.3542049292294338,0.7955689634996442,0.9617069999008112,0.5709685709838576,0.32431109378807255,3.8513243081970496,0.9100134983207795,0.2659435838306336,4.0330382787522385
34,699,0.13522372045465625,1.2647717499426467,0.42458348864449047,0.978822951071912,0.5816197924562573,0.2966140338574486,3.727565183675799,0.9090255271056483,0.2784517603848001,3.96008334296121
34,700,0.16748525876831155,1.2578532596363785,0.5019080044103104,0.976376027776985,0.5529542035795081,0.4671955328676277,3.5220671539430715,0.9013964237198555,0.2910721481472338,3.84209666204372
35,701,0.14860458272091526,1.2897632869782931,0.2665039644512639,0.9901846048132981,0.5757677895994717,0.23706563383400256,3.54932428898982,0.8930057465200223,0.28396296417601796,3.7754688858774763
35,702,0.11859181470499884,1.4770016278059048,0.29547439457273256,0.9011460608963102,0.5065312400845725,0.32952678091347354,3.6867995114156416,0.9122389844667435,0.2746685731908934,3.890125810242359
35,703,0.1630178736669119,1.4020940390580492,0.2825070565163787,0.8051357491685736,0.5477513855067306,0.14216834895733782,3.9080607824764817,0.9129497212711764,0.26554950189687576,3.936823762788447
35,704,0.12840960160787482,1.4319050067731598,0.6209533860221693,0.9983782090080027,0.5197639087727428,0.4068878501942229,3.7638520145784695,0.8938460424164498,0.27427211109219696,4.015866938141767
35,705,0.2955319976652393,1.4647015562905086,0.35700336646884956,0.9891988451903945,0.4243799184343059,0.45562599873395,3.575310115372611,0.9174138949835328,0.22740353728293491,3.893445371977397
35,706,0.2188205003250136,1.0971644417337048,0.1324266837533768,0.9790070920655658,0.5539371138583956,0.2626574227882531,3.664009341589512,0.9092347857885092,0.24834974979048524,3.9291051288296033
35,707,0.14204508492599327,1.472678353379132,0.18947721978917273,0.9873813073175837,0.5211436520682637,0.24565955037168727,3.746813190455963,0.901891819573002,0.2870354112938883,3.8865498628370965
35,708,0.20667509262390577,1.495504659439568,0.5755825787900243,0.9940408374729339,0.5106260709298222,0.24486498181849264,3.7952537200133096,0.9155653765489854,0.25163812138804065,3.887863757391711
35,709,0.20019559847711946,1.4659593730644191,0.20170601808109856,0.9768835773550391,0.4867626477385465,0.19208239683002948,3.758774109254589,0.9028994722678239,0.25125922923870847,3.8582712293682313
35,710,0.12888992864876112,1.2082433074684191,0.16247938568415285,0.9291092277352753,0.5326001909250129,0.44222501191153596,3.491278761807372,0.904111222535461,0.26986151848124507,3.8792332301768107
35,711,0.11140591754971577,1.4386703045155174,0.07748145663593106,0.9801128736980329,0.5031917735933849,0.21121455582334928,3.7404397569409293,0.8961256240301962,0.27346148542196685,3.858590072248095
35,712,0.1283554753334429,1.355391517347675,0.017841803358855803,0.9046381616966619,0.5239410009129155,0.1814222029281269,3.8571335982146753,0.8981240500251821,0.27057982811543785,3.9432562914328613
35,713,0.1664483725393383,1.1638260950549864,0.10529551420982095,0.9863786110432861,0.5876375321563462,0.2994876563329396,3.6341523812916825,0.896746337009658,0.29557422945589695,3.898451901283349
35,714,0.14987794498247856,1.4997754874274305,0.13716108523017692,0.9915583444579106,0.47815869527054167,0.2368627176229539,3.7391274443248945,0.8950722214263438,0.26185506800924124,3.867524294261713
35,715,0.18259580111714788,1.4973966674007624,0.46951966803823986,0.9839931950486409,0.49721320199925856,0.3178665074159114,3.677511012971203,0.9082842882328535,0.25584681650103225,3.898343791449809
35,716,0.1319671852267999,1.4499261160087522,0.3999297032571777,0.9972685754844364,0.5014105124418354,0.354747800946433,3.7498818545357255,0.9051817901849297,0.27188994250733645,3.9422725318425322
35,717,0.12388620867178513,1.2328331869890656,0.20194733795151767,0.9999902011458912,0.5382811251989521,0.376753405854137,3.6499529033909055,0.9031553285828211,0.27444463053732543,3.956472795259118
35,718,0.16665851577147506,1.4830125325395547,0.2870704378373557,0.8439936870468483,0.48628025043679446,0.3716187794879807,3.656072726676912,0.9025497260210347,0.2606819730375435,3.9317386437482353
35,719,0.20034164592621603,1.4863980096256835,0.47674730243419317,0.8528861470916423,0.5179301139199792,0.27822932573910425,3.6485255384839896,0.9152746385390136,0.25330519664107903,3.887624678064949
35,720,0.20042631821105716,1.4550647104626404,0.15891433442745267,0.8092122624661073,0.538853211779725,0.28477996148156043,3.7928659234679967,0.9040048468306152,0.29134414491392596,4.055916656742302
36,721,0.11829110691660374,1.4998345252617336,0.2403002376104169,0.9623471376421737,0.4670319677132726,0.43728651871090873,3.5296504578416106,0.8830049794216098,0.26792822263101107,3.8475116416390356
36,722,0.204336355464835,1.4816429874043158,0.2694883755749837,0.9242687570488993,0.4529616973355646,0.4607501830888979,3.683505304139336,0.8944547315610197,0.2543046004414213,4.026915407086564
36,723,0.13437295045127845,1.1613150979787883,0.17720285840555178,0.8764099844449887,0.5851799723275308,0.3650243170842313,3.491753100021863,0.9152056575215776,0.276726297262624,3.8342457877234835
36,724,0.12426289056084655,1.0930528941147821,0.3058774073163737,0.9999146804996206,0.588419504386629,0.34979573002396497,3.6088972745384744,0.9125158111976782,0.27500606175750075,3.8646029044439603
36,725,0.23493885371029066,1.2806671955701205,0.13170243896555794,0.95980128453434,0.4753070721327777,0.45909091479092756,3.584979109948079,0.922347755349809,0.24930231867439226,3.9430049261996323
36,726,0.18132799352802018,1.3652290624292267,0.14379539809270583,0.9822303501331507,0.5489730254389646,0.25477382167794194,3.8208666455903506,0.8877126181790302,0.29499744530257466,4.007422910305642
36,727,0.19061668186283923,1.4765699910142713,0.13118021239549144,0.9974654465052201,0.5314172328153041,0.22453280125175348,3.611462796234615,0.855470792109216,0.3067769484444307,3.7554222314273127
36,728,0.11029846381090541,1.4068045704041703,0.000503128199195696,0.8604907476573407,0.4923786339636599,0.3872806436425009,3.5857278356397266,0.898412403410019,0.2793944742008443,3.885836685201615
36,729,0.17469274114123076,1.494719088674807,0.13304262715915416,0.9659008532941676,0.4776059916257027,0.3516306894613433,3.855750765292194,0.8994631157999707,0.272075169667808,4.138378769127
36,730,0.1743706804516153,1.4275100593173546,0.006933164389169888,0.9887785497280305,0.5327058471546308,0.1633358265874298,3.7324871338044807,0.8789852236244237,0.2976183353791943,3.801175694652553
36,731,0.1274541095740203,1.4122178357061592,0.3415235593228757,0.976474814633858,0.5331448452820522,0.28231239457962737,3.8038286667542613,0.8828185086688045,0.28448633517671074,3.9691982731123416
36,732,0.4339633360494226,1.4330226832424764,0.02452541966315448,0.9228159968481664,0.3962867413033726,0.3525934520594454,3.8364200826386754,0.9276720517814955,0.20836243511591723,4.115057453266174
36,733,0.17756674805470732,1.23603653440944,0.029947968206987086,0.8995283590808123,0.5712005147152827,0.21459313945899133,3.8705939250660792,0.917894887172962,0.2815961893336595,4.038443973064795
36,734,0.3347979341543473,1.4832210023468873,0.14577972142259724,0.9940911442090051,0.4502933211159197,0.1142784593756159,3.9070101308587937,0.8864360784972284,0.23451364810689573,3.4922628601893884
36,735,0.17565837638261494,1.3951330304682523,0.3614274071320262,0.984310118889906,0.5409415703877963,0.15725571532610488,3.923323343628615,0.9019653597799142,0.2629507813603122,4.001552475252822
36,736,0.1455808582773436,1.1673733783901177,0.2968816783444567,0.9333644862519881,0.6099942622093973,0.2761286273346665,3.508355499374626,0.9124743896513815,0.2759382888289836,3.7682661784366496
36,737,0.13230308387770254,1.4883502824128634,0.05975207261564619,0.9073851372413296,0.5123870195524602,0.15385665658073291,3.822782018235778,0.889348201018039,0.28323632580992864,3.811308439190861
36,738,0.43045295709983256,1.3812519349597019,0.12620005294781148,0.9859997545336027,0.4029419784568923,0.20101259128486665,3.8993890484572926,0.9030325258540655,0.1939864566696941,4.0156520721624505
36,739,0.12957693856549277,1.2675022530746076,0.7047403139971987,0.9998601852964972,0.5824986362575137,0.3696669143889662,3.7272601509136507,0.9057393995730119,0.27563222771873436,3.983103929117861
36,740,0.12282586326520296,1.3817676504518055,0.7131904102427751,0.9755222388465631,0.5265473140344625,0.44072988016295556,3.6097752923981323,0.901580801795309,0.2702649870611594,3.8851304933812343
37,741,0.23762899676697266,1.4910070809278329,0.18817032798177158,0.9525402053966314,0.5391192642930023,0.14117427946670108,3.768425100145643,0.8787816817377211,0.30052066714908665,3.594881870037553
37,742,0.11928251625875862,1.4998925408287624,0.3635285227853173,0.9851147321476585,0.5056882700587638,0.27264572679290616,3.785709778576917,0.8838476622615057,0.26894074185938466,3.95262693134399
37,743,0.13565889234117248,1.4047238354294567,0.30029148714830145,0.9466487093684728,0.5322134537423481,0.38679889227904746,3.5834414556385186,0.8943607299849269,0.2877710978489702,3.899983533929712
37,744,0.1420450048214843,1.2722023892872212,0.42159385588123666,0.9995396903418093,0.5605420177718379,0.37561195981791473,3.645058555772571,0.9067113896148223,0.28469714260437484,3.9095389049620435
37,745,0.1590427035726338,1.4539672488663682,0.7784740455331679,0.9228915498908927,0.5652569411674373,0.3106485394798071,3.731295910385666,0.907292840321204,0.26648776261375173,3.96145215532502
37,746,0.2023861337983779,1.4904148164092927,0.13551978996353675,0.8911988432248126,0.46006239267798676,0.39679375499999364,3.715931362347948,0.9052209484812392,0.2582769114670801,4.024214712227607
37,747,0.132804932599119,1.4551664624258196,0.6560269838965789,0.9065831488896368,0.520207030281904,0.44808130630429466,3.5904948447396343,0.9057133781944469,0.26964001851149827,3.9112735631779407
37,748,0.1865032900293001,1.4410892737556522,0.026372309850187393,0.9532419326659838,0.5370404787700146,0.21914301144793075,3.6967638411328467,0.8854569045341556,0.3040331192057427,3.875164130986169
37,749,0.23921510800338316,1.488378143658605,0.10990489956337537,0.9284111897549812,0.4595798202773711,0.18934219449480966,3.8358726953873066,0.9073961496013994,0.2406014837526939,3.9079447801453115
37,750,0.12162640360098304,1.3189292850612688,0.3071908742011012,0.998812681529596,0.5421739939921479,0.3307307468549553,3.742696219994547,0.8904999261287457,0.2766892441596537,4.020003751842177
37,751,0.27147333748735397,1.2578754296246246,0.7004911957116775,0.9961271405815161,0.5397954064471787,0.5665826389284726,3.4732953565938782,0.8717552613917039,0.3318819549882496,3.8721044497967343
37,752,0.13223676200776371,1.339965338940765,0.3284436747007414,0.9352545639401475,0.5265805073432381,0.4220698133447381,3.47730082242566,0.9033836737627248,0.2724753547418407,3.8258798901443525
37,753,0.3046595058108059,1.4916793788636677,0.33572599659975694,0.913478699713526,0.49243703270464634,0.12269342703474835,3.798352615233479,0.9114941524631185,0.2424585141146521,3.61655164496037
37,754,0.13169130440301294,1.2641872116910915,0.5338012302741142,0.9990602605034342,0.5749678589977552,0.3310523823812946,3.7454211650793328,0.9076194573332822,0.2788279500454941,3.947704124711083
37,755,0.16840955613265934,1.4943346638812016,0.2786762388213143,0.9606485109352922,0.48526269599209004,0.3196695748355857,3.772783731952649,0.9075748611732246,0.2639183394508088,3.960335847800279
37,756,0.26159733191272994,1.3967152625202264,0.4033882165971067,0.9623879836796453,0.47912205365092286,0.43232879343314046,3.769189598892215,0.9134609454281852,0.24887237932278397,4.082933318973753
37,757,0.12133695024658747,1.3291890812718001,0.22714832012704927,0.9433562237511779,0.5360622804262635,0.35917790782359943,3.612308383406223,0.9049300500787572,0.27529162064493357,3.9500656784831123
37,758,0.16662511750874953,1.337990725705973,0.8678551342537807,0.98997071900783,0.5369093656169702,0.5342096568122676,3.5722316833027676,0.9063263308786638,0.2876520785340145,3.965378680255661
37,759,0.14671333605591336,1.4998024704802557,0.2820622697175176,0.936652235451944,0.504696478577072,0.24110217191898986,3.6469124114799594,0.8963714299365767,0.26455065321446025,3.8479937740671746
37,760,0.11899338475222858,1.4844047432850624,0.05415326058010472,0.880434469210679,0.46321255194696065,0.40958393044109365,3.552813848127008,0.8887107829543549,0.2677664455675807,3.874161421838854
38,761,0.11580947646894639,1.449107444998188,0.46836285613860673,0.9970828875672298,0.5512905845803747,0.2432594345781399,3.7835681308904654,0.8836919279465706,0.2830535736257845,3.9399262869305454
38,762,0.1351283081356891,1.241800598864713,0.15084519181473968,0.9906989597879485,0.5214199684869507,0.3966231149661754,3.7123057089993643,0.8988442252100546,0.27342065003342475,4.006272184282833
38,763,0.12450045880287905,1.2000190766694812,0.37455154995410356,0.9297187238959843,0.599822897333816,0.30627505536514377,3.5891941171036006,0.9144769196133635,0.2759997192997929,3.8589774653377495
38,764,0.17610226128755588,1.2561278361172405,0.5343741859819406,0.9999985702193633,0.5520909927856653,0.4357837276153444,3.7825999839117928,0.9000902466349399,0.2847687677937264,4.072563147202333
38,765,0.15568194612463498,1.384250256892271,0.6146291250889275,0.9965359325842812,0.5914391017986291,0.23055873889941486,3.8488339147393784,0.9013529367480834,0.2860837807556741,3.9685208831783347
38,766,0.1484870870343073,1.2686694748486882,0.4011484250318901,0.9494974197607482,0.5669438649003775,0.3760369486641622,3.6575186352347013,0.890854740304016,0.2905121858273058,3.9279134745220405
38,767,0.11219611369319489,1.488840701305009,0.259737285683718,0.8192481359767101,0.5031803928513112,0.40028894218982625,3.555816611101483,0.9048121982874896,0.27662638870642275,3.8698033325494365
38,768,0.13986801105384974,1.4719695928752419,0.4055168595449052,0.9105011931704279,0.502907907902152,0.41755174112911575,3.726078540555138,0.9030872458167718,0.2805391997197527,3.9769261947687307
38,769,0.14944108003694928,1.2355747382827271,0.3264429083362159,0.931553090734225,0.5602482393554092,0.39798581840689035,3.637339291819412,0.9160669765680008,0.28372401837463684,3.9076199170070125
38,770,0.13511216069476573,1.2657586588445993,0.16826663598292305,0.8981705324280135,0.5255993509016909,0.44759521097826155,3.4727706007932015,0.9080219271066815,0.2703421698041663,3.8668058286474554
38,771,0.12330115112766878,1.4474576727889685,0.4774120412980136,0.8702286081980202,0.5285515185264049,0.3831342454765248,3.6148178294822078,0.9110601040081875,0.2738789501329525,3.877330515658156
38,772,0.11339452705550698,1.4001495261512027,0.14450941539109668,0.9997120128615,0.48882916891768535,0.3875895134040289,3.639858337452739,0.8971191689792611,0.2731744205260721,3.9263832961146434
38,773,0.109885131167658,1.3804087455838463,0.49000921522361773,0.8464998134263686,0.5416676530112801,0.41075140759775736,3.5888942161311785,0.9018344017547353,0.27449795613081013,3.908993003161978
38,774,0.15613468329038566,1.3273891079385973,0.4620511839465543,0.991534733705613,0.5414400724301317,0.4042355549443247,3.7550861869418783,0.8971689989059144,0.28355699961422937,4.025797014329726
38,775,0.20078907488933992,1.4978620542304837,0.36300852803136274,0.9689510167400387,0.46869609175657523,0.4271827708475757,3.717455079549539,0.9077625679777107,0.2590605291667463,4.016977963829034
38,776,0.14447739965544454,1.2731581931343456,0.3350563545718751,0.9741062280454276,0.5778329783010226,0.30678140852655916,3.6900520861483983,0.8989296630403615,0.2844222812095404,3.959847409716778
38,777,0.16835426292583683,1.1966563051020493,0.16191745036667685,0.9675112583457288,0.5924058839134403,0.23016942651025235,3.811375227083882,0.90542279434876,0.28430366738896884,4.023631513479624
38,778,0.09699404868180755,1.3852734113178533,0.32440324257352937,0.9850435152245044,0.5242110355011137,0.33799762681123247,3.645942030477082,0.8904145031790691,0.27428521071363565,3.910050354403155
38,779,0.10874057931677127,1.4199779614746333,0.09131655269193635,0.9296857132569087,0.4940275541406822,0.3641109839757265,3.6427856801641165,0.9034107328171441,0.27680899724853586,3.9068253553944436
38,780,0.11330369842819119,1.3828761002387948,0.06544928130654411,0.9381835088259821,0.5187720121543358,0.3022492857272404,3.583683664720705,0.8927540361110651,0.27970377270531527,3.851623430366552
39,781,0.16444989616396435,1.4987810208622985,0.01041356011896758,0.8250454633630632,0.4856227160003608,0.2482981149424071,3.758558351231238,0.9050003772392451,0.26761920341613044,4.00935033052328
39,782,0.1370563174498138,1.4358349602321347,0.5323934159284317,0.9744937361313983,0.531098242526438,0.3819988315047075,3.6598376141156455,0.913627063382506,0.28199089625063667,3.8905588606616286
39,783,0.1115343745481004,1.4285723471608045,0.18306683995121512,0.8988266924879109,0.4984090809316738,0.43350181229101975,3.5581068854998166,0.8981172691617246,0.27498619088308207,3.9399560204888795
39,784,0.12177389223677297,1.3718017812867151,0.35058662902212073,0.9033870613320735,0.5423862601279538,0.32044508017336826,3.686241780665449,0.9085228188863997,0.2751049988463691,3.932069166178901
39,785,0.15811776544323364,1.3486180589770926,0.49054499571413396,0.9443839517661734,0.5701923606655926,0.31856175741431614,3.6750687005910154,0.915251525663334,0.2853566422973643,3.8637567331390725
39,786,0.10216405855334038,1.4544161525996113,0.3327531462931541,0.9596420716566219,0.5169233557891251,0.3270247612723597,3.701003780724914,0.895783023300846,0.2762516604472453,3.925314925571292
39,787,0.21975109336189577,1.4998193926188856,0.5754121411696215,0.8358369575918468,0.48719006641410345,0.46551404781177086,3.6213076012411123,0.9144019770372729,0.25261950950263706,3.9684096696861495
39,788,0.11768627755413417,1.3790119126240343,0.278948407831885,0.9800039139947154,0.5237735792958269,0.35234691638290794,3.671830253471054,0.8988580620513105,0.27658132562362,3.9664869140628745
39,789,0.13012045297620567,1.3536158354044379,0.486393465797085,0.9803602028247191,0.5468169235076533,0.3361450864997739,3.672789375096397,0.8999076206456336,0.27019547379362924,3.9362342610028853
39,790,0.10479110756668199,1.425426913392378,0.36368184790684055,0.992842628894962,0.5204057768386906,0.32376731885756377,3.6799393820803874,0.8972342440301798,0.2746647374141371,3.91336461929331
39,791,0.10197842549146009,1.494951301977327,0.10939623928961692,0.8805245409880362,0.5019929731672385,0.26446848061746697,3.68306338379694,0.9001080920687132,0.2762442057052977,3.9041538567942204
39,792,0.1090813345496434,1.4995806983195454,0.07568530320768267,0.985871792141315,0.47291603485375333,0.30527123789800914,3.714413812525262,0.8880788714641547,0.271013205726694,3.9220482565177144
39,793,0.08616189190838107,1.4690389893994853,0.23898431733989178,0.9913815911866817,0.5049894270366371,0.297988970097136,3.707622370575091,0.883472609448788,0.27650663839500883,3.917894972187207
39,794,0.12998757160361435,1.427158543368511,0.5373039786708876,0.9004272834925532,0.5670666210485269,0.3131143116339594,3.7127995228987762,0.8959046361213805,0.28171324222034716,3.956018209140143
39,795,0.1557871549202752,1.3924076908672771,0.4062588447180692,0.9748575799422816,0.51652267523789,0.39325415037182376,3.6658067027218477,0.9044636308604165,0.26804831818807867,3.9842284536258163
39,796,0.1644537213870883,1.2592262970952146,0.18240750178745269,0.8660999477769831,0.5216482887046661,0.44614394869819896,3.4722292199819167,0.9164293343771831,0.26762118003411095,3.830893049492972
39,797,0.12667904478144193,1.3643784163030903,0.2894483333033858,0.958700795701698,0.5036967494159718,0.4182079454831299,3.5758989640996424,0.9026415185246142,0.27014151869251785,3.8769098630705585
39,798,0.11919066165359495,1.469843283430306,0.3146608510810112,0.9733040637742263,0.4767592423494722,0.4632960847939187,3.479136316652687,0.8880546107860032,0.2717473248842429,3.8141260938911783
39,799,0.09518643252756413,1.4332143134917201,0.27134501702179553,0.8722556518481965,0.5019701636945852,0.42498005680513257,3.56139869464591,0.8938353727337714,0.2752841995883649,3.8851445978187806
39,800,0.12580567582939745,1.3861235392040425,0.31203886536046327,0.9166481566894864,0.5355907391015079,0.34275241396302314,3.66623400924309,0.90907130153447,0.27573209007034,3.9540048412029294
