gen,eval,loss,eta_base,lambda_pull,alpha_aniso,mu_responsiveness,k_pref,r_pref,polarization_mean,turning_angle_std,nnd_median
0,1,1.9881358461274639,1.2548167018257077,0.3776476976717139,0.3943638889601298,0.35686081959273463,0.4711611067417021,1.7348884744997635,0.9604722336892152,0.13287751514110044,2.376409556691587
0,2,1.2085408177936638,1.2885472939806144,0.3477573511375251,0.5638088826839355,0.5051122102333493,0.55470193447039,1.8990459456720872,0.9400240898585377,0.2265490147665387,2.5240848951853847
0,3,2.0372778017197755,0.7097231828762178,0.4231884889730587,0.7267576677300557,0.3520146223109022,0.3258592462645592,2.7030314026401054,0.9865666070234373,0.07469301407370849,3.1634238887268267
0,4,0.4847737824746387,0.811819849080366,0.6165640141059013,0.2798724957962521,0.7560554190922161,0.47622690837647863,3.641710388089488,0.9652202762165419,0.2465616367988658,4.075542649024482
0,5,1.3113173939196932,1.0522396657940354,0.3632532886139533,0.47542154525877167,0.38155729081827594,0.3124944186871502,3.660656744433252,0.9760607646120818,0.12618997369855683,3.9608132594767214
0,6,1.7847179347295024,0.6063349895169133,0.42064863337017117,0.3625631693813248,0.39785918105730056,0.2560224091486928,3.291387713897369,0.991044868584939,0.0728642275480332,3.6914624342993756
0,7,1.7140310080774932,0.48715310238212217,0.5468835302578761,0.8319659681420036,0.6835712881443834,0.3231421274218755,2.696387154411041,0.9785156284789173,0.12774600548331483,3.025186901409042
0,8,2.0445262792463605,0.5907956777497654,0.8384937409749709,0.5101617203157998,0.43533791710127556,0.3767290588072228,4.72823300127423,0.9924801535867884,0.09440547255292013,4.900686615737099
0,9,1.6440173605965884,0.833644506694856,0.6234416506176195,0.5600350645672367,0.48659344248704317,0.19004212043644608,3.0624370505092293,0.980260510920014,0.11658148497181557,3.323088826418954
0,10,0.8130232486145892,0.741509614655062,0.617325615945832,0.6677994794095857,0.7176025646463812,0.38998355829866,3.901921071226236,0.9656787240367513,0.21253854630451077,4.233493292396458
0,11,1.6430904997316922,0.5887685765209372,0.75057571916895,0.602587673863918,0.4963419482469854,0.4183948203045964,3.2486090939025374,0.9872962345973978,0.09505885576634247,3.645180620163355
0,12,1.9956644086268356,1.1168562284863994,0.8039658963230215,0.9371223666186982,0.2986243753000719,0.1478173279297776,2.956948919699184,0.9727038366018019,0.0826497684900859,3.0992705267148573
0,13,2.0541707258169204,0.8448103794453925,0.6752352445108647,0.5631280415735795,0.18599468113245848,0.30713000925615286,3.86304621674321,0.9943663242787159,0.04107891061174647,4.1628049702360315
0,14,1.1525729286915616,0.8644265259020273,0.6524035060863305,0.4555336303779436,0.5138626441699976,0.37611946537269486,3.5788467384736666,0.9785300819898893,0.14485991089063147,3.909293496767699
0,15,1.0269875323200088,0.8555239216354954,0.5238019275100612,0.36586530718261,0.617963180596042,0.36705554644754085,4.068081060090881,0.9722858783476633,0.1934949140662697,4.365671369518784
0,16,1.1423497644238951,1.135697006372422,0.5370315920921037,0.42494175902171893,0.43502565233547763,0.40929118590890023,3.35259343782461,0.9677601123209774,0.1551107257852522,3.7264393846403165
0,17,1.2214892851745258,0.7037209708400988,0.5087194440285802,0.37599776452367195,0.6756489073164174,0.28739991429521416,4.132699934375519,0.9809352203007672,0.17161161406431044,4.41506183969376
0,18,1.3412980528876166,0.9129776597014239,0.6187166939490742,0.28101398111522474,0.5804896001810369,0.453681359141183,2.6514565686905973,0.9679094678910796,0.17118977554005668,3.1127450895731337
0,19,1.4440728210059124,0.7254588183189857,0.5065229636964761,0.22537195885477232,0.6067301088026046,0.46846643947740657,2.715504806775232,0.9790169129543903,0.15075903497677384,3.227250583976006
0,20,1.6611086389249972,0.89815287402595,0.23754113060438184,0.49226076916068406,0.2591537050869228,0.5070037125228537,3.578063951553653,0.9853578959085769,0.08176362879383231,3.9929649840437955
1,21,0.7265887108643718,1.4150183870246669,0.2020121597226347,0.4321871458746241,0.4908348339209013,0.23251163044300563,4.198528523500116,0.9460726708577631,0.23304131574889472,4.401004693612225
1,22,1.121760242455791,1.0584072030941987,0.7230061334959624,0.6304254199174679,0.4587436918457951,0.5646387504541397,3.858540984053076,0.9661021603376131,0.17342717317848502,4.281775463425633
1,23,0.5799488914031494,0.891299461034753,0.7009327084058748,0.2379797058251778,0.8956692087995904,0.4296090864053255,3.284091754463411,0.9487689348903292,0.3200875665319908,3.6927561439347607
1,24,1.5886160584241313,0.7113574689042537,0.6187403373631432,0.47245772295798216,0.4641945801200933,0.37278491352805293,3.2412766689668935,0.9859896961920441,0.1038673812639594,3.6238672807188292
1,25,1.195045641489222,0.9533574941962041,0.5452021773614006,0.4869229212568927,0.4906560806353143,0.3583811294252846,3.3643047946008133,0.9726266211079617,0.14853807884289483,3.728132182819298
1,26,1.063528000074567,1.2618433429900842,0.29084581109329244,0.022898686557275026,0.37064943654811666,0.475663239125392,3.559453430570744,0.9660510191025036,0.15744981173892497,3.9431860200592665
1,27,0.616006014719808,0.7568330066070798,0.6625957591141666,0.37482358751021466,0.8064622805984627,0.47199926217783056,4.209905337429737,0.9672251493334774,0.2668687802194484,4.612658467224454
1,28,1.3663674071964458,0.7612667033318139,0.622671623495244,0.2954172250264301,0.5450386704494389,0.3740372157436509,3.2746770350066443,0.979038237194102,0.13287359549710165,3.63083023563167
1,29,2.187328929244166,0.7148013957327313,0.7213587513526536,0.18662281206975057,0.1099415743500902,0.6056647277202428,3.1524256470050718,0.9738870759576056,0.02401663985363774,3.5560301868138433
1,30,0.8936887531378712,0.8725720948784051,0.6751580243359302,0.18497541157698744,0.6421564957299558,0.333560869175174,3.513818868445304,0.9746729587098256,0.18294368652153134,3.8342897034949055
1,31,0.9716298792205809,1.2836930135906546,0.4895680047126447,0.3356660662280827,0.7501994437841569,0.4517211167493791,3.191350671690425,0.9104031821356042,0.3750008888566893,3.6137891694886703
1,32,1.5389759676522567,0.7708388985524052,0.6833829763960921,0.38434748582034495,0.5164975375458264,0.3630875641448532,3.083998912747888,0.9825198470228977,0.12312013170286999,3.4406895972413096
1,33,1.5332539853311513,0.5497265835909431,0.924597263313687,0.5105376345053476,0.5677639128434058,0.23348706362138336,3.752862045618019,0.9924541458967809,0.09814020812100734,3.958235578129186
1,34,1.3275746748094353,0.9797417206886042,0.44897031951226785,0.7900211416212188,0.45272181909043063,0.24970069085026272,3.3386845788365402,0.9682219515976438,0.14271408163773636,3.541851500690528
1,35,1.6023540320369216,0.40358884131774464,0.007189381483776014,0.6058172509792886,0.6218787474062468,0.44368294215768317,3.9928191549843306,0.9882502480509542,0.1210973346773033,4.426534753601919
1,36,1.2435416531014534,0.7918869545067112,0.3075423781688461,0.30091668844276,0.6468914034581275,0.25675389073783716,4.462008231678434,0.9772671762516948,0.188385856623962,4.7033000615384015
1,37,1.712762932655201,0.8083458491385219,0.6671418670708611,0.16560715258738656,0.4420339383340377,0.2832434487414674,3.0382413214516477,0.9849509687772764,0.10056443291083723,3.426336801650799
1,38,1.212151765415413,1.3867193665731667,0.5613689041194572,0.6684266793153271,0.33747738563162205,0.5695067163040777,3.722905168418413,0.9573456073807195,0.14917843620729815,4.1364886498089755
1,39,1.5755817786544046,0.7339931608757989,0.3371713191201237,0.4374379426979259,0.5313634879093979,0.27346644229560657,2.8597298670275784,0.9790070948462558,0.12730370711160072,3.30208417970506
1,40,1.3132460400418022,0.6516147320386417,0.25136022339000685,0.6083263181296751,0.6255484123306776,0.4586926128099704,4.586025240288107,0.9759344179597242,0.1933818868208085,4.912614238313504
2,41,1.5044443809833608,1.3689180374839884,0.622061172280199,0.23499260419931517,0.7805565415402329,0.57298926646993,3.4648319304687556,0.9007123756886806,0.46307822257260467,3.9900121578343337
2,42,0.9806631739461498,1.220549679024274,0.6263751071588959,0.3566064060568418,0.4798907136748096,0.6173700348579361,4.239400206898894,0.9555347177393303,0.21815806957404962,4.663159586100551
2,43,0.7510328342006638,0.45921300792591113,0.2701230480198975,0.4768472693995857,0.8801862936960597,0.6946730265486629,2.902090947703429,0.9783183842977218,0.22053981355230415,3.5903310169608202
2,44,0.6279893048735856,1.0964085721914587,0.6622502151028629,0.5522776393816188,0.563514281145252,0.5337797405234734,3.197721565802731,0.9516858615994161,0.22572167699669654,3.693494070733857
2,45,1.0291196324081986,0.8324628997135215,0.3704259120327424,0.2906292142853544,0.5495113933617385,0.3870266850891042,3.6128034065602135,0.9747164536377199,0.16510258443838166,3.963573167488151
2,46,1.3846753809821126,0.9593157906812125,0.3338628280319208,0.06965635649654192,0.4634537228182265,0.3223298809201231,4.142713734498807,0.9773646154755783,0.14898286049947954,4.422003335020298
2,47,0.711354455350266,0.9650288070500235,0.213176607132081,0.14912525024895285,0.8032227418560286,0.27755012243712973,3.993551441270785,0.9485998707358956,0.3228301940118327,4.310741343996968
2,48,0.6305277581216372,0.87415430738108,0.49883202622547235,0.19652672999368184,0.6818402433559575,0.41795152185660245,3.585918617744312,0.9658815625249888,0.2210468569351438,3.9977944291059275
2,49,0.209867972097865,0.980304787195365,0.38795868989508087,0.49072271602400813,0.717050091962403,0.40054204092473433,3.539607666854902,0.9456360150747785,0.2802286942743187,3.9425341215930496
2,50,1.1502755201195631,1.1163443055266995,0.6070362394036757,0.14179020818614418,0.7944918244767167,0.37362534893075217,4.369458974394544,0.9417760157066868,0.3624667371449653,4.6222311228668795
2,51,0.6407498564550077,1.2309139021122797,0.9875027725852453,0.20959531457194602,0.7638181437900308,0.44210629501774446,3.222633768117797,0.9349231083477954,0.32084340617584906,3.5521852450401603
2,52,0.5465207154887295,0.8613667901675893,0.7072198325773247,0.5217348294767425,0.6905382325075149,0.5306337690093891,3.719844727259028,0.9596901851236174,0.24684104477221847,4.212807752827954
2,53,1.9708792584877528,0.6927704425962192,0.7280081679335169,0.388085708818139,0.4504831653332625,0.49752953785472886,4.958839409867091,0.9879529005541876,0.12639157009692953,5.219250863287565
2,54,0.38434218069527415,1.2170175287521667,0.5021626156426156,0.5828692921443345,0.6658537270409918,0.43616239728142175,3.531886802608171,0.9283841441318371,0.30800449702628874,3.931340599104781
2,55,0.488455552093128,0.7707139939476112,0.6447713799734609,0.007289297313529763,0.8305554263795385,0.30748430785773917,3.542573977216507,0.973032252647634,0.2367591355545311,3.8601087442419897
2,56,1.647311166930882,0.6635601384825222,0.47415670916115626,0.439947502707928,0.5880242437418446,0.3514297119000238,2.6708092721865095,0.9808301109960997,0.12864924963717286,3.1478135027407275
2,57,2.83714165760099,1.4902890256377699,0.7606564606923452,0.4880978834049797,0.939892886672852,0.5166227282201648,2.366332493125583,0.8530955106122313,0.585541007923727,2.816151905049744
2,58,0.27815896879383745,1.0448797698069745,0.4640776859083404,0.29840793403075744,0.7104382063179445,0.40481937300754706,3.6252341549749647,0.9479360389618163,0.2862040897167359,3.9857167445288852
2,59,0.9371031352446662,0.9737758451888794,0.7857925412786202,0.2803749379271753,0.7699707269077983,0.3951383692101283,4.705591519217485,0.9590814037354166,0.307094525071607,4.947220898635087
2,60,0.7074138362803832,1.2512368454795841,0.45545333806936605,0.41752450567813415,0.6822393505985214,0.3996736080890813,3.9304307256078714,0.9296339487040693,0.32976955177839756,4.250233692630557
3,61,0.8369738263658173,0.7068140477001073,0.4444169394007432,0.3013610790671226,0.7521843346907037,0.49114715963099975,4.278526809811598,0.9710004926607706,0.24265270940665612,4.692236668905126
3,62,1.0489337089627897,0.9980525975130762,0.418654691522878,0.39994721946787726,0.68199400015628,0.30600596401115715,2.3354194025847286,0.9484160678184728,0.23330110843895563,2.759451797692228
3,63,1.059485663776952,1.4973968274508915,0.5161219634031966,0.28967997518011074,0.7507011396627004,0.20701599124203524,3.3128594788755024,0.9015067795072499,0.38389351284598544,3.547080577097737
3,64,1.1692329608795455,0.8438070951042743,0.7154223959299767,0.613147938660901,0.5159889429008944,0.420196748923024,3.75296868496617,0.9766757618133395,0.1529217101250673,4.059838409107498
3,65,0.26372137992983213,0.9658634357038945,0.4702245282961986,0.5743691231241482,0.6954630629012093,0.45948914542001623,3.3467043501582134,0.9428264350888597,0.2679870842346826,3.7853443573444174
3,66,1.194703541409413,0.6897861150288499,0.6929285243127443,0.43154875175338236,0.6932851591620439,0.46746550268159337,4.422512924835915,0.9784114683525447,0.2000768374741671,4.770421185262956
3,67,1.5390156951767962,0.5695749902187941,0.6468008255931513,0.5474725257227386,0.646053281065063,0.2691233691705775,4.252049319596207,0.9873194428966388,0.13292273453493436,4.472255408265992
3,68,0.5330292503109372,0.8238622908034962,0.510575987320396,0.7849839300649599,0.6697780565612594,0.5046429468602913,3.928951579533727,0.9556195704667182,0.2579931152580607,4.353514839664024
3,69,1.3666038825103637,1.142655221040128,0.42342527868682434,0.25854393283786403,0.8640899701675472,0.19981471096457248,4.422511279381915,0.9326670212030089,0.39599701304495494,4.59200061520975
3,70,1.6013917702245541,0.9219304729070662,0.2422783596559785,0.428040599885661,0.34277705460796537,0.19872607349169136,3.3742056112826018,0.9817195928864567,0.09623898398349659,3.696457219271101
3,71,1.5105987959311016,1.3851445841304884,0.49209177136043936,0.13866784413522154,0.7067861740347366,0.454243328277816,4.368700039143489,0.9142928490487794,0.4143986291347687,4.656368123729105
3,72,0.6290419487713678,1.0838038699860726,0.6214749941775307,0.10789866250438096,0.7631290358340627,0.447931849832454,3.7570781613356976,0.9439152858982993,0.32553592532119746,4.123481116959534
3,73,0.9880376228371806,1.104032590074768,0.6922864028966255,0.287060912175619,0.8703767292980559,0.4089294320638704,3.2731301943574076,0.9269785065406421,0.3774955875750736,3.656404787015231
3,74,1.5525894886759375,0.991569417510593,0.7976665954263519,0.4579710961638114,0.8393571423867076,0.6835726128486315,3.7937761105963568,0.9296948611583128,0.4401945480362805,4.337670862626901
3,75,0.7094478866008134,0.6313243444990145,0.5966171732033361,0.2829349991347446,0.8520403066647323,0.4162962759636695,3.92268559885347,0.9756200051434242,0.23315019543498067,4.299002718662853
3,76,0.4020743443758853,1.405473977201139,0.5409173631748174,0.3641296383477085,0.5813019321405507,0.4090769571960652,3.9809955201989777,0.9379492285493585,0.28370851495759103,4.285836351396369
3,77,0.894960372271607,1.0546635716903303,0.440552846911042,0.4974696884896014,0.5337488095256615,0.4776100302902971,3.929815474805868,0.9616569709084081,0.2073661720135739,4.329578607742731
3,78,1.4925356186816685,0.9613734514308078,0.6517985308999223,0.2039429434070911,0.960381599331623,0.49377017937706447,3.6992408180986187,0.9291643777189247,0.4463035634904224,4.1358677648263145
3,79,0.7805189550811142,0.8735429266105723,0.739718446771186,0.2616197002519421,0.9297373066118423,0.4698500407611004,3.0717824373352243,0.9411759420796473,0.33590319796484447,3.5073942476942066
3,80,0.48537781609317,1.0598801426812812,0.2527983829602322,0.289811122833843,0.5501174504816035,0.5573075355933204,3.558222443173194,0.9470653784669674,0.24387201612037215,4.081897880501764
4,81,0.4123087676716226,1.2126869013418557,0.5512966915797008,0.23203635362917044,0.6352617653872048,0.36287569913618645,3.262927113419492,0.9413851037022507,0.2593693225582313,3.6142500859126074
4,82,0.9802989080561542,0.8127904498682338,0.5101956230417806,0.3098123894603585,0.653809651135192,0.5331341385334776,4.41421730636343,0.968864796547483,0.23448359865364504,4.861065189259728
4,83,0.3675154666798712,1.4312389082588586,0.4482827746039373,0.6334076758689281,0.4734173960867182,0.5947823667555101,3.6175249550015667,0.9284811009626679,0.2554358372498921,4.059723877690724
4,84,0.5686956099786664,1.1080859813274353,0.6299692501692091,0.5912650979614041,0.7074961447794554,0.5335179908995126,3.2308492974620293,0.9284858968928725,0.3253465393441293,3.7406678709579646
4,85,0.23481909003339996,0.9378610659116772,0.6047061080946915,0.44441181011574915,0.7361546857948125,0.48554754629176056,3.5360516316761386,0.9497283614014476,0.2740532219914309,4.013568994068473
4,86,1.062145012053315,1.0651257146773527,0.39861639023676726,0.36724534699003125,0.46250361235798676,0.5271892690943802,3.8970777189747583,0.9644310672533581,0.18338507153429578,4.310160039472217
4,87,1.005578979374066,1.3788830003254446,0.4580770058111672,0.40336344556382214,0.6967829897646679,0.37807455416783103,4.023219555075129,0.915346486359369,0.3679950504759403,4.325370566026655
4,88,0.9811921715205721,1.2675699586781932,0.4417605354632994,0.39212377834434403,0.6488136277489895,0.4059990345747699,4.598116494330563,0.9384956130430867,0.32207046072618983,4.870693547176056
4,89,0.7223100850262006,0.8105969903764081,0.42342991662201424,0.3535594871126818,0.6960135590477,0.5208120067389789,4.420184181532399,0.9639985724496902,0.2678415523133128,4.8409632842110195
4,90,0.4800019313239755,0.6789484811047674,0.457532872417694,0.5414166624120864,0.7722114449552577,0.5071386568535209,3.5161217904439113,0.964460400293374,0.2429298795645219,4.016832700759494
4,91,0.49655877812722915,1.0021074648929813,0.555342394579985,0.9103761836657727,0.6217475297829423,0.45806720102496323,3.0871587058297676,0.9226716568125916,0.25410687086980677,3.480041408220859
4,92,0.9314678899733327,1.0669100476798286,0.2782831499513471,0.5657602832913234,0.6064657132665455,0.5837437751057758,4.362663002365394,0.9384009637024511,0.3188390915764785,4.819708715568109
4,93,0.9012855413473309,0.8101182824774141,0.5972141599452792,0.29336379829317083,0.7278739422094,0.3246880035776652,3.1432816460198385,0.9684535451025293,0.20201857223145897,3.5356791821688582
4,94,1.1766876798870887,1.1819127068720632,0.4216504818687919,0.22412921747014067,0.7622994462167932,0.45773827629326724,3.979976011047739,0.9246857451706777,0.38761370155018915,4.359530986599658
4,95,3.329914782904585,0.9267071263650459,0.636660650522183,0.6220399477171276,0.8764627262004222,0.5839502969575281,4.91012070625337,0.8954781008182442,0.6244593944700345,5.279428254771349
4,96,0.779227987348623,1.071439961490009,0.5814245786040618,0.43628755441724537,0.8039414961843707,0.32080323599598887,3.98376233840923,0.9408512810384918,0.33708763019719845,4.260157431315401
4,97,0.31927351788985137,1.2309497021529823,0.483315367308138,0.4585471446976076,0.6099941500761646,0.36044985423977893,3.734496152801112,0.9410416043335592,0.263447815974411,4.049000035610727
4,98,1.183081443508815,1.3589594930779256,0.268975101075807,0.33638001124698025,0.6862556016026763,0.4420284559003,3.997924698577037,0.911444425813681,0.39062095181333617,4.361006290292275
4,99,0.835190799651815,0.9166457366656384,0.5291715246601768,0.15084205920449936,0.7324540423169308,0.4255284128655745,2.656806849129352,0.9597073956476351,0.2391720329173977,3.1195087702309507
4,100,0.6065031998938865,0.831426415686015,0.6463523124527815,0.35976730832363674,0.8354917068124526,0.3985006923427219,4.203367398251292,0.962855537304198,0.2891385248090548,4.548015472354086
5,101,0.8732711488442308,0.8413782877630787,0.4227816832248691,0.6236230015776886,0.5992343275656727,0.5022559359547474,3.7565960371364056,0.9655181101714104,0.20386347812437897,4.2287848130164445
5,102,0.3427352480674939,1.04416783515067,0.4677466624569416,0.35477351460001066,0.7391758516062823,0.30869800931097047,3.780995098434277,0.9482955393130068,0.28875154628336547,4.0746286212618195
5,103,0.39982746222777754,1.3285701479245189,0.2557066172352142,0.4412450243173236,0.5651365571297886,0.5127309005904093,3.5715481233573376,0.919596545268335,0.3051192281368742,4.023049637580558
5,104,0.5959186683170583,1.2647223466811293,0.519323574224556,0.36728359683310347,0.6423686662694915,0.6069697072731248,3.2561255567298586,0.9222850568941923,0.33665914418526455,3.8325166822281345
5,105,0.4345093702270326,1.4048140871846704,0.5426229978635053,0.6365160633788426,0.585016044783442,0.5116770820011779,3.522975848737789,0.9160572152509037,0.31480253284715665,3.962379949747094
5,106,0.7288598258432312,0.9471939873336911,0.5833516730514935,0.43474503068917303,0.6259536708538229,0.4702239329661936,3.7182724557056726,0.9630940372332788,0.2173313298953951,4.143410223303069
5,107,0.5108172110488423,1.0486174954549132,0.5151298090405603,0.24751818518358076,0.6391677449675625,0.4554966387413188,3.7667536265334127,0.9549684842233128,0.24799300604418248,4.170773130241341
5,108,0.8513405230068916,0.8643629567205379,0.41597517260657313,0.7631914109080794,0.5876484064633013,0.4174885270419617,3.928040134278044,0.9573131720624936,0.20796938249948305,4.263497156027614
5,109,0.3375680781496431,1.2150077886839572,0.7647641734075081,0.28465916732719,0.6725032793492974,0.37533998205252644,3.346292187477345,0.9472195670362232,0.26602868878065267,3.679658489421717
5,110,0.32314230806123745,1.2136339936783331,0.5770220088807398,0.6897452450304478,0.5718714358544122,0.4925528562280753,3.3317326391745645,0.9323459265263431,0.26256043454531974,3.7213342393718944
5,111,0.5456940820828626,1.193760019553591,0.37911186856812285,0.44314159192930785,0.6018685632211496,0.505696190620292,2.746895896943135,0.9361886107808456,0.2618498655879701,3.307285978552797
5,112,0.7953106728834254,0.7733235986216968,0.4645490541075873,0.617718885151904,0.7002698521467812,0.44417611361923914,4.083329993688437,0.9635448968489003,0.23151550558481543,4.471754858922655
5,113,0.46319553240066347,1.1335025984123643,0.46979790335387006,0.4596033834198182,0.6569700985786037,0.43356781966372937,3.936116345411126,0.9421695075864118,0.2919820532276928,4.2780869818017315
5,114,0.4544925068296768,0.6647173347438895,0.6689367647275138,0.2829722829800157,0.8615183583813674,0.5236173339819363,3.6025793483837876,0.9709163817793526,0.25519789049866237,4.124887227014023
5,115,1.0516590476967773,1.3024445803772207,0.5365751846804411,0.4578356769119428,0.7717223931273022,0.41623105782472203,3.184779851700382,0.906667984741895,0.38527887155498985,3.594113217847672
5,116,0.526868964795614,1.0032540283654894,0.4879068763640261,0.5122274225736618,0.6055809305663972,0.4370983448666671,3.535202306074038,0.95799502373234,0.2273907442198128,3.9042336262603925
5,117,0.7799547116970763,0.8614796467116537,0.47474064414175643,0.3806719885744977,0.7992507910640803,0.48968369958367913,4.069020531566716,0.9534127196292006,0.31818126458683516,4.498415006882589
5,118,0.6895911077711445,0.7503639191015014,0.5748549204076397,0.44180870199759104,0.7742087260637788,0.45676345970381,4.035946172964513,0.9665619176263445,0.24465514852458195,4.44414210095308
5,119,0.38775947492869867,0.9864130437846841,0.40141108073613924,0.39339128490590725,0.6237446816407816,0.6158857689647428,3.0714460565410144,0.9488345338776764,0.2567125564017731,3.717201105604242
5,120,0.44905530916941006,1.170003170083865,0.5502241489453962,0.5117861063779438,0.644531320522742,0.41230864649053245,4.065214270883347,0.942891293402325,0.28259936657569007,4.381192315133441
6,121,0.6873151296905633,0.9496784835040912,0.5345969193933154,0.5871988909646918,0.6074384275859283,0.5008611385920256,3.6989556702260913,0.9553590907971264,0.22246230715200288,4.153286304168904
6,122,0.20340474931043837,1.3357523681780599,0.5696034447307866,0.5634507228125625,0.5888708861500023,0.37873346240120986,3.558724315002604,0.9328563773795915,0.26808462889131823,3.8776965255623006
6,123,1.0742869548129834,1.267943669061737,0.4368952174684437,0.3231555410178507,0.7735627101567725,0.45930729620744026,3.221310440458333,0.9096086980287927,0.3931954048556657,3.668715287170927
6,124,1.1229993984854674,0.8189698054073934,0.6686306177114971,0.5318224691574869,0.6129373257389142,0.43210318407895265,3.162722610274619,0.9716352822396251,0.16703048352274968,3.6051791174521233
6,125,0.38288544728538637,1.1378744534353389,0.6079312838412549,0.3592763514723485,0.6414991084386783,0.431972895442238,3.3044942167907987,0.944769607395614,0.259635907675166,3.6758003664511336
6,126,0.5824258904456461,1.2832488243803222,0.625010507864572,0.31373785705728735,0.6877966211075114,0.48746716974539767,3.3677005979443972,0.9263415207017139,0.3305757516877841,3.782607536429128
6,127,0.5199637213539178,1.1589711612983047,0.5623593434198255,0.25070949271822623,0.6011898970959282,0.3566916803783723,3.5147939994059767,0.9549408643268376,0.22921073314632334,3.8622829121392335
6,128,0.46014039253544026,1.2203650353394793,0.4800954150983047,0.3630085511312593,0.5501366242786062,0.5706978863664757,3.9401670888361973,0.9429334658417681,0.27051751767427745,4.418423006213919
6,129,0.7303679811338223,1.1723959908270956,0.5985996858764152,0.47101776178713334,0.5220601216748133,0.36812767276709035,3.58332016751246,0.9584872965548372,0.20041462021120388,3.8673248402924543
6,130,0.40248392602428745,1.033046344286886,0.47738450787949305,0.1979427742236807,0.7731317521557991,0.3983701074816649,3.4997423577766327,0.945881964663549,0.31018157794918133,3.891610634091008
6,131,0.314338741817616,1.1082269159717881,0.6007423281872251,0.2278082455529272,0.7347610714045082,0.3054724683477476,3.3231477649107597,0.9491496983618974,0.27991905052992105,3.6440907611481377
6,132,0.35043025690539703,0.9237031548803516,0.567722084475706,0.6820570238859648,0.6805179544575642,0.48654855919045154,3.3396396185375505,0.94887096931632,0.2568444803687561,3.7880881633166164
6,133,0.24799685042138045,1.2733718859877623,0.5648112203788385,0.24361638136148364,0.6182103801800514,0.4919056085395412,3.5059774713584613,0.9389958191468581,0.28815712595885845,3.9206909400565153
6,134,0.40610515729616614,1.0666347582538505,0.6696181157295936,0.5546721097310547,0.7171397123342448,0.5037886973773555,3.149842146959097,0.93935809066557,0.29348708008095553,3.633591002488886
6,135,0.29514516462839513,1.3028712262588176,0.5485630742536293,0.7503220009895122,0.5776930572117738,0.3661763393205749,3.459162158415376,0.921952317669015,0.2604376451540861,3.781088590282375
6,136,0.6171942376561635,1.4044993855639667,0.48679416028413164,0.33134663494460775,0.48957020645349303,0.3756700267748464,3.475161866793148,0.9482796147918396,0.21785891633495108,3.8173218496031014
6,137,0.3668830036036557,1.3190620602236403,0.4713402955828026,0.550157830176864,0.6226327601289969,0.4528068418860749,3.3980403971732835,0.9181914501726011,0.3038710629605882,3.806134275739005
6,138,0.34999352048260823,1.2093650900299444,0.4314346321152523,0.5070089953242817,0.5925143579418908,0.3975255667382299,3.4293238757380244,0.9427692985439151,0.2550250677206668,3.800110122156583
6,139,0.33176623950254724,1.1738437907939687,0.5867221425330188,0.5106829226812067,0.6281115252821904,0.42934080276241415,3.3070150344512426,0.9395707377868201,0.26639738344557856,3.6675858005348188
6,140,0.29795929192720827,1.2548788089315943,0.5031348528533242,0.5574478513997405,0.6038383680538916,0.4438634700378469,3.746328505903061,0.9273561945355377,0.2837449200760899,4.107820714521421
7,141,0.42371295455762975,0.8657629008845359,0.5390699249619928,0.3222625337348311,0.8483823198193339,0.3911085875728573,3.2329454162034557,0.9508961902602551,0.29360258886078533,3.6283489674805076
7,142,0.430060044357337,1.3465223908514465,0.5345195807743262,0.49144546450079585,0.5290931119831142,0.48412192391659925,3.7615254021192857,0.9327324186716417,0.25265822245375313,4.132191819958327
7,143,0.4852504818364338,1.3397523020768525,0.40743026194325893,0.2703326044439076,0.5102914432318183,0.48873057479195803,3.366163459484543,0.9460288635545749,0.23776084684371795,3.788086801430576
7,144,0.22306466753994675,1.4437700711194816,0.5754512360856127,0.6616785716639269,0.5425790961168733,0.493352730468139,3.453308036292121,0.9170343489295292,0.28554935703952505,3.8248996323476616
7,145,0.271338441057169,1.1753078893362998,0.5227599378282592,0.5074609370426221,0.6201723312329471,0.429997113783333,3.5847748557548282,0.9452485196384532,0.26418819797899007,3.9561463831766632
7,146,0.7724310523363662,1.310245561334833,0.40459949911300086,0.3171041317145143,0.6574355784054591,0.412023335903047,4.0552828389942075,0.9277208978583072,0.32890044328450163,4.39359192102112
7,147,0.43012233661578403,1.2020855760336822,0.5424981756311911,0.31840645851372756,0.6721044547561059,0.446314485405486,3.6794197362390806,0.9388762994599691,0.3033837468897205,4.060709459290804
7,148,0.22292444863079441,1.0744764088024161,0.6955885534609173,0.31495917857639355,0.7313211545026418,0.38196455713743716,3.430002399850434,0.9481469125590077,0.27373274943168824,3.7963483695755924
7,149,0.41161015431501535,1.3810112846737819,0.6859020089860903,0.42820555238547897,0.6899229887401456,0.18929871237950457,3.942332142892986,0.9433397321924799,0.3014077238815207,4.041947063716734
7,150,0.6452640190531136,1.240692454048443,0.6055233718267516,0.7865312448963804,0.5261977614305715,0.4418099835662467,3.2420719431654756,0.9341694944292724,0.22655878824004336,3.606461021399106
7,151,0.3735411530691414,1.3917634082201955,0.4671061814221466,0.5343590143776857,0.5185271193961676,0.4028056128659695,3.5547403196318226,0.9382517340769146,0.24610128323750255,3.8694163420995364
7,152,0.7022781254747159,1.0565399069001786,0.36287472402659093,0.40381824387979215,0.7678651529094594,0.43912637205141786,3.6216723801816704,0.9336794086196948,0.3433040041474088,4.039724879620167
7,153,0.419727835258007,1.2425745294744914,0.49719520881760626,0.3979475658841613,0.5679114717105966,0.3740480735520665,3.563153154362786,0.9453931584568016,0.2392583935388337,3.893006132482788
7,154,0.3863074969742374,1.0274250903721869,0.4386391559578241,0.4802282104721245,0.6782002813073083,0.47668336952498336,3.750240590046863,0.9438498926253114,0.28962390084587974,4.1576955191153955
7,155,0.30958330303850334,1.1844365864722581,0.5645972898750979,0.6235681845403189,0.5954064148273391,0.43879011172610544,3.472244332131319,0.932983108226716,0.2566417302419186,3.832723863406617
7,156,0.3268297235558794,1.4912004615504113,0.5799868646335695,0.6782457826579225,0.5567065505825399,0.4264935025141856,3.1818716075858036,0.9114910200025159,0.27982474304464244,3.5290097875588957
7,157,0.300683647448424,1.1869213648309789,0.40486845918469,0.5493963567632575,0.63416776883308,0.44242518405814996,3.2311547350084373,0.9279839587623672,0.2830782664923485,3.664964032091361
7,158,0.4401297098600074,1.1046235179083004,0.5720266987310356,0.5019110291876742,0.7157530202072622,0.33396524593886223,3.0130745944418935,0.942569293544658,0.27345619075300986,3.3642127039017944
7,159,0.6499445958338588,1.1940354925052392,0.5720189605693224,0.3814352656220598,0.7105320339929992,0.4648996536140305,3.686011837437737,0.9271227704963187,0.3342134448875679,4.081652276823366
7,160,0.3807120059715113,1.082336326834499,0.47758900321474373,0.3327147166739503,0.643265683887369,0.41176721422810303,3.7048879395125534,0.9512170707109389,0.2571570003852516,4.055691531032181
8,161,0.20093084956570545,1.0568432243187464,0.4824822277630994,0.5694493947682735,0.6708778668671876,0.4588278374808282,3.5185397400139706,0.9432174339238234,0.2806014910820715,3.92562366928367
8,162,0.23739187751445484,1.2095558247049576,0.5109257045085747,0.5179111826946925,0.6403939608875859,0.38700987440007667,3.3815956502130478,0.9352707793588287,0.27756694216257943,3.7277295876065315
8,163,0.4540858281128909,1.1646154530531003,0.3788141511224702,0.48910627594461503,0.5813556251468198,0.564309191449664,2.8876305247375345,0.9397379113857735,0.2639364517542272,3.4645993682387064
8,164,0.26556157516999795,1.2057479839029215,0.5002748341993832,0.5117400883651048,0.6208995990321535,0.3820061198783547,3.478475781802937,0.9354607328514957,0.26351285700922605,3.827378623077503
8,165,0.22437564503611762,1.2923822882748903,0.567477355510733,0.5098922651956486,0.5886314127577229,0.49117309783088603,3.3364787475817437,0.9243103845861083,0.27824417950478475,3.7365878969703012
8,166,0.25714306178229057,1.3737692171005653,0.627598612135205,0.4620279127579693,0.5904832030329062,0.38109550182902013,3.4800248849066637,0.9349199036396983,0.2659139604551227,3.808613084904766
8,167,0.4180395393272781,1.4921656518221624,0.43175212294968324,0.7244460356426937,0.5592776718495214,0.4708845433720009,3.435200845873198,0.9089064895965825,0.31172080771598987,3.7952280826143956
8,168,0.3087698926956208,1.0167374543474759,0.6037087246773521,0.5579779715157851,0.7051957373248717,0.43850836121674464,3.3372978361593004,0.9492309001268577,0.2638054233319524,3.771850271056221
8,169,0.39678946715340524,0.9524724365078142,0.47200689059797085,0.42316388655088577,0.6890118303298622,0.4546241264097432,3.7147376594638972,0.9545822816704952,0.25981039270918876,4.116420429493666
8,170,0.4320680488144428,1.1209667167755768,0.36718170469388817,0.6614840294087972,0.5561378195197055,0.4888063734915198,3.3888138442102598,0.9375767660292447,0.24204057145485836,3.811167365543439
8,171,0.23883833541389723,1.1096452849365945,0.6316147448076116,0.38674876549939563,0.7188625013153425,0.353972187410367,3.3987196566283524,0.9467687525138982,0.27718523065890494,3.7468369736908853
8,172,0.47220299160053686,1.2502246596759519,0.5898930661587188,0.5837872995066352,0.643698898411981,0.4168094539507316,3.8472455524798166,0.9358585455716394,0.3028752949892759,4.1569581865043315
8,173,0.4910646239738579,1.4651625095133216,0.592287788004425,0.4554618992649141,0.5319709265285587,0.28745555143100815,3.520410340968521,0.9437543056405616,0.23804542775690302,3.7673536030722614
8,174,0.36822782393631837,1.2336575605495694,0.7367457721843353,0.5772272444417129,0.6826571479033372,0.431091546197414,3.414201117486491,0.9312372955342271,0.3000016141722785,3.7799208142747878
8,175,0.2978067958802004,1.4974077899398388,0.6025252115296533,0.5054902831812289,0.5727908417996052,0.38292178794175985,3.213355497882368,0.925602923843897,0.2760338672596145,3.565547249352028
8,176,0.4829817164719289,1.0675547842166964,0.73041262736874,0.4523342160204159,0.7930731714644677,0.3501069809159369,3.4069135315826413,0.9377087295924337,0.3099449592561093,3.7121732264899294
8,177,0.2882955752325629,1.2121837402153595,0.5669055466314817,0.46372848203277,0.6214027462533086,0.4546696945284798,3.736477102789704,0.9381163106707658,0.2828278514338563,4.076390990231931
8,178,0.24084368556104874,1.3869473551956828,0.5629425005887778,0.6711344167134766,0.5747427850686766,0.45832688966211677,3.3970130535691627,0.9228934992495847,0.2832746118678428,3.7721224528569097
8,179,0.41389859345919583,1.0743422945572378,0.8409030884977206,0.34558237250619,0.7858748440775365,0.32885097196639157,3.294639437881348,0.9513420384854949,0.2888551666605648,3.581548749544207
8,180,0.5972091358178179,1.0550234176501607,0.5270707289924508,0.3523480737003631,0.5805206649577925,0.5417702723882261,3.155966287529524,0.9507142686621707,0.2286786905909127,3.7093913048245697
9,181,0.19333076069349175,1.3634465733588568,0.5777540240429696,0.49874260445365337,0.6043106743129171,0.40425632906162506,3.4844363851526206,0.9284462235349717,0.28087123906795936,3.843893995043607
9,182,0.19643354199287022,1.2623231011329226,0.5272005864754765,0.4875739680254808,0.6326662347935912,0.3255616649126846,3.5390196546842088,0.938280924532725,0.2731159984982923,3.8331811162697713
9,183,0.27663125979760417,1.2004791902215608,0.544968369460135,0.5210242900770362,0.6578724199146274,0.4144221899784995,3.47014253768301,0.9357702943453697,0.2899159681239915,3.8267203536549914
9,184,0.407910781095187,1.2619468876110338,0.5398305786450432,0.6340415448169316,0.6107669562371842,0.5643166363840496,3.364277121440354,0.922310266180107,0.3141678304724567,3.8812922954971567
9,185,0.2668375469265837,1.0395149533398136,0.6047033022893881,0.5178200168492861,0.7291587836392904,0.40856237472953544,3.3560274814741264,0.9428999128888481,0.28138260925487846,3.7423525796460098
9,186,0.264897737236765,1.162542191818202,0.5373312853334619,0.48240506670683087,0.6362998606863522,0.4239752154463267,3.6051320570681415,0.9415813360619362,0.26655878124087007,3.985756139156803
9,187,0.42354274880091164,1.0366790158988037,0.6321462877636891,0.4410670372607587,0.6371603559982516,0.4982761516723633,3.395958591033983,0.9485314188656,0.24201271352435644,3.8541714323419085
9,188,0.37727868353008864,1.1729855745926347,0.5324624743616355,0.5471620802352024,0.5821850168462968,0.426409742146328,3.5672875781875715,0.9424475527347846,0.24589585572687053,3.910996377674203
9,189,0.36269200860439127,1.3319875811700979,0.6853627858133626,0.5182740772836151,0.6484916583029233,0.3557415856496947,3.4010529217757783,0.9367731692459221,0.2907615317892671,3.6735116095820812
9,190,0.21340276852058682,1.1256258805210217,0.5472669447261892,0.4538767492863697,0.6707645228527118,0.4348063343291198,3.3724221787709547,0.9399660375114263,0.27545793013364006,3.7711194419352774
9,191,0.2576142443447747,1.062885193987583,0.48845758028219244,0.5027651319030304,0.6500610711162329,0.4446377400588326,3.429194251956205,0.9447501188091725,0.2679727895595077,3.8020021556706283
9,192,0.2741771933397169,1.1821450794370758,0.5527093612706119,0.6001268003410181,0.6224498927332885,0.43258984374159715,3.3436610215057865,0.9314692111109103,0.26845416076635853,3.731431254120666
9,193,0.42324373162463574,1.1802249584793774,0.5739575963333323,0.5340298068413671,0.6630052827030141,0.4674168124075525,3.635579976233266,0.9319107845984721,0.3069150973077393,4.014052973996675
9,194,0.3679749685442121,1.1612038799964504,0.5282352695066794,0.579035437829577,0.6866970167006828,0.41499458066830613,3.43145210454791,0.9273706776508369,0.302745124200014,3.8099274234532032
9,195,0.291334461624853,0.9670588678249592,0.5134468166372843,0.513218160607171,0.749341215789107,0.40911151511416544,3.230535080693706,0.9421934697400886,0.2788765942865338,3.65764405308056
9,196,0.3994438598737274,1.1770311683447934,0.6260176280660028,0.6059410188722444,0.6492884037921778,0.503518280934548,3.5827673545782757,0.9298644633137393,0.3043324579896958,4.009014726576968
9,197,0.34409789659148987,1.0991260252886295,0.5561574266724696,0.6158314943876692,0.6482202866048424,0.45836873844303055,3.233325677913547,0.9383151993388875,0.26665845974416746,3.636917902681769
9,198,0.22462949855295528,1.2438212203599515,0.5712174438348006,0.504265125524935,0.6248774715866073,0.4361650649224992,3.523162539976978,0.937671715721371,0.28446180199217674,3.8555261331701147
9,199,0.3814254166909329,1.276029636402508,0.6146055052263797,0.5691236117044527,0.6112196706034803,0.508409417014851,3.1923785432761287,0.9263146988060559,0.2926174080541393,3.6383860706695983
9,200,0.3744939861977468,1.3434286394289263,0.5196047820769916,0.6282449243068308,0.6354084277844609,0.3666388546727733,3.452430066354751,0.9240432707185248,0.3027015412636967,3.7887210266411033
10,201,0.2505099145563871,1.1268705623044761,0.5524339715953828,0.4242980480924178,0.66691631665552,0.3910969548432601,3.413183742126063,0.9417500009919235,0.27172946139699583,3.7557175083206844
10,202,0.3845713965330277,1.3973402419517722,0.5825567084416325,0.458101521843252,0.6086359314736558,0.4589787758120691,3.510759440807585,0.9229091000452605,0.30929377715361217,3.859395726190487
10,203,0.18534681101040143,1.2632322970008474,0.5789516466342323,0.559700850802186,0.6273942427464879,0.3811924191460311,3.526094576660748,0.9330646278828828,0.27927861115913977,3.8479390496188524
10,204,0.2318460289638324,1.2455606070757055,0.5928259087534065,0.4619386617805957,0.6507276724806095,0.4237655446652532,3.419772769719321,0.9360445902824367,0.283586843674339,3.8252734825953825
10,205,0.298094031639321,1.0583187489664438,0.6214391545198936,0.287993271731336,0.7367245343405652,0.4010631369169504,3.3836784480756887,0.9429882605048541,0.28628709834921134,3.7508998264243276
10,206,0.20977718857911348,1.3361207768077796,0.5320107742896574,0.41664018885341436,0.6187293930249333,0.3775835751430554,3.4365027936651704,0.9327290054859836,0.27965164499826634,3.8048499062958046
10,207,0.18469115943461098,1.2683961893954045,0.5039543431125394,0.5510445640989691,0.6080353464394878,0.35505918100807465,3.6154801314430087,0.9325034227276567,0.27118741861504986,3.916480791403687
10,208,0.27944051729273134,1.0564274147929762,0.4861694828461112,0.3643527021776177,0.6895499603952252,0.45061694282232956,3.571439693567089,0.9436002547217562,0.2900330742899172,3.944500396878637
10,209,0.1685142183416923,1.3521109800514493,0.6434065759218931,0.5046508080345375,0.6074028407123663,0.39438401024397884,3.523936861669626,0.9302989315855218,0.27343773768492885,3.86403117890966
10,210,0.26807965791726535,1.1839575378421494,0.5349841100969279,0.40810427155478485,0.6118579077361771,0.46836980673968054,3.5900308599654087,0.9398200725856848,0.26687172097737444,4.000546678731153
10,211,0.16328488305176292,1.2827841819477668,0.5286169711754198,0.4711921486238233,0.6068592015765689,0.41603488723204035,3.5133997273175277,0.9344100942156309,0.27474334352853186,3.8655581754618864
10,212,0.28342956629001836,1.1897974326387941,0.5109761107483635,0.5435259244626606,0.6489305635493058,0.44270638245415067,3.466152286787959,0.9320408072642954,0.29286923635137274,3.8462862081208455
10,213,0.2372222237895656,1.2136385874230902,0.6403830935849028,0.42463240007409764,0.6791610437642864,0.3136456822162111,3.498976621489656,0.9441321980480405,0.27875123062820284,3.765809622000417
10,214,0.26038245411322664,1.4138568501441768,0.5024426273977541,0.5809698109233665,0.5723431057966104,0.40139167123014446,3.314685435543555,0.923789849670376,0.2785590365645791,3.669705486076397
10,215,0.2963915097298414,1.1684959726089088,0.5616611996689869,0.43316838496281995,0.6579493441454298,0.33141353511956206,3.4591070606464744,0.9461064172532996,0.2658695974747323,3.7594090114228917
10,216,0.256765688512496,1.2814814976534163,0.5902173074345021,0.5231550186027677,0.639268840624625,0.4000968634562637,3.447245798850804,0.9125348544493932,0.2890698875803933,3.798271908517446
10,217,0.2558862778595737,1.1563574500829032,0.557167025435471,0.38352777526582466,0.7058493455673577,0.29711499229281596,3.552750746159284,0.9424261140563767,0.2861501048286139,3.8297898521003297
10,218,0.21071804670346472,1.0717575706101765,0.5200715754902512,0.4452917418415804,0.68195570347777,0.40522382894191,3.6475532685238186,0.9399144469474271,0.2766943642770937,4.007629147790665
10,219,0.36499903144717727,1.266207727352407,0.6382831247032418,0.4974922274595707,0.6036290702681575,0.4333392869585344,3.3098819193944746,0.9392166497983112,0.2612994529515721,3.6739639126763706
10,220,0.19949531075146165,1.3163243441199604,0.5396307759092959,0.4701765613569262,0.5969950230726203,0.4229703806571501,3.4324169279061785,0.9299110574155272,0.27260815819746287,3.814506583827877
11,221,0.23287802975811273,1.393069112144711,0.5445325465155714,0.4582821443191037,0.5932018720738835,0.35165169350987124,3.767072928797386,0.9335180783943663,0.27610398767722216,4.074281844629337
11,222,0.20085034504749918,1.3070502337821346,0.559233350113166,0.4627021015646098,0.6112327515251849,0.3972140578719752,3.4396711415920613,0.9310741269730128,0.27515430853136663,3.7787175938528215
11,223,0.2399913978008233,1.33299392157856,0.561721244341798,0.4652383615638825,0.6199964121986589,0.3764192429587051,3.6328147313501646,0.9329842717378852,0.28655786495511937,3.941943077236465
11,224,0.18143746986048395,1.0536674777809403,0.5760073499232617,0.3758343867393047,0.7105543687980359,0.3982832934573653,3.482654636535154,0.9469872989718462,0.2737210318716511,3.8745140392585697
11,225,0.15501797024603622,1.1644484257594383,0.6238015511650647,0.43926578218307605,0.6553878551817385,0.41443729787679,3.5659485531692003,0.9415686425655633,0.27651375748035645,3.8881721927565516
11,226,0.48399294596534276,1.2622295667910537,0.5933990336343055,0.6327386133854087,0.6606796985400284,0.4056516278464174,3.4198826926200523,0.9193341767968384,0.3140177666218942,3.7240136693631882
11,227,0.25387920634483674,1.3026218578732367,0.5805503192349202,0.5121441362523436,0.6070943629816196,0.35460318666521157,3.5151150608124277,0.9389228334438313,0.2671734642271923,3.8067075016249476
11,228,0.22482700384636498,1.2557676124062789,0.5528855263259089,0.5024100644693806,0.6390215192091573,0.36162309769633916,3.459225521400754,0.935448346034151,0.27915374407960714,3.77499078024816
11,229,0.21134229239352958,1.4527450018697625,0.5343697888756515,0.5219167409417238,0.566119096080228,0.37585044444437066,3.4560084021054074,0.9305270697009542,0.27233378367618793,3.796779498164219
11,230,0.28856499305754424,1.3416764002908403,0.5501284880092024,0.4518019774014473,0.6126086553228558,0.4142566148165823,3.6715352001340746,0.93405310785253,0.2876250417007219,4.01890055450776
11,231,0.22171553581892392,1.2887604603534957,0.6093607291270908,0.6068469016883589,0.6317655413146049,0.39340250918573133,3.552196575342882,0.9279388398856968,0.2876206288682657,3.8826386572675906
11,232,0.33716997171258956,1.1073115748949127,0.5481745543096684,0.4826643000497083,0.6734137336897829,0.39362572089714376,3.2692773185425463,0.9439413408675277,0.27011177091767313,3.615055647021994
11,233,0.37345675491387564,1.3010069139932172,0.5386916315268795,0.33296244583271967,0.582916167027008,0.4198099456836272,3.827828487256792,0.9429487582064491,0.2642761789560507,4.1616224522588325
11,234,0.20882997974516704,1.244700908617076,0.522103633191625,0.5071183122786345,0.6425152656808374,0.36821940481637777,3.5887445501488724,0.9387130085684928,0.2822914711193137,3.927859770715151
11,235,0.22673248482979397,1.3020900306637306,0.5529495352453645,0.5176712727881647,0.6398007777517353,0.3448116085452723,3.580265990612376,0.932851022143001,0.28818700004341824,3.893471994323543
11,236,0.18705301342205352,1.2113250186830848,0.4466144362346001,0.598312098414745,0.5962717766784922,0.4214192913756065,3.613534078113631,0.93189264688502,0.27332475830085107,3.952676026703814
11,237,0.21135396885925886,1.4138190197429708,0.4818435783429269,0.4209194956238093,0.5861137623014524,0.33505136868022956,3.4371640281805504,0.9319559533945782,0.27589892588041665,3.7498636923921738
11,238,0.2729639366616875,1.3254600092903979,0.6472999791944958,0.3979297071060814,0.6476406445866495,0.3433152154734041,3.7073104992708736,0.9369410536866629,0.2868377802970985,3.992778782203395
11,239,0.2158274532099251,1.237686501738777,0.588285647005303,0.537507966663746,0.6505523839508969,0.3806881851199237,3.517153260482133,0.9304743786690818,0.284120628898343,3.850753806796122
11,240,0.20865677234606972,1.2528062825425992,0.6556164691822816,0.44638861875555164,0.6516216236390131,0.34149370368403836,3.5249961408821546,0.9394541051556988,0.2723311702165427,3.8232448905822083
12,241,0.27022325289522253,1.0046339762522092,0.5680052589715504,0.4034132431832507,0.7517998655646861,0.39416222556345243,3.538691399445895,0.9453371809093974,0.2919447914134206,3.8954689894378185
12,242,0.18065893138773453,1.2460639590871876,0.56037878195595,0.4087738649416924,0.6472259990184656,0.37334688337387034,3.5666692166456055,0.9375597641512542,0.28031640036893946,3.903622226279347
12,243,0.19265316305654787,1.3803048697563725,0.5577594480588962,0.49669549467057683,0.5945124097522639,0.33808353015031145,3.6139749460138617,0.9319703030890917,0.27110928682480423,3.9321429035090807
12,244,0.28286201856283116,1.4233654143783951,0.4412739857260126,0.6014822391738546,0.5251625609893582,0.4146450563889207,3.6408121212257174,0.9342691093786275,0.26098634418159017,3.9594900765248355
12,245,0.19605450504492566,1.4617907650902695,0.6278160479489392,0.6037113743992875,0.5802114361194004,0.36730943760632495,3.4709708519415727,0.9286752073572305,0.2751054478235932,3.7830445925010983
12,246,0.20785608914082998,1.2335787298410719,0.57989988119681,0.45709729377317726,0.6413126048395403,0.33547697217493233,3.5472316910069566,0.9442904980970773,0.2749661316007004,3.799123237368273
12,247,0.34070255336326183,1.2528568120269816,0.6264764599635539,0.5220904182030195,0.6603951320426448,0.4017128430425708,3.488007812916067,0.9334362389219223,0.2976225958455393,3.805164883952378
12,248,0.21005082900617217,1.1452029529784742,0.6195110537711146,0.3919121438327335,0.6785417216823855,0.42795548042363274,3.48798813765048,0.9419326970484416,0.2818774411051382,3.857570486567778
12,249,0.2917719354107787,1.2148549686937715,0.47476990736484687,0.4296425124886022,0.6284452994547778,0.3702701726081671,3.832877819931672,0.9440100462756622,0.27428213829301346,4.14123723819332
12,250,0.16278563069298477,1.417657733354764,0.5941511971485076,0.4570030448506642,0.5933953221227872,0.37514478544974283,3.5153271021776185,0.9305003649208079,0.276606026459963,3.848067418158137
12,251,0.27032074896149255,1.1119708555400303,0.5062801079055281,0.4395512175517518,0.6934791703308505,0.3618583653263753,3.632881954659126,0.9426050364724332,0.288043299459457,3.95717826862059
12,252,0.259965270704666,1.140419551217165,0.5420658793145183,0.4380400851841526,0.6576217868829635,0.3725642448141381,3.6833953150343435,0.9424677127929915,0.2687078926834757,4.004363375020221
12,253,0.1522531165870827,1.151195290863694,0.47686500403855214,0.5351139375573857,0.6366959400352113,0.43296269101102886,3.522258357651478,0.9388712114067538,0.276362059308462,3.9009919677478777
12,254,0.305534127193407,1.1933810613317295,0.631765498631488,0.43060778885408285,0.6378227337538834,0.3942782023371257,3.466243806714121,0.9422773843953097,0.25967652720960344,3.8198728919467464
12,255,0.17646263877480065,1.2292381629043652,0.5180601396785781,0.5368475977542885,0.6308309901795749,0.37971066497417333,3.6163869425053976,0.9368980450986297,0.27727636299473335,3.9399056325455803
12,256,0.21216781487876615,1.2409424053615814,0.5554860803641825,0.37110392096664674,0.6126446428417484,0.4698051402390716,3.5986093875662304,0.9402240939553422,0.27449849863888864,3.998331001731956
12,257,0.18498396820976526,1.3284553426752959,0.5866064694193411,0.5300487276636974,0.6288546824178255,0.3247941608811385,3.631435455009846,0.9344946207847512,0.28054677287749646,3.9160710180318175
12,258,0.16028257076953284,1.1723404859422057,0.5890117138413934,0.42015766253924963,0.651865337816832,0.4294268133398457,3.5461460813304955,0.9448507048691622,0.27626240524676593,3.903825995883531
12,259,0.23114737693975523,1.1231377016053978,0.5361617834688898,0.4042236117168704,0.6499192039409053,0.4438677427474794,3.5587614735918143,0.9455091677025236,0.2691943110654587,3.9479070414673396
12,260,0.1868555599992951,1.23685214335147,0.6007865629279319,0.39342111473865565,0.6514984364217882,0.33674323068131207,3.587623152285551,0.941219071519706,0.27164064421881734,3.8796125570933304
13,261,0.19439480226657463,1.2644580810696564,0.5962096220477169,0.44389242755540226,0.6272588561798683,0.3898312203537495,3.640496082402565,0.9414658090124401,0.2747191543240303,3.9638991996014683
13,262,0.234270475978577,1.1567803729882788,0.5205150928375145,0.5314887048523167,0.6134607494569946,0.4773746873054792,3.513556242626914,0.9414285591611957,0.26724127828361294,3.936129681180983
13,263,0.143181210859111,1.3903549936796051,0.5193316471410467,0.488427334637805,0.5805478892894137,0.3904331831691914,3.5749758621566956,0.9317686147895389,0.2757461265189995,3.9017277058536393
13,264,0.1770352506645286,1.1284827204943477,0.6318136202362913,0.39861474299129046,0.6732450008319603,0.4537594650327737,3.4939311026676436,0.9437985732056958,0.2731175734604138,3.9019782456223475
13,265,0.18944750287026085,1.2471796975728715,0.6233219683311747,0.43936097539440705,0.6409045343553555,0.3902713479207919,3.528669899858051,0.9379866546654005,0.2788568170764579,3.8456971301510414
13,266,0.22392050828802626,1.291427113407512,0.430835920276812,0.5813506235808857,0.5707450810178336,0.39934210253560803,3.5523649761927114,0.9349818129732869,0.26627416568795353,3.8683470952609156
13,267,0.18578129874523497,1.163793303374007,0.6038975347815649,0.4605882795886078,0.6624661608578438,0.3887081839053391,3.5148465949929815,0.941734709096604,0.2738025018119309,3.852435056405617
13,268,0.18593276781810805,1.2811085641518,0.5697239209469622,0.41418594439823203,0.6332092834978696,0.34570771699376707,3.5317455535086744,0.9400256295263842,0.27405759285651216,3.8444831844703495
13,269,0.19001348739214172,1.2151829160694996,0.47786192428475377,0.5106887763206227,0.6220817227599581,0.39648410485938884,3.5124323292614408,0.9375071477494483,0.27096508267118524,3.874178903499156
13,270,0.27831886373180803,1.294688228295088,0.5043835094676745,0.43679253283513314,0.5992757745751728,0.40515225948249034,3.3550074013928066,0.9328464430760007,0.26880181889259236,3.721736591537861
13,271,0.21697781883942105,1.127191535266446,0.5717129317412855,0.375150269342792,0.6755571796906868,0.41827005179936494,3.420230956075578,0.9415048919252473,0.2774372164379922,3.780441399102677
13,272,0.19222761389588602,1.2966774993614594,0.6043650034382355,0.5023506384454552,0.6235348514614826,0.40214726646789856,3.467357610367717,0.9323784751358952,0.27826690416379307,3.818645795405696
13,273,0.2836368276559287,1.2650772583446113,0.546490267945819,0.441359035376478,0.6078459381488759,0.41136359486041807,3.7382948195489134,0.9422144444311185,0.2705271395098975,4.076702165850731
13,274,0.16252795716262713,1.2661317835329453,0.5066779680053097,0.5768412941035413,0.6133250885943474,0.3834089646860247,3.5539853133116126,0.9255721268808157,0.273712202089044,3.9254137768272725
13,275,0.26253488438167993,1.1515354181745803,0.533050992541217,0.5097984763233969,0.6809163828349761,0.4071069315053206,3.4892064344982714,0.9313165981325616,0.2912917346803948,3.8629869785673447
13,276,0.24724818338363083,1.1451662015561563,0.5052355427241498,0.43865873358146545,0.6550359064396792,0.3839399823259607,3.4666579153991504,0.9445150470645556,0.26714645741532106,3.8332768870515617
13,277,0.18378423441454372,1.2068443722204103,0.5466648656839737,0.5542648042676791,0.6232325329081916,0.4173705019146522,3.604694892921308,0.9333949316145984,0.27436661204598906,3.9574409363522007
13,278,0.1990309249234696,1.1858486018692893,0.600316541109823,0.37465991769406254,0.6657047591516517,0.42998024318544487,3.538505110194331,0.9403677066582027,0.2815894253084622,3.9147585105220677
13,279,0.19908098752988682,1.3533835545456785,0.5138505975416464,0.5504602930777484,0.5915085838613054,0.42378909720349417,3.570011111146183,0.9275304495883792,0.28249330542041073,3.932594365307099
13,280,0.2829935719415883,1.0494498669149206,0.5770175288569491,0.507833482662419,0.7146278926294051,0.43455226897262433,3.5820697108616963,0.9439964074901936,0.2873102817057971,3.9888807657978687
14,281,0.18499156582157006,1.2023035177203474,0.5537543808973826,0.5619958232323118,0.6305746950829508,0.45099073235358844,3.507253482336182,0.93426342775703,0.2817082445438992,3.885747765899206
14,282,0.1966455994608058,1.3556896123988798,0.6009605806977567,0.5159158900016837,0.6126003236981,0.36388257445865857,3.6214137859586226,0.9307576505958549,0.28328449631773844,3.9090296719749835
14,283,0.2601424891684324,1.1257705450151478,0.5409959510193693,0.46561248589265325,0.6453711187314005,0.4258227480783088,3.471859126416808,0.9429404686408274,0.2613127265654476,3.886723789514413
14,284,0.1759274459789022,1.2972718362045446,0.5230321895390293,0.4825262259954027,0.6121203400334463,0.4048359195190644,3.5678859074409655,0.9361543971268678,0.27739087359614706,3.93901481800397
14,285,0.2558696288947433,1.0483028824212022,0.5506568112393493,0.5171218174844182,0.6776450887314596,0.4416532409332752,3.4812698783540577,0.9462455374393828,0.2634976384064083,3.9139280910369174
14,286,0.18943819657584327,1.2923762056074968,0.4966089288227252,0.54394370018065,0.6028242640519886,0.3598944573068818,3.678051996970636,0.9358597600856632,0.2751276356365734,3.9733268493399896
14,287,0.18205745216425964,1.2733702854345055,0.5310836704743309,0.5152963122223791,0.6249378400134652,0.36155918154107275,3.5748690865597306,0.9346944829367754,0.2803458834574929,3.8732665460427973
14,288,0.21639998607236288,1.1989776199108162,0.5484752737549439,0.48512758760267555,0.6299529692298178,0.44618604974661924,3.4136217299507945,0.9375169944075203,0.2779178092344957,3.7788739334825587
14,289,0.19460208635287674,1.3363766673541513,0.6158020590765206,0.47694234318141476,0.5993828006218848,0.3925290714926274,3.5347439335944113,0.9346705404098827,0.2716021474370568,3.8495245815521613
14,290,0.16924008486986003,1.3723492866289635,0.4887017995733288,0.5715384411350685,0.568269715486188,0.4046013080107116,3.5919036084894964,0.9337772476134825,0.2736789946349162,3.918523878678921
14,291,0.17957903921225282,1.288371649768683,0.5263280987060155,0.5171210476459889,0.5983770197083879,0.4076553328167212,3.6226786135534623,0.9349776888277909,0.27445435713871785,3.946734222957576
14,292,0.17494111451693206,1.3026061155759547,0.5615878761808222,0.5918607915619953,0.5930585723984675,0.42004441535848336,3.60750325225039,0.9326113807676686,0.2781179985205139,3.9352532217749188
14,293,0.25492095658274516,1.15445940878427,0.5308829045781308,0.46254465516534066,0.6466129658931672,0.3942072859404085,3.5637153186081827,0.9421137117863086,0.26524923426598224,3.9466007207706446
14,294,0.17127381187559684,1.2194233356510706,0.5754314690150916,0.49314302079390676,0.6411161197544836,0.4063946715692282,3.4802195091880668,0.9352405871880045,0.27568700551528297,3.8386696749467233
14,295,0.20125864543870703,1.2411453528636707,0.47733496960206,0.5170759371616159,0.6185819151607622,0.40463110408194336,3.601572471633848,0.9313688690183046,0.2801991050964353,3.96007702626081
14,296,0.1496470705460735,1.2638135549669405,0.5659806950675037,0.4781752591788302,0.6287236356717721,0.4084704876221199,3.5202209926135097,0.9394344954484799,0.2761532124612066,3.888472666192328
14,297,0.2254134699395703,1.3269948783190053,0.5830706640725143,0.4138461790887626,0.6009593864131616,0.3934517028263204,3.4949247860358352,0.9368722641361622,0.2691192568923655,3.8298005339860843
14,298,0.19918611076876783,1.308267288678459,0.565367136105893,0.5012837286684639,0.602767313584224,0.40150509545400553,3.5061931867106932,0.9399973598062786,0.2727458601478539,3.8371204984649636
14,299,0.20733323253012714,1.233107482527516,0.6112845260670801,0.4515003686178363,0.6310355055716331,0.3943602031030672,3.5442750538337053,0.9384823239066552,0.2676991799397484,3.888847798156988
14,300,0.1796458287718439,1.2037332932771114,0.6599821886050401,0.4427244568543823,0.6513216460352715,0.42953523341765687,3.5511664128634814,0.947120021703648,0.2792921231625034,3.8926073022026175
15,301,0.22377600479204893,1.2291803428588624,0.5434338239514875,0.4785184437710338,0.6441895633672836,0.37743550059855013,3.644149658539031,0.9372182924404999,0.2818577217308628,3.966620134642396
15,302,0.20192621865243715,1.2923483082268505,0.5670325143822788,0.5169276997360335,0.6193755988929774,0.3696955733351377,3.679618050022189,0.9335619363420941,0.27840680172897303,3.981448625291327
15,303,0.1720680008336321,1.2293651020219987,0.5293817459632797,0.4928035313753324,0.6373389557312614,0.39549130380725445,3.5478032495602587,0.9352510092997983,0.2799028657343996,3.8982160678680167
15,304,0.20883898962581993,1.2023116073941196,0.547973375603925,0.47686266773447156,0.6259834753039751,0.41995017409808827,3.593371192717237,0.9447703302600635,0.2714863017605259,3.9385671542537617
15,305,0.2417780773459723,1.2863829079540667,0.5356918171389111,0.51267101215693,0.6221092278764099,0.41966207900489183,3.4886745752202484,0.9325125137253354,0.2873486386855709,3.850612675299331
15,306,0.16390249368512022,1.2935935693505396,0.5389423113560592,0.48084666830581924,0.6119464473802739,0.399094466321034,3.5548916031125604,0.9365191423643241,0.2745613061926725,3.9140674931326487
15,307,0.17146143041893064,1.2746834403070804,0.5908240273844554,0.5192529968990344,0.6112215533823463,0.4283772194303605,3.501014957857648,0.9351845561333061,0.2741273191967465,3.8601708936591153
15,308,0.15370342104501414,1.2754686216931923,0.6031639933113325,0.4755026531447178,0.6195434590435134,0.4229520025985842,3.5512768766199745,0.938129503073788,0.27679886944270266,3.8994152588214726
15,309,0.15924296206603775,1.2970605628178484,0.5242814048800852,0.5703324513521327,0.5998017306617436,0.4112933247105285,3.521494252334742,0.9300723121469687,0.276980586620435,3.8592298216216365
15,310,0.160806216665571,1.2496283425123007,0.6188945554718422,0.5209670258758157,0.6305549257531757,0.4276879276443415,3.5201732589295056,0.9239311851308653,0.27993174604130705,3.883228462005648
15,311,0.19528951401461406,1.3559488103158166,0.5554607664105232,0.6147684747241886,0.5706895616808123,0.41825852135513203,3.5650549050964395,0.9316898635724978,0.268545058412201,3.901771959819129
15,312,0.20923156980976462,1.251239310935496,0.53391925341974,0.511561696745497,0.6232839996921395,0.4218574648432699,3.562545533040211,0.9302234213214378,0.28538088460460864,3.90522731649662
15,313,0.16448003726006494,1.1659850566318792,0.541416248575024,0.48317164887379527,0.6587525513539154,0.4185279521517997,3.474703182671368,0.9406770521728122,0.276797205644813,3.8716348634221434
15,314,0.20310713546039355,1.3726198242466907,0.5385331240706274,0.5753315929585744,0.5805803656001547,0.39476081549355707,3.565675525775966,0.9339067617131136,0.2696578825276921,3.9274204269104955
15,315,0.21194381644331622,1.3233376683929594,0.558685139784315,0.5676267033764224,0.6021702129841296,0.4018905959233644,3.6083517498211832,0.933307427887315,0.28353817747013543,3.929173894777074
15,316,0.14931086689746037,1.2147177733809846,0.5336116039130726,0.5354321703565147,0.6241107678698702,0.4479260252878775,3.5019301395515936,0.9312227031714467,0.27760176330484254,3.895943504483249
15,317,0.14213061069791544,1.3962963263419252,0.5466461398268,0.589865562231535,0.577564624231897,0.39764819627889075,3.5571707069777894,0.9228023186345984,0.27770816846312096,3.8855358170908474
15,318,0.1809591941935301,1.375515766190479,0.5331985896894441,0.5370571862093056,0.5819748627008566,0.40725841966583803,3.534121193922066,0.9310044302202714,0.279616102172308,3.856347037183916
15,319,0.19970872160178807,1.2886270853109696,0.5500200202348601,0.5526377626838002,0.6205883053096541,0.39590383207610647,3.527909037715512,0.9344048238995789,0.28189033847235295,3.860005077441694
15,320,0.17468549999273408,1.300823683497577,0.5591416647658645,0.5345582776626492,0.6067577455746996,0.4271507102690209,3.566735525731952,0.9280027856546728,0.27730891590419315,3.9571129692802685
16,321,0.17666613667898462,1.337494991887145,0.5649923172993627,0.5653767604518566,0.596050317291258,0.40128040867366915,3.6196623618841177,0.9328615820608303,0.278120457094193,3.937982086245816
16,322,0.20948872198039972,1.3426607838433207,0.5680626460474409,0.49405878672511705,0.5943494308469485,0.38535387261172166,3.507128445137614,0.9343207293096523,0.26987318236631586,3.8441041428906204
16,323,0.16213103616802174,1.3473161759608285,0.5215329931721028,0.5878623950453601,0.5669707937143352,0.4522152284475355,3.5105695157229864,0.9255843367096175,0.2778511753035156,3.855229233969999
16,324,0.1714591734378358,1.134108796444935,0.5429762806559137,0.5599642729730099,0.6583708372510221,0.41517540315472673,3.5710003821870995,0.9379187190453067,0.275900313196333,3.944339451851792
16,325,0.1975691213318805,1.377927901563483,0.6000320615274547,0.5170956456740065,0.5945464724111845,0.39449368287485703,3.514992862430856,0.9289937376093389,0.2799256618518897,3.823606903433557
16,326,0.14646767192193558,1.3185228799263158,0.5174630215364239,0.6065707359054221,0.5753566126110247,0.44802054990819073,3.5021534879219307,0.9245622853192297,0.2763396782690323,3.8619708875732983
16,327,0.22912157223097024,1.3391679789552005,0.5155739556080245,0.6052900661874943,0.5822434796448454,0.4179078212495601,3.4573341631500303,0.9249271721691625,0.2810204169351014,3.767973812699162
16,328,0.18382535658798346,1.3442841882688394,0.5124223104822466,0.5505535013400449,0.5971167780827424,0.4221698394305961,3.5143769439880836,0.9238615732139766,0.283468268340728,3.8881392853938266
16,329,0.1947315986813492,1.2646768892019065,0.5254122724144704,0.5164597274413011,0.6208898973376916,0.41449385104931535,3.549003634539215,0.9323214256512576,0.2836865391829271,3.8959193553528366
16,330,0.24941727239848666,1.2504675124235376,0.5239658887401007,0.4872540136870548,0.6061198293442065,0.4053438135745697,3.5915949077955007,0.9379431174766688,0.26588314627461773,3.954734081380194
16,331,0.19357496367554544,1.32760135484686,0.5879521016821533,0.6020075086969817,0.5851069065485703,0.44434843574339783,3.6253665812400273,0.930083710690418,0.2785247797090199,3.9717893932534105
16,332,0.20110360359809334,1.2357518628008168,0.5391801338223389,0.4830647297106421,0.63400711442246,0.4241608962061977,3.515478845292244,0.9347181731324273,0.2835407100019912,3.881312734965603
16,333,0.17025619639626802,1.3691231287384185,0.5395777461061126,0.5625716921616543,0.5865911583224179,0.41655493610453176,3.478920931819709,0.9302042647987634,0.27763423861469433,3.8473257492411497
16,334,0.1964894560163075,1.2995193600996937,0.5514510412565674,0.5778903562006363,0.5922617516911569,0.4266727611758254,3.5945359312485907,0.930261768838587,0.2723131725237392,3.960648807392012
16,335,0.20581468824458143,1.3607447840356726,0.5423009287813348,0.5572554644928707,0.5926747012489807,0.41901897743114463,3.5737442221138815,0.9320558466876248,0.2834884283805729,3.9209176902476144
16,336,0.15423811980851854,1.3055090933232958,0.5803670096040228,0.5665394445917875,0.6033011872497518,0.402455398516447,3.5490911153297806,0.9315982511224172,0.27668503602927574,3.8684269965471074
16,337,0.17582198828763582,1.271953137805508,0.505419634370261,0.592081276699264,0.5956487728349249,0.44060858544475856,3.4297224324034765,0.9268119578542148,0.2755745205659629,3.81138577744582
16,338,0.22337281077333007,1.345320074720607,0.5219873064295206,0.5571824552623692,0.5908699451516954,0.4434509499864895,3.5391977490399626,0.9274327971398204,0.2879471137686938,3.9031839559024286
16,339,0.1709633576696599,1.35990453316488,0.5465905541142879,0.5657484611808086,0.5976261757446896,0.40473262202859883,3.5257377992635233,0.9242757379480308,0.28178033382594486,3.890350343620338
16,340,0.1801255387039352,1.3653942013908706,0.5915766262130799,0.5054498143767719,0.5825170304874345,0.4224763515754703,3.500520569787744,0.9240575613647349,0.27783416918556125,3.8163370639551664
17,341,0.1591081336330901,1.2763669822410941,0.5333456319327717,0.5882368793957159,0.5872136370072583,0.4816608996094095,3.5164721744338125,0.9283565856169549,0.27731852969644305,3.925815769098162
17,342,0.1688060811502126,1.3234669886561852,0.5118302638450378,0.5465145135049997,0.5755598161621431,0.45119051036713137,3.545175139876858,0.9285734031038398,0.2733010107589406,3.924706413725805
17,343,0.22337015359273044,1.3851549290618712,0.5394466021884431,0.542221273403624,0.589265864190951,0.39590353532675093,3.4763330619335395,0.93285208045282,0.28129885976590596,3.801917579095748
17,344,0.16394049705710897,1.329326705489257,0.5625532288322201,0.4784336670485498,0.5950765224640671,0.4288731169722343,3.526778687290551,0.9360525402711998,0.27729257067223567,3.868689304388733
17,345,0.19540457678007522,1.2847919785371458,0.5669695826923208,0.47939509238504857,0.6225152485024578,0.4169675210234122,3.446260905693695,0.9287791362243285,0.27979321835421017,3.825442399073958
17,346,0.16909265741675075,1.2434023719967258,0.5758285317291334,0.5207122114742644,0.6126683784465287,0.42724995810790223,3.5418159626923758,0.9319394646770813,0.2720719430478814,3.8999339544126324
17,347,0.1946479959538722,1.1979502890714009,0.5651381816759181,0.5078966432580356,0.6219123755394237,0.4759457282404066,3.4665127282149584,0.9370244060136198,0.2800407544777397,3.8499886113557915
17,348,0.1927345914831796,1.2594395401433718,0.5197748672900787,0.5560806703886136,0.6147079005729406,0.4007353137844417,3.4542556145377707,0.9327833163188398,0.27520678399545684,3.7978339583688205
17,349,0.17216009156711287,1.379734138736814,0.5216136473356594,0.6464899257669683,0.5642304631632312,0.4378201342199737,3.453328897318337,0.9253047536807457,0.2755682064128782,3.8150232030346816
17,350,0.14082206116559975,1.375536776365435,0.5892949445846571,0.5758528346888164,0.5706302588707112,0.4638210787126617,3.496391764496016,0.9255536276555899,0.2761431413167632,3.8725422785285937
17,351,0.24816693544725393,1.2820839147145684,0.5904902965766126,0.5803034371442539,0.6005914289611634,0.46559545204708935,3.426507071117772,0.9251699860524433,0.28467341361416887,3.7830044642266585
17,352,0.18719640314230362,1.2538136125399681,0.549201727312851,0.5992825238631045,0.6210627855371486,0.39538661960570975,3.466682865851751,0.9318034521086531,0.27524347258668175,3.8057694290142985
17,353,0.168104310549027,1.2454331978121411,0.5986269950461749,0.4926211595328757,0.6300349108644846,0.42341784423247575,3.546007850439028,0.9359715602903705,0.2795881688929639,3.8927716981635276
17,354,0.22026665889346225,1.3038261926865788,0.483969229888221,0.6260980900367886,0.590797524609294,0.43654104444019765,3.5471986367062476,0.922691289581721,0.2880786966081811,3.8794573630246196
17,355,0.17367803628693537,1.2054886232638504,0.5641734169073078,0.532505780426341,0.6296485204731478,0.44517030349671777,3.446352690739963,0.9328082452086607,0.276432589123135,3.829900079356193
17,356,0.22513353199872715,1.3339551916831605,0.5498847637282542,0.598914168285994,0.5790159429168334,0.4021231748835296,3.4984926949507593,0.9325156454450294,0.26939055578018156,3.8161720391016383
17,357,0.24459953306714458,1.383526529606007,0.5032929773648454,0.7357763073612766,0.5262154584851821,0.46951861491037333,3.4817121797614026,0.9175838033090583,0.2606147522020375,3.8666025992690813
17,358,0.1911053523683499,1.3046101291884828,0.5458883067196465,0.5049478716761573,0.6035761521852071,0.3946794450208469,3.569826023510007,0.9379629153343105,0.2711282298326225,3.9151651940015855
17,359,0.22193922351604828,1.2077325063934579,0.47438248858969895,0.6083390521150028,0.6001949742013205,0.45204660690802195,3.5096562017885824,0.9331769118420421,0.2669903157084692,3.9281842119427792
17,360,0.18731024490876122,1.2534196493329925,0.49384516482830765,0.5948191543447783,0.5929966768533016,0.41331574954587824,3.5476572208765953,0.9353565994336682,0.27197854256127874,3.8600384187491796
18,361,0.17071435300422022,1.341519750313975,0.5739209062926105,0.5487613335411553,0.5751269458254534,0.4693756665439002,3.549576173565102,0.9280482421129523,0.2808605038102909,3.8991797705748494
18,362,0.17956439191469686,1.2063632083210287,0.5483394268725166,0.49922586245461026,0.6321029816744205,0.41437164473781696,3.4858596250387635,0.9362664159972637,0.2749914026043626,3.8347798712060808
18,363,0.17847943778155603,1.3289577948560853,0.6173305195025367,0.5256198784876976,0.594808884151228,0.42816981663421627,3.566103690079596,0.935606322911573,0.2726561578667263,3.9177371501380605
18,364,0.21277550952846727,1.2230950042123157,0.5873893583326975,0.5137784736429107,0.6411842095370963,0.4120249151119684,3.570159044391206,0.9401620326742275,0.2834607198247002,3.9156060628678304
18,365,0.15606941359157228,1.3393901519400986,0.6070870524496464,0.5456202278195592,0.5823756028097993,0.5014664451119548,3.414040935213633,0.935035405412209,0.2759919221340761,3.8634768710027685
18,366,0.29666568432876045,1.378969592677057,0.5907187648524925,0.5846435671216016,0.562531962698922,0.5013854873401189,3.4697622129516827,0.9101307959283206,0.2979612585107578,3.8403105056090476
18,367,0.19860846230109405,1.2908039967033833,0.5014567914827494,0.5341240765594205,0.597979084688882,0.4489076683565722,3.4563640677387957,0.9284467888508594,0.2813135921034847,3.839861713075808
18,368,0.1925609436545728,1.307102027505751,0.518171906937926,0.5548753289158012,0.5840501187126347,0.4379729002195016,3.4716147545704867,0.9334783202042148,0.27374530955311965,3.8204367586091124
18,369,0.22411023757242227,1.3670895969248509,0.5943431248643658,0.5951610182085905,0.5670898276221822,0.47290428472266,3.461486746738146,0.9254726291169856,0.28285153413155373,3.8048518433329157
18,370,0.15520428168482883,1.4205403624707182,0.5770228417572935,0.6548648436424209,0.5576501810620209,0.4316436867472741,3.5009844197758193,0.9201701596332139,0.27609268323330605,3.8310501632316756
18,371,0.22702320837459555,1.3095256469736203,0.5312897579163962,0.6218758871831703,0.5868295543607556,0.4607379549850445,3.557044164000498,0.9300749917124594,0.28558560304748,3.937323683758014
18,372,0.1671793352225309,1.329924443733832,0.5262658737705629,0.5559392402302716,0.559413774984981,0.49967412316334403,3.5230794675554016,0.9280776109682977,0.2736830337883445,3.9281058913660742
18,373,0.26141807140909196,1.3725158213622601,0.7176521916439169,0.5180245717556125,0.6071277265763658,0.44133040735143486,3.460205458214798,0.9308932911254952,0.28561876748895243,3.7841379133808304
18,374,0.19847439472599449,1.3373293989579664,0.5661163918830899,0.5195704285429019,0.5909187914733576,0.41534255255427677,3.6649039449779126,0.9329217432439411,0.2771413571659697,3.994099256831447
18,375,0.18794677933845158,1.3085032598511734,0.5695458893976634,0.5025524067296728,0.6058610977507735,0.43288477490975613,3.5144678782737335,0.9357048163480568,0.2812654723018492,3.877173318200782
18,376,0.1469662842805638,1.2661341476306498,0.6561416086340461,0.513971298472587,0.6036729332579933,0.4964185717978641,3.475636607034616,0.9371958834634828,0.2761966267409961,3.897013388676483
18,377,0.18406419866768092,1.4011293860332676,0.6176989325790266,0.5868938059128865,0.5803629690380616,0.44897404410006214,3.452871095260905,0.9227427758256954,0.2796724062341279,3.831476393665109
18,378,0.26472668924039405,1.466467521428931,0.5363423663060022,0.6211743934875901,0.5276484420811601,0.4374552375025079,3.4541734649091067,0.9227157634352041,0.2625158449519823,3.812798131002013
18,379,0.23771123917167228,1.2950232084499282,0.5707007992008861,0.5688714643312973,0.6064010860183672,0.4788758410248188,3.5177966542542007,0.9302269884152559,0.28902377375026717,3.9092713059023794
18,380,0.22745793056876262,1.2171596656350454,0.5564219111236051,0.6141495809989974,0.6140147497670728,0.49166896073130095,3.5190109244189696,0.9200724883569276,0.28776655031015047,3.9311627865923215
19,381,0.24581130508821675,1.2807620204022112,0.7175776027616663,0.5596219734896639,0.5977439874390325,0.5436522530752808,3.429455567293616,0.9302730674723328,0.2903473242720104,3.906259873240799
19,382,0.18678469738984171,1.3481017470966539,0.6236967731318204,0.5350407547842269,0.5807921137525501,0.4784405344076042,3.5619175754413996,0.9270619674827223,0.2800564785893543,3.9441438720042186
19,383,0.24819839694112578,1.2395054478927792,0.6804462205598911,0.5129426417399532,0.6406374360530642,0.47773697145893745,3.432308603241417,0.9308880012242285,0.2872040803076271,3.8322183987250775
19,384,0.24451965859399077,1.4512643524754232,0.5542694441039047,0.5890206778962579,0.5319416859854511,0.4491668084950284,3.468117823663863,0.9212038390471925,0.26476037853928863,3.816881079072897
19,385,0.1562687651372271,1.3647323338713069,0.6346474234706284,0.5216622840459221,0.5954289498156181,0.4191098877480184,3.5226533494180203,0.9317288753022022,0.2764483776422276,3.861446486174517
19,386,0.21196710476776925,1.3214234309119148,0.5310521673795157,0.5082509899708292,0.6135495771823417,0.379049472833221,3.407147824821746,0.9299456579060011,0.2776481641946428,3.765717711816394
19,387,0.18201097855321566,1.3882906898137517,0.5308742500885631,0.6295860443373421,0.5257757035560295,0.5564273880306617,3.309994886486795,0.9233639151825981,0.27486832741434686,3.801110922474854
19,388,0.22412286278812765,1.3401853133337704,0.6731551200777472,0.5139140688569646,0.5784278749568642,0.5319694902194769,3.49265738555166,0.9314770534092256,0.2838524642221114,3.9527943987990186
19,389,0.2834339957641379,1.272199741254117,0.5910863655680092,0.501881984905092,0.5963791008316038,0.5311639818717563,3.466806088357088,0.9335276951687632,0.2940897795365044,3.918975295714121
19,390,0.24283085304647875,1.3135100595890876,0.5995652265577446,0.55219846051706,0.5903075360698303,0.41217111921437466,3.6454544417210424,0.9351495625624292,0.2676240678443921,3.9731039635063867
19,391,0.2852434114293388,1.4075536742659556,0.6017867119981674,0.4748179058641154,0.6003215304030096,0.3923605964989998,3.4689954357569754,0.9338481411488203,0.28686478751952676,3.76235468039766
19,392,0.17973473139881227,1.4444597423475598,0.6556419981673897,0.5158381311729017,0.5654941431907641,0.4552923120126356,3.4948095734006337,0.9222784477556052,0.2800030638798078,3.8434649009170156
19,393,0.15937210856633918,1.344658546626237,0.4339697325173704,0.6490456236457783,0.5307088319066022,0.5188438589200156,3.4813942332679284,0.9165342430631747,0.2809105839333107,3.9037407533397923
19,394,0.171153829775202,1.23699422577154,0.5674931451682274,0.510115762309607,0.6360504552982412,0.40991762618139554,3.4448851722517753,0.9328166041278841,0.2749135891571984,3.8440555019887825
19,395,0.19820002920981353,1.2285991034815866,0.666057366177019,0.5105939770394181,0.6156064155052287,0.5105538802983067,3.471626742536048,0.9374486023950185,0.28171000699692045,3.9183730531059604
19,396,0.17941220749699616,1.3614643484593247,0.5685679686912172,0.5591773708643235,0.5899457894983493,0.399652575622056,3.4939928345373588,0.932810714180239,0.27576554761176697,3.8159496457491615
19,397,0.22489842029619656,1.3561037727129428,0.6113490268279806,0.5860307518341015,0.5620859133287965,0.5114061259319558,3.5394960556146655,0.9261731102300613,0.28481408078548326,3.9533368916612623
19,398,0.18617685349388452,1.3295104434760976,0.6073136288248194,0.44492761868730024,0.590306351492831,0.45982670603226844,3.5683892820607266,0.9358004845183933,0.2734512925747046,3.9434744805253006
19,399,0.2157515506061234,1.2893676280127775,0.5210917986309369,0.614372982280709,0.5708640483127151,0.5191245594482952,3.380854356864403,0.9255836432998903,0.2838228076856562,3.835085563287511
19,400,0.27739546248382674,1.341425078470554,0.6881895880808134,0.5026241112570491,0.5965399684554764,0.415194038687814,3.7620155778845703,0.9366395293022916,0.27086141499790006,4.082508411855585
20,401,0.15440872956099153,1.3325326842935,0.6148438646995257,0.6026214919214412,0.582259411797383,0.45542156407331175,3.535207576809205,0.9289308423093996,0.2738007024087983,3.902881259480675
20,402,0.16636170778286494,1.321454503096611,0.5783625880024422,0.6161566940766149,0.5687913343728015,0.5024680447785241,3.5261476238745058,0.9279943852489104,0.2771239178583284,3.9435400690375517
20,403,0.2174815237323711,1.306571492795101,0.6040805198543342,0.5507356058724456,0.6086827485181697,0.44152336962897537,3.5184069871199655,0.924562289341971,0.2862169002283643,3.863061366055151
20,404,0.1754485562288432,1.3284504958751744,0.5670931017904908,0.46755570389375684,0.5954414307696169,0.41609905929551755,3.5893728417152553,0.935340498078102,0.2743105966954477,3.9358048365244436
20,405,0.17526790591028224,1.2988687680271704,0.5609547765800652,0.5623262912664899,0.5643646622415603,0.5027817564743524,3.503367033442787,0.9324796203033712,0.27196397731668365,3.909148374483098
20,406,0.15556696420316182,1.284735838620513,0.5535964643971213,0.495854666585672,0.592721810472883,0.46787515197177026,3.532994420064554,0.9285968363214234,0.27669964404596675,3.927081728983031
20,407,0.15542101351053308,1.4224215650045984,0.6473420722018673,0.5663831975564189,0.5588279098503086,0.47630922945811427,3.429665409512263,0.9094218793174182,0.2750646996989628,3.816986959485285
20,408,0.19063973022922281,1.2363537585461608,0.5710510787073253,0.5660570963225279,0.5946929348997656,0.47346866772888685,3.475052311633734,0.9346947872062359,0.27123000100444383,3.8625440448081463
20,409,0.20777795950528233,1.296923936190849,0.5490236526122547,0.5067694597517038,0.6243187367940789,0.37193718596597153,3.515652887145394,0.930867864235902,0.28148535718574175,3.830185952040716
20,410,0.16579018786285254,1.178500681432354,0.6140222440346351,0.4341396372305697,0.6291345143251238,0.5007425079064499,3.47128491836388,0.9449125730958396,0.27508805726625424,3.905237865969828
20,411,0.2051277944942279,1.3490441294659765,0.5543043518842974,0.6095290695913648,0.5530777077650503,0.5054094320076892,3.3761790592210428,0.9203721113802843,0.2707015311225489,3.807781652368842
20,412,0.17674207787268698,1.3456389663194708,0.6076592139848411,0.4450681033451045,0.5667363981561563,0.5238538824305875,3.4439773443568162,0.9335276971090082,0.28050112752781187,3.883031605802015
20,413,0.16431146751349232,1.4095962101909199,0.6011546872517174,0.6373444919637559,0.5640672691982832,0.4094563087628161,3.5673617504826165,0.9273517359499837,0.27188832156807324,3.8870670501618827
20,414,0.20112484567113953,1.264612355526629,0.5292683714908872,0.551209392500523,0.6073057974399291,0.4385891656502657,3.434264183884787,0.9353566217964312,0.2778070419103484,3.8019138599828146
20,415,0.24002068859189318,1.323936176118515,0.6796940841404904,0.5599278354762216,0.5991456492349949,0.46331386673136404,3.4573563819225077,0.9245616003191393,0.28529486178497876,3.8061818262105667
20,416,0.18541345861530434,1.351404471201601,0.5302880596811861,0.5600019470696876,0.5808699355659922,0.449464061918705,3.4243100046195125,0.93103324029363,0.27688527050411116,3.809226655087321
20,417,0.16077343702009367,1.3400290688274061,0.6181116301946199,0.5617633757499344,0.5800372948938853,0.487310050021847,3.4475104299120716,0.9276437685720182,0.27513560184885055,3.8488442625085284
20,418,0.2180449985925447,1.4387397808618674,0.5522825614951014,0.6075996697331855,0.525541752090106,0.5170755380688844,3.3846900393331074,0.9256687474497797,0.28063091600592394,3.785801620506997
20,419,0.22956365142059224,1.4170271993615917,0.48673991491771995,0.6649412975814799,0.5185809641821642,0.5295859916359718,3.441466948151718,0.9194759344954253,0.2875266764783537,3.845938210961857
20,420,0.17486417465430612,1.361143877520746,0.5608890949796776,0.5408652407131485,0.583807555558973,0.42111328589069547,3.4850272453360445,0.9304635327527677,0.2768164787801007,3.8274375034109993
21,421,0.16729123762288206,1.3134552897785312,0.6311769410360031,0.5731025564514364,0.582199611492624,0.477519152074015,3.489189916824958,0.930224495681494,0.27317483313284613,3.8699432179059294
21,422,0.1697328677325974,1.1970169905574004,0.5215991552024464,0.5637653266789976,0.6110456979986664,0.469980394250942,3.490013359066226,0.9345746319683617,0.27855862559815925,3.8717623092832576
21,423,0.2264297703885272,1.4056259030519804,0.5828993014380578,0.5692010588142468,0.5325996456006867,0.4913244059412366,3.538215134744301,0.9231168005542049,0.2643448456454115,3.9235026650777187
21,424,0.23600241417792767,1.2731255266718664,0.6455859738827711,0.5188350946550689,0.6274975438446013,0.44534754526722065,3.4419342150866035,0.9291668970106557,0.2843611910646521,3.811771202884374
21,425,0.24500412735811916,1.3591154658950377,0.6583547419391343,0.5738337105852614,0.5979721314113525,0.4336987923255703,3.4612131524244285,0.9239813707621319,0.28459797285790833,3.7852738840358073
21,426,0.2046890307689924,1.229852308304281,0.6262501001736764,0.5381413015810149,0.6120758418469036,0.4878474298113141,3.5671806422591077,0.9338049646014003,0.27995509969767185,3.964410406742376
21,427,0.1877779791807016,1.2787921904845145,0.6546993006491858,0.48141959899799547,0.6142764093728764,0.46422348429559657,3.4283221849258023,0.9332858651346104,0.277530440360186,3.8190741299532696
21,428,0.20822685970257798,1.2787902423393023,0.6369674456569522,0.4911492578844749,0.5998105936048346,0.4636005375802287,3.4890710498598345,0.939561825103147,0.2684741277126858,3.878741407859194
21,429,0.1930956919741171,1.2602562828833017,0.6383863619904532,0.4798154573415408,0.6231079566111117,0.4514368413578501,3.498957192501675,0.9351277573873255,0.28102033879814087,3.8623228540943138
21,430,0.1965814222364234,1.2809395571176958,0.7032729443667044,0.5149698271090319,0.6197647027660899,0.4479350523609168,3.4237174356153313,0.9319695689174944,0.27711134448847163,3.7929007271909954
21,431,0.1926633698357176,1.4012582821378552,0.5805064951211796,0.6180427866213034,0.5171469887622916,0.5309343868457619,3.531390369615249,0.9268534481439181,0.27092024626797995,3.941648558591303
21,432,0.18465295328380152,1.2814580136433726,0.6342978978124065,0.4944708015612468,0.5938841252496758,0.49757565453856173,3.5463200771497263,0.9326182839511548,0.27474889610367104,3.9663685327875604
21,433,0.19600061994448945,1.3509091699955575,0.5308057430349391,0.6637367066169553,0.5924413941942988,0.38224679213718005,3.4825193893672743,0.9173610125521618,0.2804731610697674,3.8067554951740177
21,434,0.15860086933278533,1.2628469212766966,0.6772941893517603,0.5007668011349496,0.6061898672466288,0.5044190500571581,3.4239371443621778,0.9357513587467056,0.2763396001377303,3.864925883562111
21,435,0.23383649882194357,1.4155972414733116,0.6466649360637278,0.5834447798993206,0.5572101017763684,0.48940050595231555,3.437326780879044,0.9266512719807836,0.28292111992455937,3.789700393361494
21,436,0.1663825188258644,1.455422473103646,0.6702399436114346,0.5534818942925777,0.5496419044205003,0.4861764548867161,3.4414656399732664,0.9213401095463969,0.27622119585038235,3.8138829640836036
21,437,0.19134292816072532,1.35601140381085,0.6155102032608775,0.4832612263164175,0.5798908513335231,0.47685275093566337,3.4507808448253248,0.9312326418154399,0.2789031660838963,3.8266210724440812
21,438,0.18290191671376696,1.3087874970917461,0.6829718820335026,0.45587319541305665,0.615203354950262,0.4373711009336372,3.5327140533181165,0.9376786420023789,0.27918286889501476,3.8623055868480947
21,439,0.19812514571523301,1.2729686561870688,0.6516046417741234,0.40341981563897383,0.6236363908551971,0.4609043410439975,3.5113079506785656,0.9382192444539099,0.2824515125173817,3.8800619245911947
21,440,0.1933401247226768,1.4647793303060812,0.5662344675871706,0.6133994645216403,0.5402668455333619,0.45191183187691947,3.46643464248901,0.9221577995145015,0.2780596297151923,3.789283190879219
22,441,0.16288902748421277,1.2329755005267828,0.7210736514308279,0.37397929350445847,0.643378822610856,0.46408462200983713,3.4878985294861673,0.941423355138685,0.2740954362356542,3.8921235544856527
22,442,0.16347476594597066,1.3764795930358025,0.6644952766224613,0.5525093820972178,0.5756878736571248,0.4380397171516474,3.553302458410201,0.9278038066748712,0.2726121827964135,3.8795592150764784
22,443,0.2801408796910457,1.3778990459528757,0.7424223434070752,0.4543846215563079,0.5828023867088852,0.5197632633458915,3.466699744650315,0.9310756044505355,0.2943759160147991,3.8716471646179342
22,444,0.1770924045608029,1.419451884272943,0.6611384048662242,0.49431563673101825,0.5474145386793172,0.5083803226669283,3.4900185205965837,0.9317999103524667,0.2717376208606409,3.911121256558654
22,445,0.1499509227075749,1.3104094474034,0.5819169275806011,0.5720581390665723,0.5748853430913344,0.501374528613599,3.4631457952572484,0.9297494566687371,0.27717586172403175,3.8793043836546035
22,446,0.27605371526615125,1.288354729786217,0.6206181179529437,0.608141589055781,0.609970630366602,0.4480897516476473,3.445250253455656,0.9278877075687533,0.2879504310468016,3.781399838467125
22,447,0.19836037860097572,1.3501811862145428,0.570514006820491,0.6385764556716295,0.572834346113867,0.4489227127805453,3.40304890698014,0.9196826055583642,0.27493025934060167,3.7596703751963387
22,448,0.18777578807323178,1.2250185013149926,0.562632662894283,0.6495648930941891,0.5982603952827957,0.48746759005349,3.410874591415358,0.9276549797969178,0.2781806945480097,3.8148772682202967
22,449,0.15566102311156021,1.3725546710414207,0.6257661680493026,0.5827213877996356,0.5604820500682859,0.5009658285403595,3.475747198307416,0.9287648493084368,0.27306239339502514,3.895299169987756
22,450,0.24944741469878048,1.4020455497020308,0.6518149257242992,0.638199079615766,0.5490253436399045,0.5229670376803686,3.3896454961270024,0.9206713626115611,0.28779879864078184,3.8139118374091994
22,451,0.20808776260921685,1.2304521766138372,0.6988141269891173,0.5419800982284075,0.6063446907550643,0.5379979841054696,3.382643985725899,0.9363031631652424,0.28297541144285854,3.863508746945256
22,452,0.17287274303073785,1.353903473646267,0.6597033950507202,0.4854624348754699,0.607986729141912,0.41349540362449505,3.487616085291342,0.9335293717861616,0.27413292172916764,3.8534137876851142
22,453,0.28201330266881364,1.487457330323618,0.5397392381344405,0.6727521843530472,0.5095780448321399,0.4705307136145122,3.441537781130926,0.9231325171857104,0.2593506582731314,3.8247846901633764
22,454,0.20395533909712055,1.4100077032718126,0.7222547329438551,0.6319001227101548,0.5411801258032927,0.560928499835848,3.413067097454258,0.9202713483246899,0.28548671853968305,3.8689000956714956
22,455,0.18878995691483133,1.303048339179667,0.6854362680274366,0.5566766431042198,0.5837074395430347,0.5491290494310365,3.368067091299097,0.9311688213938014,0.2812891522630417,3.8650933693206055
22,456,0.21152867296391958,1.198833053842981,0.6294076271776625,0.4053030365864888,0.632811744877811,0.5117901540701584,3.4197599632013738,0.9375084218388524,0.28440612858480124,3.8798537997246583
22,457,0.21611437827936222,1.3570929736786006,0.6049025160567292,0.530109326077348,0.6035389885461173,0.4151052840240694,3.5272004655063722,0.930689344731503,0.2847406182513168,3.8594508331830895
22,458,0.19150722225180175,1.2248464065753042,0.6575434929156804,0.4904109085195124,0.6148083062496735,0.5150423408592849,3.4536044049834906,0.9359364104892973,0.2822621554710807,3.9011487736476647
22,459,0.1735695200950553,1.3884161487333788,0.6837804387903101,0.6385816129372184,0.5629139460759431,0.46830455409188476,3.5035773526035348,0.9259220298686646,0.2727634240039115,3.853307402817765
22,460,0.17585135593171783,1.225860810595058,0.5267171649951016,0.5387221182813354,0.6037083917957021,0.47325548255219496,3.44852408684159,0.9369463955641963,0.2752505568696182,3.839966816045286
23,461,0.14616827930884035,1.3547049916726825,0.6009391331798548,0.5760749047599587,0.5820857825686935,0.43468027855882163,3.554160472853151,0.9266975863485069,0.2778686475376827,3.8968089126964154
23,462,0.14339725698079928,1.3726437846635773,0.6443299730841411,0.6007567170486323,0.5566549152386979,0.5152380395615344,3.4345498396218606,0.9209534203211529,0.27693514870094094,3.8677757696380297
23,463,0.14647912664328197,1.3441674682729075,0.545777972982793,0.5764744716762669,0.5608340778184605,0.4847473405687509,3.5451694336383484,0.9252959465146733,0.275875748434745,3.9253476177273035
23,464,0.1927894130062575,1.309825295045277,0.6363148994579335,0.5102764039925576,0.5860516420218806,0.4997919357991673,3.476911243704235,0.9291770262188385,0.26956327968316934,3.917235433435894
23,465,0.2211966875343247,1.317861372952172,0.6003141636014331,0.5416959973451946,0.5768838729335476,0.4652774256798443,3.5778583494460854,0.9336114640831912,0.26934652658492053,3.9589413557439093
23,466,0.19512592192133194,1.4344211264702096,0.5764134946988274,0.5939349318260088,0.5223570834237565,0.5101158530917539,3.5265962711192023,0.9219570077877492,0.26931514303934173,3.935430566010934
23,467,0.1682120946263074,1.3312215388190252,0.6286032394187386,0.5563225620836939,0.5792346602021837,0.47659418869224723,3.5416910953864607,0.9307987442410006,0.2739781872499564,3.9278167929905607
23,468,0.17355554982318985,1.3444364445438048,0.5765423721766966,0.6115664123146953,0.5719455808931626,0.47153254813336504,3.4704771385615936,0.9255792314598834,0.2786742450839342,3.844588752379085
23,469,0.1553961449669508,1.3604720364518827,0.6153594979605461,0.6197023331734071,0.5700042663283357,0.4719845499525947,3.4880835466900457,0.9250675318102815,0.2745553539700395,3.8613771947226967
23,470,0.19970829813561675,1.3232967477776247,0.6752758587693584,0.5047892490460885,0.5852903852338694,0.4900388757533742,3.4866927937372205,0.9386608005678554,0.28016014049332416,3.845709018797462
23,471,0.20796324206480038,1.284602796903434,0.6063783265098296,0.6341867233241331,0.5933337154751108,0.4198824821618231,3.6685293459788926,0.933604673417574,0.2732393721744117,3.988107450684087
23,472,0.23820306066620414,1.2114112976213813,0.6661122210057375,0.488565017492338,0.616719996066978,0.5336182409531564,3.4026254960401756,0.9356134217370098,0.2877954927041286,3.871238820934672
23,473,0.21714288154873737,1.2446782202586144,0.5652192912808209,0.5868953355667996,0.5805615695895023,0.5284631029619624,3.4268658081291754,0.9369287593762536,0.26848691692367654,3.9310473918823603
23,474,0.1856071321188164,1.3703883900937197,0.6363288134557835,0.571454945698376,0.5672775751933583,0.4735505070418717,3.4587102985995224,0.9279509579253193,0.2735890194986029,3.8230496870941826
23,475,0.18884249055996152,1.4276073953222153,0.668442151056003,0.5471318136127261,0.5523781230222143,0.4800755513723714,3.4924337478546077,0.9221638516597214,0.26856322422777057,3.873897244035402
23,476,0.22886318935394093,1.43336637809591,0.62590093150912,0.5759256501864045,0.541101817567027,0.4771605261939998,3.497151492629074,0.9318075093940624,0.2644174009538528,3.877377190337674
23,477,0.1586909312322759,1.3650373641441151,0.5997511005187219,0.5835791696869709,0.5715945049366773,0.45196146091989114,3.57230655978365,0.9334785817810228,0.27701034286001736,3.917186253864743
23,478,0.15190827898310869,1.359787104769169,0.6529685461124507,0.5490797775859798,0.5735262936040091,0.49677719841625445,3.4856932378623107,0.9310622146961499,0.2773416054118527,3.880949936621222
23,479,0.21166708769215808,1.3340312411828994,0.6140843981359574,0.5667194654343184,0.5727122538761762,0.49182505669139315,3.4634498784869416,0.9219283994986276,0.2840728425067579,3.8378817485811454
23,480,0.20509434798794868,1.320440468049637,0.6408858731912475,0.47176792135491985,0.6043387102956107,0.4161329749333496,3.595270368353746,0.9389457531247176,0.27073524861055875,3.9345175655671896
24,481,0.16414666335264777,1.4090604693789799,0.6043600991420922,0.5607625298892609,0.5629342488059073,0.43777618197684876,3.587574011739346,0.923257572441584,0.2733158742254734,3.9284712807840023
24,482,0.1768365079949605,1.2387230087250638,0.5568164381651698,0.535667515767528,0.6057772970951906,0.46040911836689713,3.4966312674279063,0.9374729367970087,0.27172853614059383,3.8889780784620536
24,483,0.15895278622094605,1.32410778062993,0.6062731886642088,0.574270890377514,0.578772917634361,0.49090556643735994,3.4666654152945644,0.931299316922536,0.2731073528752247,3.8896784623610308
24,484,0.14922024091311883,1.387358860947475,0.5759504501644751,0.6073095179379042,0.56130517674861,0.4594560811985605,3.5051439883829927,0.9235967309248341,0.2767035837940118,3.8594527930490736
24,485,0.14654234300652363,1.4180512109467205,0.5944236906211525,0.6082246595598514,0.548273800231333,0.4689104993653494,3.53408689601374,0.9166550174264607,0.278412836338288,3.8722883062433104
24,486,0.16421646399954834,1.3882893614194582,0.5030292208507439,0.5941436277126633,0.5581004963673815,0.4491421797018461,3.472350146531907,0.9256335486870195,0.27469005924202133,3.843652671655375
24,487,0.17243489185436547,1.3834175662969401,0.5164229525341539,0.6307508360019585,0.5535834214690291,0.4600411372914377,3.539419854016142,0.9133931836409532,0.28293320720325155,3.877901962273195
24,488,0.1380111500046522,1.3361192365036694,0.5905595892506875,0.578434881933371,0.574929917828405,0.46862647534236046,3.5281547464416008,0.9273267118383453,0.27689387097168333,3.892813780053116
24,489,0.18864276022925405,1.3451421422587269,0.647435214287842,0.5596545860642418,0.5778087159691803,0.4829875647187774,3.5350020630479557,0.9302445125433362,0.2721439674412833,3.9430295467417276
24,490,0.14038776289499394,1.3627000434219472,0.6890840673915319,0.5375896523778396,0.5636772408330222,0.5332969020825897,3.4384296526425784,0.9315731321310136,0.2763308600294181,3.8956686179358266
24,491,0.17915079859681343,1.2657216123992674,0.6224097439157827,0.5080560882895042,0.6102598650351286,0.45483752471694255,3.5000683915099966,0.9358156997207354,0.2787561805781492,3.85916429436449
24,492,0.2075340833506907,1.4006534274746367,0.5485552250690473,0.6920236449695846,0.5277882683066448,0.4985063990106423,3.542439796558419,0.917383930514404,0.26723644573290556,3.9411236556375897
24,493,0.14979932860067144,1.3351635443862373,0.5023678387353351,0.5978724563756113,0.5764714670841278,0.4275396445795153,3.566672661876841,0.9259693395658471,0.27858769742241385,3.8905359589043784
24,494,0.1428991036492736,1.356546683349038,0.6026369186303184,0.5997642200509685,0.5615847792995938,0.4770613986844121,3.53763929159744,0.9291587218872117,0.27563147433698015,3.9057597432597277
24,495,0.1716907181897279,1.412354765718903,0.6618087945533178,0.6169788752041558,0.5577500434397983,0.48376991177171397,3.47463942349916,0.9300738177332416,0.2747512683567683,3.83878604497977
24,496,0.14393555104386807,1.382646504815026,0.6131125123374248,0.5863254496375608,0.571175657714251,0.4483104181508731,3.564087984904882,0.9288881198645985,0.27558010604312233,3.9076952979016313
24,497,0.1916993969585567,1.3739756678708184,0.5594586798158497,0.5347409333598772,0.5712452769279501,0.4474434368708263,3.5857908032502483,0.9335805947076772,0.27303221594645055,3.953585108045145
24,498,0.21583265786119768,1.4066830840675622,0.6277941027825948,0.5965425141042169,0.5492563617716513,0.4894887217046128,3.505072166507098,0.9311964301892083,0.2665406026181573,3.9146580692743256
24,499,0.16817987713405286,1.3847722682498178,0.6478622910317544,0.575083280620772,0.5745644813801084,0.45644418218210525,3.5098458938017982,0.9274845621947566,0.2715743148249762,3.884281732929179
24,500,0.17811015230763397,1.3800329409744927,0.5156683936236062,0.645030840042801,0.5474049765141735,0.4603796777285714,3.4978970047093814,0.927973944821499,0.27310396703396955,3.844538850935135
25,501,0.16903785714934944,1.412294971848269,0.6433386169748257,0.6046057301286708,0.5563363529426515,0.46371521882065625,3.5421727284287066,0.9260367218346162,0.27941376480724517,3.864899932185024
25,502,0.16777137044423215,1.4501309355613883,0.6632016261017529,0.5974497440106592,0.5453565107443201,0.4820525494573037,3.497286705060355,0.9304473807278383,0.27470476195359206,3.847958220876026
25,503,0.24694221427132212,1.32506879027462,0.6026918323969418,0.5716055306080572,0.570100486497698,0.5152488752059431,3.4725718986049126,0.9279838101436685,0.2907597240192692,3.87791889385482
25,504,0.1863143851552382,1.3612260952737216,0.7259346987212955,0.48435682216985204,0.5784434685602149,0.5146044318443572,3.486685696576111,0.9334539436037719,0.2813923896278912,3.9092047338932177
25,505,0.18151942562503123,1.3021411842103268,0.6442047689050023,0.5114766273013788,0.599191394000859,0.46765169806362017,3.5143658853104225,0.9296543914321063,0.28108388769049614,3.872753508035534
25,506,0.16217975168408924,1.3070982540571057,0.6414093761702111,0.5319147584787538,0.6047463090619561,0.4366543957288968,3.5416349051972214,0.9318324447393651,0.27918345389915517,3.888765170753915
25,507,0.1738978431246475,1.2886153439050925,0.6340277514406111,0.5121628770323982,0.6022930456047715,0.46843247760692536,3.4637687297394075,0.9354947870067027,0.27672463145021836,3.839971876409462
25,508,0.16761035245437245,1.3664252361469487,0.5974757521890378,0.5938003175448628,0.5602320157834837,0.48744177651900766,3.510159934465051,0.9291531464143112,0.2717126841039169,3.8985986102591936
25,509,0.13803808435874182,1.3571279177146518,0.5687680767223151,0.6089990483356424,0.5733804469702035,0.46734058624430086,3.506087247155481,0.9300729379359998,0.27576403003024613,3.8959962695259245
25,510,0.18381381250927806,1.3011742788411633,0.6753525805361204,0.5044392926660765,0.6029223499300881,0.4599083010315458,3.537541542942476,0.9375159101384897,0.2718108222692216,3.91166183751771
25,511,0.16141079527437077,1.3832127612920462,0.645147520194031,0.5482350008694066,0.5641719657836545,0.48992044103888166,3.5529772556972046,0.9331857163388,0.2760050474379574,3.937355771557246
25,512,0.18510317601600723,1.4100495442570213,0.6727310185265226,0.5509916242210022,0.5571154392161228,0.4940473589053007,3.5133676085099275,0.9282859147482417,0.26984860894768237,3.9084150984664454
25,513,0.14269368308739963,1.37662977700134,0.6206205480672268,0.6340473966058694,0.5553015056801456,0.4869686917812044,3.5374938572491113,0.9242844023699164,0.27458867056039693,3.9022272807957608
25,514,0.1730475631188703,1.4106086878658657,0.6557918573321952,0.5067189789485299,0.57218604123009,0.45909108204519855,3.473108283717675,0.9299249380699542,0.27490310765079456,3.8336496619622573
25,515,0.13810130036136675,1.372271631876961,0.5808568270544254,0.6188096075360336,0.5490739322177607,0.4856889186711735,3.5081741934985695,0.9201768893989393,0.2758959860907985,3.8645169191654096
25,516,0.15315958632205803,1.3506330873584036,0.6533222806337939,0.493352384066597,0.5813370165412957,0.4884250845376762,3.5039625408433244,0.92976203048901,0.2752656103312921,3.919138413345981
25,517,0.15107336492548612,1.36014161592946,0.5965032773771133,0.5286501165934968,0.5856868319360233,0.44071169743187594,3.4983596451906203,0.9291002217127385,0.2764973977404605,3.8660078728114313
25,518,0.19261160157466983,1.3485498185356812,0.6039456519885523,0.5771153397208518,0.5747546933419823,0.454511699706104,3.547521843827126,0.9301988492286334,0.2698516887680543,3.9185305872142466
25,519,0.17052354891548763,1.398842613309343,0.7254338639193358,0.5236322499010639,0.570471743019157,0.49817374581981194,3.483182953414528,0.9249960137799048,0.27968680713919775,3.8633876968989425
25,520,0.17445186121038306,1.3867628911510668,0.5585239625937084,0.6399729232194348,0.548093241412899,0.4782812062949854,3.534980414338805,0.922253538092974,0.27075576941452406,3.914804404867266
26,521,0.14188670240392073,1.4202134632906533,0.6443763761382635,0.6298431726825957,0.5510667181149036,0.48193277666550205,3.516028957671989,0.9228675679309217,0.27392398339410096,3.894645927607133
26,522,0.16120947998786572,1.323162042815509,0.5778290910442271,0.5265507412266219,0.5835398769922779,0.4748288456416196,3.475927369375926,0.9310223254544076,0.2736030623279493,3.877635952353228
26,523,0.18147309910017642,1.3337637522035388,0.5954848836059908,0.5665578805327931,0.5705040380154737,0.4735975772453189,3.517157770265156,0.929794530879337,0.27934202761778015,3.8486074427066748
26,524,0.1539038827622247,1.3458919712332376,0.5822118671285315,0.5958284798252411,0.5678030272847397,0.46853146214212893,3.5857754152456156,0.9234837786821034,0.2758467839589724,3.943695147533565
26,525,0.20820675861073978,1.3089923826595788,0.5928786068313194,0.6053435892258673,0.5863450701750907,0.47151504017592705,3.5392268815215884,0.9266548288902825,0.28584625284806403,3.8808563419778586
26,526,0.1574863709737196,1.3320949469007646,0.5233706646471928,0.6215726889885668,0.5826595020435162,0.41695661116052757,3.5823373296616436,0.9296000448257047,0.27856662685688194,3.90210136742879
26,527,0.14699957440963507,1.362525514269819,0.6789470229431116,0.6028818128373576,0.5653015445118383,0.49322791248243536,3.519740482409757,0.9288590010348889,0.27504314237696803,3.906154663405735
26,528,0.16102903482220798,1.2877078938552975,0.6202702711936513,0.5414660443329221,0.5993056697583493,0.47548972708296783,3.5109033190174523,0.9339459452100046,0.2788368527427406,3.894864358618792
26,529,0.15956166631429147,1.3772458137919428,0.6257266923422288,0.577526030871183,0.5800526286227753,0.44923041377522005,3.494288349167787,0.9253837036670077,0.27829592617128773,3.866027264372029
26,530,0.18798636871735852,1.3652266366389332,0.5881046451782054,0.611533749783809,0.5614173351430513,0.4756041048753696,3.5281092699562078,0.9262014513107883,0.27026739570585595,3.9248847241310223
26,531,0.1325280948980713,1.371338227732181,0.5815878653624904,0.6009233970718451,0.5717803761745612,0.4533800163362104,3.516982653084022,0.9238179546695026,0.2753636116353255,3.8944783482349203
26,532,0.1873975539973178,1.4119008536957196,0.5557394444152567,0.646174349809964,0.5411899283518703,0.47429323707439675,3.5706104823597284,0.9199890461814085,0.27117304623363514,3.9512669457918514
26,533,0.1528499083128088,1.3551022301373843,0.6135919349655462,0.6104417171912138,0.5648308517192525,0.484761473043999,3.5343865397682244,0.928949636621601,0.27829304317833403,3.8984800902765038
26,534,0.20117607072738777,1.337779018302468,0.5773023370927175,0.5293460473232394,0.5875374234815494,0.442423435199965,3.546002742336796,0.9263219106816308,0.28459161969490954,3.8760542239663636
26,535,0.1717973258236771,1.414751908364525,0.6481850943116166,0.594979247007031,0.545021195070239,0.49836080455659354,3.49629209225896,0.9242573448126624,0.2702525849428677,3.897780979585394
26,536,0.167765005172665,1.4282527107795642,0.6280116718616904,0.6317635166888387,0.5469434334709725,0.48069061166327043,3.4951887799909063,0.92197063253588,0.2716157923130731,3.8714089916662773
26,537,0.1759608580930219,1.3454131492826076,0.5303343614251297,0.6909207745929755,0.5532924429485687,0.4734272584633238,3.567755506700487,0.9244524696905563,0.27288759421010844,3.9425888821234722
26,538,0.14888280504012788,1.3833708686553967,0.6240793835849446,0.5947197738278354,0.5613450319085669,0.47916576714913967,3.5173588762893493,0.9285009293163314,0.2771255453407593,3.877708582167024
26,539,0.15824546852466365,1.2710845892648666,0.5942103209692362,0.5528923375187109,0.5967944686301516,0.46687120243184416,3.5113699213795,0.9301946265482662,0.27783996894567664,3.8735835820127824
26,540,0.1607378411264661,1.367276948891341,0.5508249217016429,0.5902326150676108,0.5668056578854497,0.47160456634325776,3.5081531349373987,0.9243639799480384,0.2799939696667272,3.885267085026004
27,541,0.20987211233795672,1.4038601448756094,0.6236696093353853,0.5239407374762018,0.5774276325389596,0.44621817992135193,3.4704314983621956,0.9263789511684987,0.2812908960772559,3.8127059008380506
27,542,0.15918006349488448,1.3361831965562745,0.5638024960403805,0.5607224637261919,0.5712559858884073,0.4662261702023649,3.5300978759847,0.9285516756713637,0.27356018446757996,3.9096766356274117
27,543,0.15575545626932286,1.393022453098113,0.6575217084872333,0.6013167974432883,0.5686101720662424,0.4563922913404525,3.509433994795204,0.9250226665870545,0.2768024641640598,3.851513221351037
27,544,0.21750799909344998,1.3457672216898222,0.6705323653195114,0.5746570189559854,0.5641609662441878,0.5246162886998015,3.529963594551938,0.9306786880602603,0.2825328723324027,3.9604275748434907
27,545,0.1474730195827367,1.3830855409486946,0.5629891647509349,0.6482884206470878,0.559075695907213,0.441664384763014,3.5729841531233157,0.918755838005794,0.27405035443789344,3.9170672744602926
27,546,0.13906248640034335,1.3274650683224496,0.6396825504912136,0.6348700302481889,0.5696084270394179,0.49986651740617283,3.5125566118440545,0.9258012261149358,0.27708127695979295,3.896212206728945
27,547,0.17350540129480865,1.3739584238041176,0.5579792763004253,0.6055298413448222,0.5683479387085233,0.43846117597341044,3.5983013702416877,0.92503535027924,0.2810740177950047,3.908756350148554
27,548,0.15702948074769613,1.3676579410631948,0.6318121373047518,0.6005365103844461,0.5662429000467191,0.4816015426186081,3.574953392938527,0.9246562196157484,0.2758387851982427,3.9468818252203564
27,549,0.17276642782630605,1.3649368533901265,0.5562753266420142,0.5734046233060067,0.5745832347930193,0.46312839504767284,3.4940918781769437,0.931195361030557,0.2721951794132583,3.9105904071448228
27,550,0.175231929400829,1.3903641605988732,0.6044306963296101,0.6324976080419261,0.5591710374250827,0.4743418227808336,3.4908695319445684,0.9274289359863316,0.27076026580877777,3.881905024702925
27,551,0.1902169044815631,1.3179285370092577,0.5977790172158209,0.6200423311043044,0.5800543936685087,0.4687631115044841,3.5203590298102165,0.9317352646681574,0.270747118810098,3.922850522012496
27,552,0.13796239504528468,1.4068556295683114,0.6016908522201377,0.6292086841751672,0.5523193311976614,0.46389900537682777,3.5672722660043723,0.9225713410853615,0.27511284533358304,3.9044797678261363
27,553,0.161668788426862,1.4127229258111615,0.6671883183622731,0.5483538692448663,0.569608654368352,0.4509331571732106,3.5261448589230744,0.9273435647239596,0.2730982263278579,3.8751258245296696
27,554,0.17612154942291963,1.3805330419744557,0.5451873007438202,0.5896791611723017,0.5615425987461728,0.45984948076551957,3.579411542097749,0.9282454047736033,0.2803972201963692,3.915771278058424
27,555,0.20187953088814833,1.3529439343504073,0.6366149027026725,0.583351349504936,0.587657473803058,0.4404221880925143,3.50140760018221,0.929548077237607,0.28128977111731357,3.8357740740690263
27,556,0.20028255462783331,1.4766829766685576,0.6783381911909708,0.6127600593780852,0.5341938025974825,0.4806443166202901,3.5475166144058603,0.9240277306088893,0.26733132556741673,3.9125682220027485
27,557,0.14843320614053646,1.3827100984616747,0.6243980726076548,0.6332582465058267,0.5622704877768465,0.4734295330213795,3.49651078213029,0.9230925081138045,0.27561946997826114,3.855230560950406
27,558,0.16125385690449873,1.3607265708901854,0.6197077136749691,0.5688579868140569,0.572243798434662,0.47024293359427,3.4875027122868865,0.9294900522887962,0.2741493430473127,3.8662051882613837
27,559,0.19801736625370836,1.4495854722646655,0.6867006433154181,0.6361609910654276,0.5432823349271817,0.48223175083737474,3.560121405902424,0.9214459686014893,0.268770137453157,3.9345851060088437
27,560,0.20941489172353853,1.3975549392113833,0.5998130990811626,0.6387254139602698,0.5589955741777396,0.4437980937488194,3.57110443708806,0.9243825902916434,0.2680857884190209,3.9401432992544416
28,561,0.1479435182468138,1.407665802411505,0.5922387704086123,0.6410656691900619,0.5514611218438572,0.45022852758673054,3.602972550797879,0.9195185208471024,0.2753713687628697,3.934804777669025
28,562,0.19261630910486638,1.4275180758929278,0.6065651989018439,0.6432333480756763,0.5499322508687928,0.45773558133676034,3.4968441531629253,0.9261897533563459,0.26777262531103097,3.8872642321760003
28,563,0.19608509620932704,1.3393881645596268,0.6145598822856588,0.6224123270353246,0.571207684607729,0.4752416116026392,3.5406487825150634,0.9310047158279684,0.27041485110578145,3.9313213060918812
28,564,0.1986532115933922,1.3337567383146016,0.5713143461583379,0.6074664801732435,0.5739340127072401,0.4781983748205113,3.4949288756610892,0.9284482988546587,0.2820351933270286,3.849956432293285
28,565,0.17021650893396467,1.376113855818357,0.5484527200682336,0.6393502334757102,0.5624884341352605,0.4564429336950978,3.5483660091283244,0.9342654206559662,0.2800712216051331,3.89457818003182
28,566,0.1827941107201018,1.353611297076051,0.5802402132665613,0.6059247409111174,0.5748249841565911,0.46091317647785124,3.487373863025818,0.9306515230674851,0.2793445948714794,3.8481076090536783
28,567,0.1447368091020132,1.362497805975325,0.5346985053443556,0.6349989526928403,0.5610419087823943,0.45760878672787897,3.518673410186244,0.9241522753976292,0.273869678074988,3.896376577974336
28,568,0.15465216829634842,1.3340344198505005,0.6059153675556412,0.5996137691475918,0.5674338856191475,0.48420973452532123,3.5391917302854425,0.9231121995409468,0.2736134990950366,3.914533518279611
28,569,0.15318918394317413,1.4062683331434824,0.6158263449676048,0.6003082817352193,0.5581147661515391,0.4543145518495685,3.589407852818801,0.9233504734574742,0.27716359610433083,3.928369094049605
28,570,0.17170537569904828,1.3613274852173922,0.6724879698921298,0.6083485885332612,0.5806446751900067,0.44796514308147783,3.528626346279241,0.9327922463566078,0.27831278854403924,3.8602222159710946
28,571,0.15546329098376582,1.3759029643231544,0.6063308083684088,0.5215606124075528,0.5766862695078756,0.44030416897322533,3.571814053775311,0.9296553229673009,0.27469477048294727,3.915824260898212
28,572,0.12360209021519852,1.4544689674097793,0.5911184103309133,0.7004642003007024,0.5336573369808546,0.476414131320269,3.5292061967283486,0.9170639843190148,0.27582386885535487,3.886363890885846
28,573,0.2136013776485376,1.380193586102615,0.6094328192734697,0.6375291754854076,0.5640069709340259,0.44962628080309547,3.5764857085213038,0.9232487417165943,0.2683716764685806,3.9550175869579087
28,574,0.19361298157014295,1.3954040069986193,0.5979455607601522,0.610389737135401,0.5508796086366521,0.4666352567328609,3.5992390062868247,0.9282178471331637,0.2716771956411009,3.9509334392278412
28,575,0.16066675535118297,1.3859252119198098,0.6181300206283963,0.6463876616894142,0.5549517095482104,0.4840880955615006,3.520749170380684,0.9269740229279687,0.2724662648350863,3.900887494660111
28,576,0.15800254151821605,1.3877649153379845,0.6089664926533478,0.6513433828677695,0.572344187653884,0.4170174459608814,3.5917127642181463,0.9267887009948053,0.27915120055073844,3.884462590827286
28,577,0.13629905623501243,1.380821251952912,0.6008304955977819,0.6465002489208188,0.5516631790128693,0.4798051824154766,3.5244314137621053,0.9271638040139397,0.27541124454080057,3.891455798017604
28,578,0.15336976335109698,1.329406987423856,0.6013336139791126,0.6093806855701756,0.5788945342546603,0.47139481679330986,3.4844402819765734,0.9270391508776541,0.2744612883444678,3.871330824008657
28,579,0.19042358678911822,1.3951573526455725,0.559982180705171,0.6569736897341647,0.5534267703877507,0.4359644328029927,3.5961907812141325,0.9242921445179875,0.27098784832137623,3.944325292611265
28,580,0.16623483996284477,1.3795886526752605,0.5801716022985203,0.6136859377289399,0.5628131457782428,0.45767350630500114,3.535658443090999,0.9290327096556368,0.2721578983247615,3.902486983995911
29,581,0.16050225326038517,1.4108599799702084,0.5658618701859008,0.6397267550497514,0.5503295626662423,0.46437315893770953,3.519054989426711,0.924393419158864,0.2721779192424325,3.9026289323823233
29,582,0.1581851872877636,1.411714261009837,0.5765971953590948,0.7172302633711489,0.5473383412925045,0.45977644876686236,3.519658894990502,0.9233335961160879,0.2729400350143943,3.8746145232723848
29,583,0.14765209159865975,1.3294600924094253,0.5758369167951698,0.530557775723489,0.5844919820509933,0.45273407494497997,3.514072766636483,0.9294092161204446,0.2768878721415076,3.878908893932099
29,584,0.17706089343866419,1.4586631252764395,0.5339045987531811,0.766357536871841,0.5171237791166376,0.4710105112706284,3.5726023437453343,0.9143192510422183,0.2699813387758241,3.9278029335340294
29,585,0.1562336319093156,1.3227850626472202,0.5364078962967318,0.6060470278659166,0.5682302593890005,0.468801292028338,3.5327876867774877,0.9317487974814597,0.27764801350935536,3.8784831377989955
29,586,0.18116187694771899,1.4178857071580762,0.6146997201190181,0.589590268022169,0.5465466595755176,0.4759173576456259,3.520571765680645,0.9290634258394904,0.2702246230865587,3.88179947490309
29,587,0.17442346548822074,1.392093201696432,0.5641684824884321,0.6835159445789425,0.5433327372040394,0.4801226715408646,3.5427125261708916,0.9222078969959602,0.2713122754235556,3.9227070849990455
29,588,0.1535201279626824,1.455772932580446,0.560530015074186,0.7400637663053256,0.5315527173095428,0.4423042920081689,3.5518656869703396,0.915437058583246,0.2715390567618442,3.88470216611172
29,589,0.19151956462363165,1.3760404290316992,0.5515569142523902,0.646974967178875,0.5618761536023271,0.4442399025261189,3.5840087455644527,0.9274660838072457,0.2719523784997881,3.9525254693414835
29,590,0.1712337859609826,1.36002699775558,0.5987652578936666,0.6101229116796619,0.5638992532152264,0.47614058140055304,3.5029172911733593,0.9282524083955437,0.27094948082379994,3.8889742161461065
29,591,0.18871749219877204,1.3965696621030732,0.5199291228694054,0.6737372693592385,0.5505024464689366,0.4328294541236274,3.57238649830032,0.9267918692213902,0.2700886851082122,3.922384923538768
29,592,0.16033119055932746,1.405796963080577,0.5650932093363451,0.6283083532503057,0.551882472965025,0.4713143782051447,3.5529287646256362,0.9225492076970634,0.27988863554812043,3.9057370884061315
29,593,0.14625589793623736,1.4106742964386534,0.5887481650629527,0.6903730526462417,0.5378325664943147,0.48958977291298067,3.550970816834092,0.9134299527329752,0.27442991712220505,3.93270055895749
29,594,0.18459214112282485,1.3562630050434825,0.5928133389029344,0.6414577107773529,0.5549010353060272,0.4960138142418491,3.5572583509366464,0.9227059070572861,0.27203984911676515,3.9515801482728925
29,595,0.144716987930787,1.3821084850044476,0.578085885412132,0.6593690303026063,0.5473554951762061,0.48059890711906406,3.542654478578668,0.9250188497440845,0.27793004128249976,3.8971049078331257
29,596,0.15409589555920206,1.4043268222875214,0.5540006781552113,0.5975339541342934,0.5523335178447302,0.4465919579429575,3.5457345781165555,0.9267126898686605,0.2734840633176677,3.8829259125015176
29,597,0.14707512760525326,1.4315818921783576,0.5463257865777758,0.6771079972584662,0.5516903481745583,0.4258480468737208,3.5441509254973838,0.9249253952506017,0.277393742926625,3.876518497397916
29,598,0.15700640127377247,1.394768860137747,0.6266569712568787,0.6833106952780159,0.5483345147689448,0.4815507779657862,3.527199201810445,0.9230536398908178,0.2720391500970137,3.897048801666396
29,599,0.1581599097032986,1.3889500062197693,0.5782554987117601,0.6648474139997778,0.5464576351578685,0.4990624499519899,3.501763602336137,0.92360099771079,0.27274379271931826,3.9079331996424655
29,600,0.19410450025571738,1.3486805140897402,0.5898077058832867,0.5893674391217882,0.5788629950491136,0.4459200935884648,3.515141396225604,0.930682165673278,0.2797229662707646,3.8315016661471324
30,601,0.165444384359522,1.3745506902432503,0.5663183369312035,0.6883421431439593,0.5570662682085654,0.4546730289314057,3.544726779994364,0.9252036817318346,0.27196628243436366,3.907339313872543
30,602,0.1697764575201779,1.3591859640407773,0.5634013855133326,0.6402354727528914,0.5657455587073519,0.45505780377185207,3.594359639619163,0.9228435369326167,0.2786263877764797,3.941227382852874
30,603,0.17137666180769356,1.376298208654566,0.5858845887873254,0.6793531866849934,0.5554361589583325,0.47480191024759655,3.5013265591432106,0.9159265287627077,0.2805754381644374,3.852721844030254
30,604,0.15484937307390917,1.3893403302409162,0.56369712879342,0.6334864650899129,0.5512154507839135,0.47623655047478436,3.497427457454608,0.9233895776452019,0.2730998170195267,3.8789869015953258
30,605,0.16420706404438615,1.3686846316990062,0.5960050101559824,0.653330416291362,0.5606649281354773,0.4685103053784608,3.5202807834692327,0.9231205001684403,0.2711645713660281,3.898570106293056
30,606,0.1525856526488967,1.4381455096620135,0.6026769967819493,0.6923320708338478,0.5441762963351702,0.44477564295033095,3.5514259711042957,0.9220091017955137,0.2735547047785271,3.8736984626724587
30,607,0.13965834318019177,1.385383980976257,0.598361081113569,0.5732255224897711,0.5724494964356497,0.45216412523884203,3.505464591596177,0.9236130971564288,0.2753589014596768,3.877222536756632
30,608,0.22272760075911355,1.3940719930011347,0.5830791622544076,0.6617057579967589,0.5487249955488089,0.46475926230387865,3.524197431530205,0.9193602599025896,0.2648573532487791,3.932446903656237
30,609,0.1291889882209881,1.4587348791153767,0.5046468891269891,0.7643387733663405,0.5085787738935654,0.4732310463241829,3.570424221083907,0.9062260576750564,0.2734976975052585,3.903439605233865
30,610,0.1787910424536909,1.4301287751994822,0.4847633516859696,0.7163402127566666,0.5347242175058613,0.44011182301161134,3.575030151064054,0.9182556026868367,0.27053976062469465,3.9296986542180634
30,611,0.14860996276464938,1.4384793793902173,0.5520079649650669,0.7325257380254705,0.5306179607774044,0.4657188116956695,3.5569352826843925,0.9166523344115063,0.2733750191648443,3.9147503741116103
30,612,0.1605664115119802,1.3627165063520348,0.5590944062834206,0.6333230159768654,0.5675240549073133,0.4453657187701798,3.557302777597233,0.9282930948420114,0.27938151412424805,3.88629345113918
30,613,0.18459639823540136,1.3272185321512173,0.6022053480510213,0.5920927243217109,0.5688836241602468,0.4809708321146893,3.536195593249319,0.9280336115664876,0.27136253254412296,3.9293818622137167
30,614,0.20752406958184247,1.3956116571534436,0.6028420052635398,0.6333559704002584,0.5522553007312367,0.4586828101930335,3.5806829231473882,0.9258310052613453,0.2681681103885734,3.934184074109575
30,615,0.1903744868392782,1.415034781290716,0.5978811780267272,0.6724245353312744,0.5447125421181409,0.4813076514545494,3.543485682284781,0.9275411351432451,0.27062252149437704,3.931360603662003
30,616,0.1771666738136045,1.4102084665135404,0.5725817087203636,0.6976877227362865,0.5405427976603627,0.4666428883105809,3.539932575405342,0.9207157349579298,0.2699870814341846,3.912898576566204
30,617,0.16519679775499907,1.3960070584117839,0.5883687371480185,0.6678653703565323,0.5508998676410768,0.4731971047757777,3.5497733697856306,0.9244244767955113,0.28057216532656204,3.884886893950887
30,618,0.13465575791914577,1.3986456743069229,0.5288412994283411,0.6499782340523502,0.54975124231764,0.44465753910906036,3.5680452749557485,0.9161142081320216,0.27464363130476793,3.9067603976270604
30,619,0.14479176471085076,1.4344499771127897,0.6280811981742487,0.6389499285519967,0.5452321610153136,0.4648199392066158,3.5232185803099068,0.9166136192062752,0.2737926989003254,3.872698399213911
30,620,0.19408655787422166,1.430899020057891,0.5295774434489525,0.6712550121519467,0.525448517789582,0.4856431271900665,3.5534383647901926,0.92507455455958,0.26924300451077016,3.9249859413242936
31,621,0.1462062309584858,1.4205965062167123,0.5760425218755394,0.6662631575709044,0.5474376546537,0.444761934246407,3.5448857234668023,0.9249149963271455,0.2753592635700472,3.8675638967107817
31,622,0.28054814317697024,1.3563723230602298,0.5532347670879856,0.6659874076934387,0.5572513751245541,0.4869857930938394,3.469769087244645,0.9169677804069408,0.2918906227729453,3.8022939635219877
31,623,0.15534450702299696,1.4756126031320158,0.5537508048038718,0.7750420847217809,0.5141565452830851,0.4623138307945819,3.5588393372403306,0.9163522545325609,0.2708605208215909,3.892895345425118
31,624,0.15735018974874582,1.4343452043721914,0.5807776139322903,0.6680161556437983,0.5378670508269376,0.46089170684788405,3.5512158759472223,0.9256001172342365,0.27245742132750383,3.888429996393326
31,625,0.14721325870513055,1.3893517889844251,0.57725322318843,0.5802159478412406,0.564123565666607,0.4516385206108434,3.5350238620577032,0.92333687169285,0.27396621101942015,3.9044951253580074
31,626,0.16327039378114278,1.338739748907314,0.5775012714557575,0.6030016551995236,0.5701751356679661,0.48118454123555726,3.501685654862977,0.9254084394883708,0.2795649588648521,3.876766770526139
31,627,0.1369870651174401,1.4192824589513249,0.5887666539362765,0.7119493594943676,0.5376343723414545,0.47029525465733635,3.5713143012866224,0.922000524630867,0.2755017909749746,3.909423048834438
31,628,0.18068740303663033,1.4653819466931493,0.5339659714236822,0.7368758668011841,0.5164572463558217,0.473768520761201,3.518582904687,0.9214209513427957,0.2700044497007327,3.8676781892350163
31,629,0.13718651508751378,1.4512290223273363,0.5682625944005437,0.7333707485363674,0.5198413886488286,0.4935468292837831,3.5033418080672174,0.9130177035652081,0.2771939776687172,3.864668936905472
31,630,0.2205232361302071,1.4666972821455377,0.5310695304481546,0.7166536689190509,0.5183919316430275,0.45489687174562404,3.578527318489736,0.9203948899235097,0.2655742393686646,3.935810655393625
31,631,0.18465848747918978,1.4685933101298194,0.5416526600450257,0.715023045164366,0.5187552267681406,0.45270477438411305,3.57595166378234,0.9203150719739293,0.2687968220007173,3.9116442464509342
31,632,0.16225908156954222,1.418690756407127,0.5450437932393146,0.7031156193704253,0.5289523714326781,0.47408526504644855,3.588554510323017,0.9217795758295452,0.27325840622736736,3.9274966643534186
31,633,0.1340763777864892,1.4440032006996504,0.6126165651796305,0.6408809706628487,0.5368591080982859,0.4694615384019983,3.539563859746844,0.915506306936749,0.27457608784216514,3.8798763429820853
31,634,0.12853017867841762,1.4554870019559907,0.5423497697056947,0.7666391994861222,0.5148057651539274,0.48141331761917217,3.53457592867281,0.9122920313230424,0.2749311112916242,3.878030679570505
31,635,0.19954191040862418,1.4004541993455755,0.5618851675070994,0.6578314589272187,0.5429303973706656,0.48749371247972356,3.52347559392527,0.9216891704686235,0.2689047195655119,3.938873332055656
31,636,0.17377810038228445,1.4336170639844499,0.5157619501815767,0.6687399608103156,0.540272696259143,0.4421385375121277,3.555142178877574,0.9236779091599774,0.2713199397963148,3.918067799142591
31,637,0.13261189561506118,1.3643684541312338,0.564244767821912,0.622231748404834,0.5600230768479918,0.4567065429632451,3.562189211732962,0.926744793351159,0.2758603300957633,3.894696652893045
31,638,0.17994558396570629,1.3958665534800105,0.5890119159778457,0.6849604591280153,0.5414303964767078,0.48683805492373783,3.5271398123732034,0.9201576322113334,0.2692964813874958,3.9098922214511456
31,639,0.1401377430032242,1.4362311313524543,0.5477695009912582,0.7768320192341757,0.5362627557152695,0.442310604131192,3.588490705344923,0.9213264893132205,0.27528662561966544,3.914121713170426
31,640,0.18179014850738712,1.4383317512434453,0.5657553676236537,0.7023606376852203,0.5313057794151014,0.47862575956169345,3.5111466781638585,0.9201890640859961,0.2681643866735839,3.8885602604288594
32,641,0.21172364967414112,1.45963543384543,0.594982690026147,0.757139084071986,0.5115409158973911,0.5029528575390165,3.522080326427889,0.9166863162729137,0.2650967854934555,3.920755375026225
32,642,0.17542127504454763,1.413715496025553,0.5751791948800763,0.7721191726649501,0.5185329888492682,0.5074387932679711,3.5295085351490236,0.9201961385098298,0.27071774302455004,3.921041202406896
32,643,0.14495654448484369,1.4084311815588073,0.5685139540482029,0.7050462282554271,0.5369126187969657,0.47673026075932173,3.5188695944553556,0.9214482226423023,0.27491501752096076,3.8680291581361366
32,644,0.14142973155155866,1.3899888351735266,0.5175526126172773,0.6998654252176427,0.5364921186162814,0.4628014918417566,3.5455309723935295,0.9213341196736419,0.27438792364329534,3.8820578092607803
32,645,0.14541340762910782,1.405777167122138,0.572644779906204,0.7486742814161573,0.5341788404159376,0.4816932757819242,3.584655181568144,0.9159998436782176,0.27691138788608827,3.9342482579464004
32,646,0.15765119804608874,1.3812731805320002,0.5535852310365907,0.5376509833024523,0.5718972592751468,0.4376151409696414,3.5271994992397393,0.9296493772653631,0.2772702971168597,3.8654101332895365
32,647,0.13525607606212797,1.417205236942791,0.5908924060219756,0.6691526413535679,0.5478232165243351,0.47332810378243995,3.5316472230229987,0.9228654503942346,0.2772617858837797,3.892770774208995
32,648,0.19029361943287765,1.454564366824502,0.5310860043369778,0.7768710150134088,0.51967679744921,0.45158364093865516,3.551013071201633,0.9112170303481284,0.2662872040936257,3.908821982194786
32,649,0.17629045746008892,1.425339658680545,0.610545303878128,0.6948048664538845,0.5451191062835451,0.4618240266694209,3.546593074015969,0.920943710320796,0.2703359206169019,3.915571995805429
32,650,0.13627030205313165,1.4076198085361769,0.5713446844116554,0.6823098700538928,0.5308784079122817,0.49874459352233086,3.5416074810073104,0.9233346800720543,0.2754619468284231,3.90429732717322
32,651,0.22138687595640105,1.4987273821680571,0.6536792020153042,0.7245742780276647,0.5042382520575216,0.4825718368466553,3.5330803277201044,0.9140037787871444,0.26272327216839464,3.873542869579544
32,652,0.1446993661624951,1.4558357846247818,0.5896749464960631,0.7462760569549115,0.5224355774482532,0.47989551181049395,3.5532825781002835,0.9170910951850084,0.2731486442854393,3.9029033336772274
32,653,0.2427712786381941,1.4907294196731864,0.5767118497215094,0.7124917208208041,0.5080271098147909,0.4717549466171581,3.55183472457251,0.9195685426677767,0.2602426085307466,3.905875955137275
32,654,0.1957842893479329,1.420526033122797,0.5178550589566615,0.6709043206582666,0.5442636209674183,0.43478338615741496,3.5685163734311853,0.925143208545075,0.26897861472602347,3.9243982895380514
32,655,0.1291781566249521,1.447735035575046,0.5388021024158633,0.7685500697484147,0.5164468809877455,0.4800992721666103,3.569686098746124,0.9206327160459328,0.2754820840039022,3.8888064978556556
32,656,0.1869573289241661,1.4683211203823683,0.5918096160487559,0.755481217696813,0.5220082675389459,0.46332354959045113,3.5586664989918906,0.9158261013187646,0.26757480372769904,3.9095433164853164
32,657,0.1494344006558022,1.3966130191754251,0.637549299459757,0.6334962825349801,0.5422634120395958,0.5102561858854215,3.491627484637775,0.9244049243080961,0.27878490724408367,3.8903125591748564
32,658,0.15263596258364637,1.294712734257689,0.6160174817774545,0.6134500124278737,0.5795863570933767,0.4830231475200607,3.53365431256982,0.926269164276488,0.27866625718394616,3.899165392617477
32,659,0.13032865161997367,1.407702565152162,0.6167932767549382,0.6419133814783791,0.5653353645262238,0.43304521440103744,3.551068336405322,0.9213919745617625,0.27634582539744973,3.885942901639831
32,660,0.17235720598925464,1.3845180081088264,0.5652272259609277,0.6664330399554494,0.549189702911804,0.46310748728400625,3.549735718255924,0.9242857043743165,0.2705875826203075,3.903528600614331
33,661,0.17247452170528496,1.4569083743640487,0.5204737672992825,0.7441529235069205,0.5265516137334874,0.45020463788248827,3.54922077518171,0.9175728183889866,0.2699839596743063,3.9111855049545183
33,662,0.17257327878504228,1.4155929801982359,0.6113225382725711,0.7060500077396883,0.5356377389906958,0.49206806702985917,3.557044552814621,0.9190091410926756,0.2720713380237219,3.9374091796902086
33,663,0.11727882870369633,1.4097886415236103,0.5583404836701354,0.7108560468787586,0.5400824765109664,0.46995745473541317,3.518707692919492,0.9118444542110451,0.27553912292470484,3.8902924158164964
33,664,0.1672634196621663,1.4443575546426042,0.5945488689166785,0.692473573514363,0.5450508966457577,0.4344806728185153,3.5721735635843785,0.9204661913000006,0.27132981886608476,3.913153952101274
33,665,0.13736948413721475,1.4253332707527206,0.5818085660667924,0.6771608202096095,0.5368420960517805,0.47178058923015803,3.5515137628832445,0.9203304449297273,0.2747470804056508,3.8825114824066747
33,666,0.13424609361625578,1.4328941934864563,0.5668013934943187,0.7092867755603568,0.5365926781439516,0.4479855037186968,3.5688708811756245,0.916661963112951,0.27405665921640016,3.8896171824428643
33,667,0.17939387236950166,1.4130750576317728,0.5797743110718172,0.7025475264883647,0.5432040565423641,0.461657938953298,3.5416318995171316,0.9230752492899017,0.26963605736276197,3.9066788959959227
33,668,0.14221908005314107,1.3947349729126022,0.6256263448087094,0.6373719297624227,0.5647699949019895,0.44857412444065414,3.563792231311731,0.9207610016593506,0.274644063339933,3.9104526469001377
33,669,0.13579781533232102,1.3802301821544845,0.6205707234199875,0.6188208575864417,0.5646555614998647,0.4598497652451664,3.5479604066384764,0.9244004762594997,0.27600287557955977,3.877604850438344
33,670,0.14754069044976426,1.387245800974993,0.6484584238705177,0.6546252375447958,0.5522300210513933,0.4806359794143086,3.5508132733893736,0.9244510927784255,0.27357262683032435,3.896934730636373
33,671,0.13242711853197386,1.4507121974225772,0.5649007510272985,0.746890284485802,0.5177485249674626,0.4759954172359782,3.571501912489204,0.9232522233944274,0.27555743792275234,3.887640691166491
33,672,0.1762440686297834,1.4083554079170586,0.5470570792194822,0.6971139451052939,0.5374470328323651,0.4647619841937548,3.5510837079428272,0.9215231783800476,0.27038892765950145,3.9148531668341358
33,673,0.13529917614312914,1.4180959923674754,0.5970573411034297,0.7590782591526942,0.5335863841168548,0.47903266867653505,3.5657972870670047,0.9162803382075276,0.27461253244691086,3.907179610761929
33,674,0.12306163036139027,1.4591315968037328,0.5464311622375873,0.786538815408911,0.5159254308172729,0.4776950992833173,3.567800526379809,0.9076299761926583,0.27545754930822025,3.915822334026442
33,675,0.13386146204374638,1.4374508065139349,0.5361162719874569,0.7808961119666243,0.5256401587752488,0.45762574267640116,3.5894732232247364,0.9186699675411172,0.27556873980591245,3.9121932504695294
33,676,0.13619794345590133,1.4379530047124984,0.5740972256178891,0.7199432094996578,0.5356105368272379,0.4671101165313207,3.5262827220528425,0.9199437257024867,0.27602111984122335,3.866498826991412
33,677,0.14108873546323972,1.3880302119126726,0.5720185785012077,0.6874991696245639,0.546522132948964,0.46499615778468345,3.549203304570872,0.9172360243548212,0.2735906607283541,3.901765717041769
33,678,0.13640665126832982,1.4052307840046159,0.5926484056641953,0.6474268106263611,0.5457178974092598,0.48004765718576586,3.546158439269775,0.9182503611213118,0.2777756107952132,3.899181838298388
33,679,0.14273063224978752,1.4310377569270558,0.5898619052721709,0.7278558264315659,0.5423802709413958,0.4597317498284766,3.5581404916117663,0.9250571925837626,0.27496689407961006,3.9057987428728183
33,680,0.2356215493852747,1.469023448836418,0.5972848343929302,0.7871212852845569,0.5113256676569484,0.4799421845665871,3.582110825751176,0.9215124074394037,0.26413042500284084,3.9421803799647606
34,681,0.15240890372086516,1.4548878614015723,0.5633661614880606,0.76803925108986,0.510315303081235,0.49703247251693183,3.5392785814353704,0.9193166262274314,0.2717670013327835,3.8928637258880827
34,682,0.14057809425455547,1.4369222948148785,0.5343941665069603,0.7342286568857299,0.5290961927218304,0.4676960340885776,3.521101656871935,0.9176240800739184,0.27479331503061694,3.869186328648028
34,683,0.14264932684118747,1.394589566210345,0.5949169245409227,0.6188301574715431,0.5647893875477737,0.446113740860994,3.515445681173164,0.920690644777714,0.2756332863265739,3.8605897225157952
34,684,0.1179475680989494,1.458100336908777,0.5034970615918395,0.7525888611101198,0.5102759796662779,0.4845586920213757,3.5360072634845796,0.9009295236632863,0.27401348828078775,3.8845876076077546
34,685,0.15719395243458867,1.4018813672260433,0.5809392939400184,0.695828704999068,0.5481798177833672,0.4497714075298365,3.5872756267864707,0.9235703190409504,0.2742380782619691,3.9272028296488783
34,686,0.1255385006504542,1.454488246909098,0.5669827553048302,0.750078227907089,0.538113204532425,0.4268944815984879,3.585733681378837,0.9127890506517595,0.2770897154219078,3.885328133740342
34,687,0.17464664888104411,1.475995802336203,0.56648189718417,0.8259548789118203,0.5079650871971633,0.45885762831782284,3.5883955953524027,0.9072185063797171,0.26789452715211437,3.9105328127218586
34,688,0.21558706544776834,1.4725838114573455,0.5469355965085991,0.7319268464675015,0.5149745740782232,0.45411976538079973,3.582510968396666,0.9250264288179668,0.2650035172146051,3.907152699494972
34,689,0.17392007943978866,1.4304801004161656,0.6027460862672387,0.7046941709115158,0.5330715633338649,0.4902815165463261,3.5128035116516,0.9257757740933709,0.2706503357172799,3.8820829539145847
34,690,0.16393526787514517,1.4508298648147866,0.5369089158560391,0.7452717936578448,0.5234214900921866,0.4573302674303606,3.5588506467402024,0.9190771499627134,0.27022239605877085,3.8916456858602757
34,691,0.1492920148605154,1.4231159345477875,0.5694685545898522,0.752431122803134,0.5345183469084559,0.4791019774935804,3.5366618207338574,0.9181726761180222,0.27897414399134934,3.878457701907544
34,692,0.14770145166993373,1.384527644587027,0.6117792300985718,0.672052679867166,0.5603405279346967,0.45747712081977865,3.5520432232654766,0.924899923621056,0.27463261577551,3.9111329273639135
34,693,0.16246096263573215,1.4309200779515512,0.554786979763388,0.812127775866889,0.5136061244819274,0.5017162104419162,3.5763811506459033,0.9032670006004129,0.28119384272991466,3.9372667134098114
34,694,0.1878999863799638,1.4582464754689013,0.580950369975891,0.7153241892369644,0.519430491662518,0.48439962538989273,3.5459373559086047,0.9148988142989923,0.2675544092656678,3.9132927839606895
34,695,0.13388749462509952,1.4601492517802728,0.532349271655371,0.737066672338653,0.5234201023843045,0.4575182848187863,3.548962091939994,0.9049073568130795,0.27814900697346506,3.865299659022439
34,696,0.15600261095977333,1.4428855544220678,0.5945107634108471,0.7411379119819839,0.5180534575960452,0.5011138557061519,3.536692618059466,0.9223919431383159,0.27940327586700464,3.8814689645782274
34,697,0.21457641710630881,1.4292099438424817,0.5948866844105857,0.7241401060374764,0.5381212575163222,0.4604632742301639,3.579214790709666,0.9234460265293952,0.2676880444605653,3.946804282855884
34,698,0.18868566043910834,1.472147745344001,0.5556672496247543,0.8600416006163292,0.4938571248554302,0.49729309356330437,3.5900008446041465,0.908462502128398,0.26795310092191593,3.9357315219744597
34,699,0.1856069328003998,1.435656010281282,0.564461567736223,0.7280440128245982,0.5230587593429371,0.4838017615378174,3.554410630929424,0.9149044198893641,0.26887555961707743,3.9274509636750716
34,700,0.1934476441584318,1.449157356635831,0.5181087621926789,0.784293730251483,0.5198123603730896,0.46379848734546425,3.558569243555157,0.915966030378574,0.26814434446663254,3.929877805501916
35,701,0.20102193697357124,1.4512857625847317,0.5172899689430669,0.7381573566503304,0.5224624980669579,0.4678584008279456,3.498950277855306,0.9231193277626139,0.2659759905450631,3.888952267621799
35,702,0.18209451717018532,1.4706266708354168,0.5638204218908499,0.7247529596221984,0.520335407029019,0.46465710019294904,3.5396454396148536,0.9176381613538991,0.2681279104015504,3.882424068916994
35,703,0.1667863384696782,1.4269903136390152,0.49119906558630405,0.7639924445338392,0.5355018498714832,0.43053415053907573,3.589912966726283,0.9164558964210933,0.2721221092919003,3.932924833116462
35,704,0.13870564612660272,1.4008590084995531,0.5921068229864884,0.6402802989473694,0.5593754066174368,0.4470024314790141,3.5596432602301293,0.9282471759021036,0.27578190477986503,3.9018838765949297
35,705,0.14800346690905214,1.4375705764658147,0.6127171489660389,0.7256651171256612,0.5503696832936018,0.44441073561974453,3.549101757375535,0.9199861500971549,0.27830407390463663,3.875821363434973
35,706,0.2314188290213712,1.441294078305901,0.4873299816389203,0.8496824354295318,0.4963180614525746,0.4945253930467478,3.578279333301835,0.9114857397911234,0.2643819686731896,3.961360550458605
35,707,0.1456154005417225,1.4733708390983593,0.530450777658195,0.7654221293496185,0.5161659588454947,0.45794047269599625,3.5556634169382475,0.9074800421689403,0.270770965212241,3.892025276439322
35,708,0.15152868942637523,1.4459560144342822,0.5576204838234482,0.6707029011667325,0.549112479686487,0.4233419313232106,3.538122710083896,0.9185040778211893,0.27733370783068934,3.8517526027745417
35,709,0.11404041737027933,1.4843412578402515,0.4923288847915697,0.8886904636797974,0.49216168394091264,0.4656511058462255,3.593518549175892,0.9068181320174649,0.2759241981628314,3.879227260762099
35,710,0.14229523775719286,1.4344014631578725,0.5669644372178821,0.746782489445594,0.5193099593976457,0.49857225343107103,3.5303418261261683,0.9168203183195688,0.2732901192689906,3.900862291167685
35,711,0.19551047956810036,1.4869803190503692,0.5053862949633559,0.8416160279361762,0.4907161718256007,0.47202064273714495,3.5699894594239447,0.9146958035180962,0.2657209045749445,3.902727030645967
35,712,0.1579922358618196,1.457624228594292,0.4867332781977344,0.8384315434913553,0.5072875044194507,0.45856318071948604,3.6052500473343385,0.9138470135804427,0.2717742636255157,3.917096661650389
35,713,0.200830331016891,1.4455377375666325,0.5154235120085757,0.7718801050717087,0.5133103870962168,0.4905988161575312,3.54851398777628,0.9139760299712743,0.2676069658056573,3.9413945700849973
35,714,0.19698326130488428,1.471160335842165,0.5311301068533821,0.7919603234201046,0.5171921444943574,0.44656562404517064,3.5628395013404157,0.9178676916244928,0.26667579378847084,3.9115295410977873
35,715,0.15035941414862758,1.4329988607415058,0.5681602266516678,0.6961437204453114,0.5485061360366692,0.43721650471094076,3.536177320990538,0.9206549021880441,0.2725679856459726,3.888733439325006
35,716,0.16556177641868786,1.4291542068101377,0.5687375396947393,0.7060923291814826,0.5402639663923258,0.45171204110359736,3.565224641071466,0.9206283665734641,0.2716485444485245,3.913952194583299
35,717,0.1651743112055038,1.4225676497868653,0.5482404753152752,0.7486017590552445,0.5256547808312242,0.48142629787614766,3.5622687513844484,0.9126006215514743,0.2715479054536506,3.930843877922142
35,718,0.1925073121396803,1.4737795945017975,0.5790300373005322,0.7213813176771109,0.5164268592312122,0.47052473716938936,3.5358610696143513,0.9146619163135228,0.26577250943265024,3.88831026445247
35,719,0.17015610842948187,1.4090939964906528,0.5497639918546126,0.7058483715974317,0.5597402613116008,0.42781123277614413,3.5330673447629968,0.9142843306175206,0.2811909404712739,3.8598792354085716
35,720,0.21947478494700415,1.4890887194749434,0.54151217578426,0.7545178332509441,0.5025616276974688,0.4779456081079817,3.5630156109057145,0.913421040372463,0.2644212347420822,3.9340690985979903
36,721,0.18788868169263356,1.4481103345851658,0.5966965092747657,0.7465150422561408,0.5400396901593852,0.46011789213465926,3.541656140896227,0.9212940722547007,0.28182973702732206,3.851020762020943
36,722,0.15445643877373327,1.443187443330333,0.6016864801353478,0.733667903499564,0.5340842594282253,0.4641340654643586,3.5673459753174486,0.9205598242115428,0.27258999211018775,3.9057776262741113
36,723,0.14670736019697408,1.4440719697488564,0.5487343907704273,0.7332637846022118,0.5226343646644025,0.48712563612091564,3.5232331402406833,0.9161204837341629,0.2725472286936238,3.9006340265451924
36,724,0.16054477554431454,1.4092859000771574,0.5418026610371888,0.7106209909606519,0.5348381296863576,0.4729386597860666,3.544771211431844,0.9215095810158728,0.2719530182528254,3.9063883969124062
36,725,0.1924420019401408,1.4031055201886429,0.5716525670844412,0.761412111363211,0.5361732225431641,0.47206221638696794,3.571340202565205,0.9183936351564812,0.269826890526973,3.945887343778137
36,726,0.16982104072637536,1.460119860117461,0.5343719923806427,0.7619973586170407,0.5217277724263034,0.46113421262545595,3.5765659143853044,0.9178013340129034,0.27125399819896423,3.923391778985026
36,727,0.13674379723390442,1.4659967225885167,0.53537592683899,0.7763896491685978,0.5268832084256068,0.4514120424794726,3.537119475565717,0.9125038605461674,0.2774830566553755,3.8683878214390517
36,728,0.15714710279470936,1.4658488722715644,0.5653883804232074,0.7875635797894466,0.5139846112151435,0.4826617688092688,3.553402741666896,0.9058448136198487,0.2705033069379567,3.9165294106881823
36,729,0.1721816271897833,1.4617774325761888,0.5697431422292725,0.770084974108703,0.5256167797703282,0.45920348957591883,3.5957019307842186,0.9131525431696058,0.27171191053286115,3.945486141839352
36,730,0.16308326189866304,1.4748066522907304,0.5132086560531021,0.8009097917879504,0.5111155248964669,0.45650507170623333,3.555563183425738,0.91086155660674,0.26921391837287956,3.8979827666940485
36,731,0.15237159460821093,1.4512081937469807,0.5554042174335783,0.7212521947547965,0.5320061037952282,0.4504299523873761,3.563356041887662,0.9172055279176152,0.27202111434498005,3.9016616640726376
36,732,0.13279108170890203,1.4785417070713252,0.5795510579785156,0.8167053325963952,0.5133870462203836,0.45771427313031604,3.598132855670845,0.9064043056961595,0.27319852738513084,3.905807935808661
36,733,0.18238770070791374,1.469994400364262,0.5139439605675842,0.7759798202761041,0.5038969825862922,0.47537057019614026,3.580472339645862,0.9143498299346563,0.2684505184855082,3.9165066097556482
36,734,0.17646231787655786,1.4891781791058964,0.5126826922815686,0.8526523754096225,0.4986028914810803,0.4452059396322876,3.5895825341246805,0.9085587658684847,0.26697096476133597,3.8881429365479128
36,735,0.14574360493494473,1.4487279890483786,0.5248548544798207,0.727360872370341,0.5302550001725771,0.4332530548934705,3.572419601194807,0.9148075458763956,0.2720854234199999,3.890637572605023
36,736,0.13759320856253898,1.4428552177021652,0.5335530421630379,0.7140306474063011,0.5278117702015861,0.4714477214007752,3.50916904961535,0.9133026690392286,0.27499640550514276,3.8618687152095346
36,737,0.12248288522907558,1.4922057103943651,0.5233627547333926,0.8241888272785415,0.506624330855707,0.45391742722928424,3.5709972908482066,0.9052243676863366,0.27378608381054076,3.889167161891585
36,738,0.15492212679685274,1.481899702645607,0.5389531958180306,0.8567030455408264,0.5117730774466211,0.43890852718208456,3.6054985368145527,0.908088839864203,0.2707079744321958,3.909755919312881
36,739,0.12928331053259665,1.4012387978882774,0.5784191803334913,0.6328464513774562,0.5590203048836522,0.44519129035390126,3.5438119903094343,0.9189288127745273,0.2750460496400469,3.890705445750956
36,740,0.16413993167480656,1.4060496152003177,0.6073709634181689,0.6335453040571839,0.55991261180304,0.44597781312043416,3.5268104856161173,0.9261854498245846,0.2720785953668906,3.8819472605535013
37,741,0.14163595330002582,1.496285162361566,0.5044068819779428,0.7964865279300363,0.5106639964440959,0.4256212084827514,3.552735236974208,0.8979160953756491,0.27297533262808005,3.8459647181761367
37,742,0.17079322120241255,1.4797438198535493,0.5506084976038623,0.7478493167775554,0.5314856669242635,0.42327852530966686,3.574146651982077,0.9190770207033419,0.27000305389391166,3.904609790144673
37,743,0.13082610522353633,1.4631110501769775,0.5536141946379248,0.7466162345534071,0.5320735630412102,0.45435087660940787,3.552788324527367,0.9214857383513833,0.2756159715927208,3.900263852297269
37,744,0.12164837181975156,1.4339717837009367,0.5391644837266746,0.7100565460479837,0.5407510132907334,0.4481749584335065,3.5570599810574555,0.9182089613846935,0.27585415846678824,3.892458817259656
37,745,0.17214758601724928,1.4572905539799346,0.5740650234630271,0.621836153455195,0.5542367517082599,0.4196120872139847,3.5250282696184154,0.9251427036128941,0.2783488462655973,3.841702853009025
37,746,0.17573035994904712,1.479766550498136,0.5656715330891909,0.7961851732076066,0.5123142737787107,0.4569915422679194,3.593357916744182,0.9157103307057703,0.2697360351811352,3.9184492957801718
37,747,0.19649452881141521,1.4405173435918648,0.6004190690720772,0.6490616313794406,0.5532624021453845,0.4407707130046373,3.532083897849793,0.9236783422680412,0.2816644371820843,3.837600410137319
37,748,0.1565851888625132,1.4929381184711745,0.501580683135997,0.8313997977696482,0.5052830343634871,0.44776167380622534,3.567248681837003,0.9124449601471747,0.2707361648688754,3.882954822149494
37,749,0.20198030407423412,1.484408823094951,0.5187277484428919,0.8355159437224492,0.5211740110623649,0.4087098789465098,3.604119662335638,0.9160495999409978,0.2669916392417268,3.9300291646888015
37,750,0.12582148495339615,1.4499287978584956,0.5269686678831307,0.7474704185265808,0.5312635103675806,0.44348320220876436,3.581940581006296,0.9147977965561804,0.2772945739986679,3.8924374988434067
37,751,0.13695806927888116,1.374264648972049,0.6012547303689592,0.6245328373189759,0.5684337494367326,0.4559536080793837,3.532788174874453,0.9284524862525746,0.27592899604229715,3.8859306483811027
37,752,0.12990435817394755,1.4502685701718492,0.5581708333135109,0.733816620194768,0.5322599535671674,0.46096575186724575,3.5293273010588657,0.915001305503614,0.2763343904200638,3.8714300484998887
37,753,0.1875606492630695,1.4976715982862145,0.47898908929151246,0.9464006767081127,0.4762585781891462,0.4475624325373485,3.6034714863407165,0.8958518477990761,0.263283684456781,3.8976287648305856
37,754,0.16323758845908456,1.435818944574893,0.5353596791520918,0.6803773701890071,0.542561548809968,0.4380367252076711,3.5586559878909636,0.918209305401076,0.2715921310313806,3.914377570091891
37,755,0.14513905269897504,1.4590724180752233,0.5468574448929162,0.774379036421322,0.5378968963358688,0.42373065919981345,3.600240652643188,0.9104488392389017,0.2802223169109174,3.9001966291595926
37,756,0.2094195502243636,1.416152538211359,0.5668323417416019,0.7266279867636135,0.5445622859237605,0.4362189726279541,3.6065935283803228,0.9187669384788248,0.2681730730793298,3.954720353955466
37,757,0.15761675089161953,1.4652515562586454,0.5348001137859951,0.7628888196892748,0.5210820880997924,0.45941158777480007,3.5556673250114192,0.9149440032619351,0.2707147881587078,3.8988165183517
37,758,0.16724594018521324,1.3802193385514445,0.6152849603030947,0.5846288982551573,0.5755833646732007,0.4393479300252633,3.5331214093947185,0.9310717644521223,0.27237980777953674,3.9027425087703875
37,759,0.15625529728566817,1.4896742507717695,0.5428010233763564,0.7705647548025334,0.52245191658615,0.42818078400323295,3.5380320457730523,0.9093037003541843,0.27209145877585683,3.8570201369615056
37,760,0.10865978761424654,1.481166933006217,0.5617518225331244,0.8171516101730919,0.5106694578895625,0.4654537184452202,3.5662578423088815,0.9029609877869028,0.2757025678124021,3.8836662864941127
38,761,0.20756013799555315,1.433039420055827,0.6111901721569816,0.7242569827552925,0.5386404228029702,0.4741752367370326,3.532982493957472,0.922486818837438,0.267391253364109,3.9312388953962603
38,762,0.16415653106470712,1.424806102853867,0.5143962816461315,0.7871779563881525,0.5223687238475924,0.4670970519370982,3.6026151015974968,0.9130306066411299,0.27301466971960936,3.948530396780162
38,763,0.1315999221576213,1.44831036609407,0.5465797346820673,0.7137247436913213,0.5254211667001503,0.4839681894187434,3.503364598844352,0.914533214140625,0.27614608657978545,3.864361905462323
38,764,0.19788747497799875,1.3819800663855024,0.5680014108323805,0.6639423470429202,0.5504001149409377,0.46315475187720345,3.586134953603489,0.9229848521024119,0.27012427742344947,3.949777760613199
38,765,0.18374763051590104,1.424573004708462,0.6267460481245267,0.6724162132170819,0.5423165861048272,0.48373541232248873,3.522149264720073,0.9281937373176469,0.27006636562811376,3.9090669186817877
38,766,0.13040179202282012,1.4338417054743946,0.5493894834377959,0.7025219432463639,0.5328422086012061,0.46713502233253557,3.5438627767513315,0.9182128396111562,0.2746540460155152,3.892357168475516
38,767,0.18108899026731745,1.4809845717267232,0.5393276702440449,0.7446114069368079,0.5248574851866781,0.4338712440451832,3.5452323411971727,0.9208622734052432,0.2694249718525875,3.873743250710386
38,768,0.13417437825390033,1.450662665387397,0.5646817853233779,0.7056629727068622,0.5391535972887682,0.438829356018116,3.582693175056303,0.9209541156438912,0.2747644937235229,3.8960336802029962
38,769,0.1585776881877609,1.4410340766794136,0.5290260605755072,0.7181090298249302,0.5277679808233706,0.4655996082647208,3.5547688085538818,0.9197040932328606,0.2718836577884801,3.90586905033737
38,770,0.16062537276207342,1.4588877783487337,0.49452313268703463,0.7583120617866989,0.5226089362559093,0.4512979493227924,3.5508247086060143,0.9146681845539677,0.27067582374767063,3.9047782575863517
38,771,0.13869918919102361,1.4548961127631435,0.573381936506253,0.6835675820956222,0.5430636133239647,0.4468525791248374,3.533319243461813,0.9193275678693501,0.2768759315274746,3.872223995680682
38,772,0.13055028477568004,1.4467401283270886,0.5282737749993429,0.797558065329904,0.5256969813193106,0.4514828618056909,3.5862743494096474,0.9138550119203946,0.2778849743969601,3.896678525605187
38,773,0.16798367371555772,1.4499818404671583,0.5615757391980339,0.6693646265898667,0.5431782266064797,0.4487730594387916,3.531557529361486,0.9184584656865609,0.27957268206404035,3.8511955436244163
38,774,0.20898383147877933,1.4117803910932603,0.5662347898468083,0.6902471447423691,0.5427835010253101,0.4592414217044009,3.5768741088274707,0.9184992436408613,0.26786240726460264,3.950126022497785
38,775,0.1341286859693394,1.4474504746945256,0.5726132779365798,0.7303612906477086,0.5420212937040572,0.4268411101675661,3.5930991951733526,0.9167836958934545,0.2749889485322135,3.909015184001814
38,776,0.14240162936396003,1.4463857611897248,0.5531370777121798,0.7341510553805091,0.5232820992596228,0.4777867791163682,3.5354898138031414,0.9183748617083649,0.27740134548689876,3.870165578843065
38,777,0.18145413512060224,1.4712463928669477,0.5314339856896984,0.7894759939200741,0.5004590611521003,0.4961174070625626,3.558858137679054,0.9186327105319079,0.26917741696723346,3.9147707999587205
38,778,0.12573580725727349,1.448337283045594,0.5586786427331475,0.7437057439063647,0.5336821087752897,0.46149061174372336,3.5483840801419992,0.915672991462165,0.27684704195902576,3.897629666859975
38,779,0.09912974721440253,1.4783800315347388,0.5172819789708244,0.8048699276605749,0.5138913440304981,0.4498909495950655,3.581330661251836,0.8982597539328916,0.2759998282738542,3.899141513819759
38,780,0.10444831790936142,1.4831226825441197,0.5188118093960361,0.8194339677077211,0.508283293565426,0.46302146876267136,3.5462731154314593,0.8950672299054977,0.2762491823515704,3.8724361514344094
39,781,0.15048800562023207,1.4848789595522467,0.5129723423344823,0.8991944479159331,0.5041739027810586,0.444129900431456,3.636577732364991,0.8924890114839501,0.27241059391263134,3.9621891143221775
39,782,0.15617926101996432,1.434358280978243,0.5638949370118965,0.681267299828727,0.5464183193195974,0.44309963745710473,3.547266274541479,0.926404398896857,0.2726205572469671,3.8956817149183487
39,783,0.1514646623925002,1.4739311552837229,0.5536202754159423,0.7954125790111258,0.5101540180163826,0.47023735891023566,3.555360977597881,0.9085288691027034,0.27045448939139805,3.8984054973835827
39,784,0.14782902910561005,1.4407859448323224,0.5302380050858311,0.7505517565029509,0.5328272685523611,0.4532454912970295,3.577405064374263,0.9190868852620255,0.2745489892811298,3.924007310555484
39,785,0.13877342836136444,1.4187308068075501,0.5341141450662859,0.6996295566366064,0.5435177873312235,0.44731319460507635,3.5516698157277826,0.9204582703789722,0.2775802391613019,3.8846991488289624
39,786,0.16549574544109488,1.4615347559735739,0.53775326491316,0.7558419959874038,0.5293540250740157,0.4437784046527944,3.5734438819389145,0.9180042012268285,0.271437049824212,3.917072750893875
39,787,0.1432207444164711,1.4157171071549373,0.6197805990988693,0.6800733749979656,0.559445070253514,0.44264464533536474,3.575479369773399,0.924560264221619,0.2770978932412455,3.9070190908946607
39,788,0.12324691978371878,1.4688782625764096,0.52635052405842,0.7620943464243168,0.5185729446258993,0.4574518434984783,3.56149661049228,0.9104189441383882,0.2746519774261406,3.887803278613594
39,789,0.13644521309518004,1.4353914895785138,0.5361059842675264,0.6956870125680263,0.5432722394366024,0.4484217847756443,3.551169515396647,0.9171571713625142,0.27473048405707967,3.9089916624461822
39,790,0.18716565100752355,1.4644059164244896,0.5307978500734526,0.7395310130684241,0.5311369865295792,0.4440958914114332,3.556396387672033,0.9174013847623623,0.26843643527965694,3.918360988820209
39,791,0.15720374646692004,1.47776782485133,0.5203301861670135,0.849126810978318,0.5151110248098053,0.4408031653178254,3.594224678793082,0.9051356940594969,0.2711592535310047,3.927575957519179
39,792,0.18025873500805267,1.4945370942435146,0.5220966483926246,0.8451873410581825,0.5029595854737241,0.44097049526284976,3.585748902188011,0.9095799750266403,0.26699753568526025,3.903196264754544
39,793,0.12068434842639719,1.4799126242804492,0.5212644633987861,0.786711054795947,0.5194820960014773,0.4410130085800673,3.5709741258249066,0.9050592713321002,0.2769969698597546,3.8751108038434494
39,794,0.14433784250749224,1.4051534573597095,0.5512057647137424,0.6942482025638103,0.5508614244479249,0.43659684171678464,3.5669854402984376,0.928031666170328,0.2750698260968646,3.8826851521075776
39,795,0.16159877017659768,1.4549819963729682,0.5504654239050942,0.7177781670971163,0.5323660098569858,0.4555739141670795,3.560286964554554,0.9208207857010432,0.27216598970615025,3.9130798220985143
39,796,0.1919462509466631,1.4614262559426592,0.5362288453424845,0.7868778509009918,0.5121037241187751,0.4925535618850024,3.54149912297558,0.9049950269992468,0.28524604581517743,3.8526007483268407
39,797,0.126645709289628,1.4684094185680927,0.5451585192789838,0.7534610710438974,0.5218082397789784,0.4688903866384379,3.5487813352522193,0.915095102714577,0.2758478272886876,3.8754255772210002
39,798,0.15738527619964465,1.4762275640802391,0.573410333005383,0.7466312601997417,0.5253905966735872,0.46101544298413366,3.5189674923432923,0.9192332972235399,0.2733862434169686,3.8601397886235986
39,799,0.17843108705244407,1.4595595985043808,0.5620666226102524,0.7712330293161482,0.5235700023087061,0.46544241973607103,3.559871719429186,0.9174218181529691,0.2696062455396682,3.917810890511821
39,800,0.12797958922038277,1.4513142923938225,0.5334357670251132,0.7597774973004523,0.5260322527147295,0.45591393353485143,3.5700696857274687,0.9113943170202644,0.2742603909448217,3.8995690556585627
