gen,eval,loss,eta_base,lambda_pull,alpha_aniso,mu_responsiveness,k_pref,r_pref,rho_temporal,polarization_mean,turning_angle_std,nnd_median
0,1,1.9898634925138752,1.2548167018257077,0.37764784332912993,0.39436414047438045,0.35686150937429006,0.47116052978542455,1.73489779061207,0.8565284432585245,0.9650986039194889,0.1324524097378891,2.3900301825809525
0,2,1.390013046333415,0.5868620677493712,0.5638082749831848,0.4501252124126417,0.8131850682877053,0.061572059989767024,3.080748470998892,0.45202654524624136,0.9877833891808981,0.15101656749058084,3.349665266842842
0,3,1.2640693451213312,1.1174554438539226,0.2800201752583431,0.4655138658343724,0.39198209871254774,0.3559100933975821,3.6963284996632755,0.3158733939527667,0.9795408715431705,0.13926667823043593,4.0450277558440195
0,4,0.5862576452957726,1.120522638755092,0.6803194321099028,0.6005003034887398,0.7121575456349136,0.2542753647650861,3.216431662117119,0.34719618749067055,0.9663390171926342,0.2533620245959426,3.419655990903702
0,5,1.8996969597917222,0.7249913377047155,0.6060718510010099,0.36166587346724627,0.4785828348144954,0.25379307325318823,2.725239636991601,0.39745776916252595,0.9902702380229341,0.09853972886432276,3.103661255077788
0,6,0.3314991606438314,0.7964539123027077,0.27653633410960293,0.546883809327339,0.8487707940424828,0.4538891506998722,3.1695471654474927,0.3563432688331463,0.966519808228656,0.277818874652567,3.6223178242297713
0,7,2.1139172628960985,0.5907956777497654,0.8384933380064716,0.5101616961212564,0.4353383266079832,0.3767289315262935,4.728224499912621,0.5478311794296608,0.9937675514572613,0.0867413641408919,4.92459586948529
0,8,1.7083292342063743,0.9728168707180772,0.5600344928074398,0.42954902426597463,0.34434231745289146,0.3010906214713448,3.1579468480688906,0.6364631832158213,0.9842507327829516,0.093005589942191,3.539922005728073
0,9,0.5991829591216684,1.0349153558848614,0.6862217464112924,0.5571182810204666,0.7093288237212305,0.24438127062559573,4.151980772900034,0.6224608426831759,0.9672851755917359,0.245903302552619,4.284050249073095
0,10,0.8756245489295773,0.7165340061712396,0.5977043271930583,0.4848854414750665,0.7536976546442321,0.562780433653221,4.786244355650259,0.25965432454341564,0.9769051784741517,0.2788557779762451,5.183532026780317
0,11,2.2783955150887305,0.3956481344797149,0.39910610674261743,0.532007871141602,0.7077137853458255,0.3941901551716501,1.9248540617617371,0.4668187441716477,0.9899773152159387,0.09814739911216501,2.3713626829792878
0,12,1.0641677038965478,1.031832899930029,0.5460192757808154,0.6524044132527571,0.50998007676954,0.3218930673060526,3.426866276729579,0.6029131520331039,0.9697659081480466,0.16680159046373597,3.7184839147276536
0,13,1.1091695269763475,0.8555239216354954,0.5238018991744501,0.365865626550546,0.6179629378708305,0.36705546523084637,4.068076488193416,0.7528041600075103,0.9764399468864747,0.18372222337291905,4.377928452362449
0,14,1.1067122678614465,0.8518437968955043,0.42494247385870515,0.3722520935520989,0.6262306172272648,0.3608279189334912,3.0661711497304256,0.5332837578090913,0.9752847813093377,0.18204082318918685,3.433827426162442
0,15,0.9948849813995247,0.6263997636945238,0.6396074040066253,0.41057300952349013,0.770416110016742,0.406490443840336,3.703647811537049,0.31695783340740447,0.9860786791526672,0.17870684872089732,4.0618399603796576
0,16,1.8616156423656405,0.8474270812564271,0.6481123481608206,0.3092571547600874,0.5020796420655371,0.3545661669971206,2.3662468745017944,0.5848828508409349,0.9831846430493474,0.12318976084605256,2.81326819630822
0,17,2.096380113514696,1.0369249813238095,0.32809558394930194,0.5701101972999145,0.3137839242584436,0.34458247391850455,2.2012355579152767,0.7380784963046505,0.9806927428454969,0.09545979391447165,2.7415142352395696
0,18,0.7460193522515596,0.9144921506223117,0.4950765736576389,0.34496546140286505,0.7792809805398078,0.6254021134150667,2.036527208953734,0.7598812319088419,0.9566434121147885,0.2761592314513809,2.768589045391347
0,19,0.6447975498312322,1.2557422108816938,0.5676028221904719,0.2601429670283954,0.705405487239828,0.3246704340175122,2.88931930619486,0.2912789378209655,0.9596844361833199,0.2913632457899712,3.1872932544324684
0,20,0.9225934533211355,0.9541504988733402,0.6585625057691515,0.375292072534946,0.6437057486320207,0.18978762802180998,3.8452849757881817,0.533848165899572,0.9780412950284788,0.1849885425721845,4.0288165449140525
1,21,0.756205125358401,0.9918653900489447,0.5677757928630929,0.35174181696842893,0.641386858080833,0.31689992241451576,3.507947139285209,0.2792663642135836,0.9791185314619979,0.20644840997428812,3.780923721508285
1,22,1.6409402981380494,0.7404311501080293,0.6964143448022988,0.3712407658042155,0.5060012601807743,0.20055183694987036,3.21588695816053,0.9999990029369563,0.9857725319724919,0.10545867930940518,3.4990570220999686
1,23,0.672567182021127,0.9545375769803437,0.4164235254272316,0.40986961463832383,0.8594472689252834,0.5138763288687068,3.048195607730995,0.3829278508194191,0.960083459012198,0.32624206251995036,3.6261555576777327
1,24,0.5948208335713581,0.9874380959231048,0.5602859722937514,0.5734001579937175,0.7381978889445652,0.22448247983226546,4.071739054675529,0.45928071861085945,0.9705040203709425,0.24423079501640815,4.24432397171116
1,25,1.4033153843620834,0.7800367918887602,0.24754961424814642,0.5707484282621291,0.6541105797730064,0.2731247190063245,1.7131095011512474,0.13991821978045327,0.9443393678079197,0.2090874876523312,2.4015008285085653
1,26,0.5092730146591953,1.013021644180809,0.24662374752624747,0.3562691618716606,0.6894312426503343,0.4970184501649865,3.9376153596315855,0.529160464140038,0.9585997591377555,0.2884183853944683,4.379021748941503
1,27,0.5344636093353908,1.1849749337987103,0.5043371908328939,0.6614671221887966,0.580567794360007,0.4463344245158004,3.2746982635620956,0.480537406868927,0.9539853706274188,0.2416353396760494,3.6565396655018296
1,28,1.357606148702597,1.4914015067999262,0.4087455851224675,0.3776949196026046,0.8002294151980271,0.25813279955859925,3.881828661826265,0.07612966390800849,0.8927042020629177,0.4424555641482071,4.014094553991097
1,29,0.7202427525337363,1.3304281079155846,0.5768817607267649,0.3042484504522564,0.7539290869202931,0.22986344239107379,3.298064528372307,0.42215699723753664,0.9481404241784844,0.3262208726178545,3.504692195429547
1,30,2.4427740974109318,0.2645519714027519,0.3050269590810254,0.7053123312098417,0.7032576208805082,0.47358607937593283,1.8252194863039501,0.8355640116101768,0.9870224788699504,0.06990364335544222,2.4427624380258246
1,31,1.3044351283478635,0.6743638538734459,0.8967218467823767,0.38183386519840035,0.7531117582764365,0.25297467794039474,3.177915408552165,0.6108886109101243,0.9855881245739718,0.15628213331203958,3.436757877208778
1,32,0.6175747056435077,1.376576733624017,0.4603970448338305,0.5094861280059751,0.5689750397106476,0.1335760028406101,4.187122108496208,0.3583888782185401,0.9613866068844477,0.23677248797058886,4.205067723180542
1,33,1.3469361112709075,1.2118167561130564,0.41834305601999383,0.5895875543453908,0.6895232012478659,0.4889859936870103,4.643237240746391,0.6831937486773718,0.9339499177394993,0.3673142657086856,4.955242727119591
1,34,0.8844287630001579,1.1624383607400606,0.668047165741239,0.07902516570821642,0.8095510204778397,0.5671746161291586,3.3883488140633835,0.5519796627926661,0.9470549080987525,0.3739125928942559,3.9307787379899963
1,35,2.252130417287168,0.9759940285579727,0.4311697040529978,0.5019582515898051,0.9389933129354692,0.6118254517585684,4.393639506174068,0.36515839905016895,0.9385224992533366,0.4983578662883585,4.857964359547528
1,36,0.9960114000880836,1.1652618731479627,0.22090920799428382,0.21933624347010947,0.8600925634329833,0.25991261296725765,3.512444141585303,0.591285951815104,0.9350611635090624,0.39182600996641537,3.8622112930771606
1,37,1.5470999473474945,1.0730441787207254,0.7259251543178189,0.8604600980252902,0.4418267393101769,0.5192417415376355,4.984962717596248,0.20915482888433956,0.9784057887052133,0.18304454613328974,5.216132574650269
1,38,1.0766506263547804,0.6855522279576614,0.25246643819788445,0.614941996619806,0.694870086522221,0.23816172004537042,3.931998004841297,0.5864044257294756,0.9804197313122514,0.17697921314209175,4.210068019149816
1,39,1.3887255808653611,1.0320815216640202,0.7226610525223154,0.7470937058150747,0.5022589589420253,0.26929666559724075,3.122367933469325,0.42841942030461416,0.977265830434052,0.14769041943262398,3.3741083173628987
1,40,2.0568173432652177,0.5135975086482377,0.47599846318751526,0.8221859842467222,0.5428984478566579,0.4515498347704409,2.4042685602846525,0.4158171434150598,0.9894467536194262,0.09328499216383919,2.86998914536361
2,41,0.5419999098127274,1.1307313593616937,0.5060387296305537,0.3946473165368393,0.6433165054776752,0.33932881008814625,4.0333244182453285,0.2937282014264221,0.9698007973292906,0.25198119150881854,4.252498059586911
2,42,0.6503687837546167,1.0891009965870415,0.42377816562346027,0.5980105403572973,0.8228735925098475,0.31725716204955584,3.5155614447641943,0.30061258639263727,0.9543535949105175,0.3359939183150823,3.7933072948610276
2,43,1.752630667158689,0.9687280532991671,0.16978175876387708,0.36544344444973403,0.33572684711300377,0.23250053131693052,4.2412991956858495,0.4125654076391268,0.9866393962008007,0.10321685578176872,4.470668448231551
2,44,0.4207751453919861,0.80072684025592,0.784009475616113,0.5433471498335345,0.8578857185582341,0.43768826272737094,4.0258737186365074,0.3547244088679338,0.9724293027904862,0.2765567839577596,4.341225071715163
2,45,2.1182352131364937,0.5246954984072933,0.33927581064173673,0.4385294342597911,0.103441123156603,0.4838507288360299,3.4476809254238283,0.41299589986797514,0.9971942507416361,0.019495430470413015,3.8096462094409667
2,46,1.5417727522835585,1.347714183315984,0.30746894862320967,0.48835771114908455,0.8548952488619973,0.38308458695024755,3.3530329025481724,0.6078732004167016,0.8984968682488932,0.46494499111620674,3.7443973779987743
2,47,0.19041620833121525,1.3082277094914554,0.365390817686029,0.5235094627199236,0.6500002840444873,0.18719385796932425,3.672817932601491,0.22993129914529808,0.9615839558332351,0.27714755116141643,3.8757443760913395
2,48,0.7224460544892537,1.3980337520549013,0.4089989554974093,0.8284998214659545,0.6794109316910925,0.26454246302407064,3.179515762597103,0.5528923550628294,0.9233788059691783,0.32621644824299256,3.441533729389639
2,49,1.1289891951296642,0.5297395062822902,0.4191367438995832,0.7079504507783744,0.9294582631957261,0.19786707710154755,4.939510306350845,0.48151588372459164,0.9844055869098296,0.22803548677907237,5.022631318764053
2,50,1.3359336198493637,1.3060402842275518,0.48372888217764193,0.5578897859096397,0.8694804617389517,0.32649213064767424,3.4229289020231963,0.4223980125952454,0.9276860836119178,0.4281312778709735,3.695125762085884
2,51,0.3183621916376348,1.2893837745751373,0.33770894575798793,0.2071927176878427,0.6339568904721468,0.3621680921975124,3.312792175440207,0.5522169002385193,0.9469487671198697,0.28391166904470544,3.6873482121134926
2,52,0.7117922677509875,0.6854683098316261,0.4604220187521236,0.3110210730906641,0.7406417673769022,0.6327739991873224,3.4983293378617013,0.48664096979006954,0.9792500938751341,0.22173805194454438,4.133975706389234
2,53,0.779449424442676,1.0066099503887194,0.42417126144409556,0.8889579195679234,0.7254727976593598,0.4920820202610505,3.816215075759091,0.7765107981979402,0.9167150716581929,0.34277025268248157,4.237756681519682
2,54,0.3921679012796562,1.4462772399952786,0.8405360672554163,0.4298205357283977,0.647499209192396,0.07788173400198775,3.9108674100209617,0.3943532964547817,0.9561280903563105,0.2561893312609061,3.733321983929553
2,55,1.1712784720125846,1.3732128898614,0.19343715299289294,0.38412946270108594,0.5793688509596531,0.4611561779667941,4.855434333321171,0.4923417397452961,0.9414608109723204,0.3316866887045687,5.098016774431672
2,56,1.3276934733278827,0.7152904630315937,0.11889432174042791,0.3397545984465743,0.541075322786695,0.5379356862247804,4.0453235592773025,0.6040423802157142,0.98066136171498,0.16578566570598624,4.540263265604336
2,57,1.1513872605267337,1.3385043903061875,0.2870630220679541,0.26569035066750457,0.7828931692078429,0.13826095642948383,4.4119977361346,0.5119982614287663,0.937616944600242,0.37308369853452455,4.484519655976817
2,58,1.560958291354909,0.7980535082381783,0.48491809752363596,0.4594723872744783,0.6339984050322489,0.393330781527906,2.335476201371287,0.29045618377569327,0.9816884358488835,0.16519313591784543,2.802483680115709
2,59,2.019926592563735,0.9644694591216151,0.4343771233504847,0.5514450486027589,0.3414907184011049,0.11527552111555514,4.9989583857080415,0.2522012421576977,0.9745235102478544,0.09405684869028472,4.890531893242622
2,60,0.8046433819620313,0.724381571055556,0.6915627710301979,0.62582773757707,0.855954447061654,0.3259925538432711,3.2488428659829918,0.21979608443549675,0.9823604045196943,0.21612481223923624,3.557851550634024
3,61,1.911723505491681,1.356158990874402,0.8449075550408353,0.5297763632299726,0.9918765346150904,0.35456147984725994,3.78052622000599,0.3146899149876475,0.9299024444581094,0.5163150799028693,3.962546610726619
3,62,0.5680812622905649,1.2582683124510128,0.675491302519667,0.1420596526766691,0.7552431550205335,0.2797658183077766,3.44510460510011,0.3134590941266966,0.9602779050744241,0.3126275048331202,3.6379648752339144
3,63,1.0010470412932573,1.4374529345783886,0.5208696121264798,0.08025901781676525,0.7091982891549412,0.4030215337603999,2.972584880986526,0.31145037280983484,0.9434252849981288,0.35188675689461957,3.308927637025056
3,64,1.4666258524595968,1.028831169191575,0.6009093384138555,0.5802991250940106,0.41331927161334125,0.4906941143228818,4.16733834546903,0.39497529741202386,0.9793309806894666,0.14356378866482827,4.50041352941295
3,65,0.5482875246682298,0.9739959645822598,0.6651424645987186,0.2905257280955821,0.8236995898979523,0.35813591678937007,3.977305984190815,0.6725802536627415,0.9592297175694968,0.30307125054340767,4.2467876551019375
3,66,0.8420496091437921,1.3515553082910587,0.4774333945696557,0.6608873632740027,0.5167507020568056,0.203865080751325,4.037428262714121,0.2612298720134031,0.967566101650285,0.2076818346409513,4.217006426524442
3,67,1.6616581158781494,1.3511822237174802,0.38388334769202614,0.2225701533186013,0.8693322061320061,0.4589281116016627,3.1293715994879943,0.3139633625108031,0.9279308506970398,0.4630862206107008,3.5547263377716307
3,68,0.9028832904600512,1.2548380036350295,0.8757596412327375,0.5082968208309044,0.8394102859839557,0.3186467591457554,3.847401649232383,0.33432423942980233,0.9547415966988483,0.3711675903632973,3.9871635188071197
3,69,1.3786400905782412,1.1061179636041445,0.7089577845947469,0.7035198552405445,0.48465896660726604,0.25721967606760004,4.397412511622056,0.20217610583585305,0.9680090241415302,0.15572342670717676,4.527550775732625
3,70,1.2920899963528476,1.4433444395475004,0.8300788356483555,0.20212020393428126,0.8361495430921364,0.27608134177846244,3.3171527752595207,0.39730880935988516,0.9420180688592135,0.4015387771858917,3.439415816700257
3,71,0.619758052750368,1.0093313969806297,0.2900157781905783,0.4745986449325025,0.6751143586547086,0.20830856624967198,3.9816669611235382,0.639121828088328,0.9655875617641325,0.2390913859878617,4.232048821335316
3,72,1.1303546005829217,1.036658965106951,0.5331118303710627,0.7894469868179386,0.6013468959492787,0.32628076387381433,4.594611702716001,0.15593439436936973,0.9802296755699917,0.20995764537504447,4.780217352165603
3,73,0.45999080479236504,0.9513727814431476,0.2653835325224974,0.2867510296635297,0.7538818108463673,0.44467383279485173,3.8376479057075232,0.4633254534241506,0.96366479085368,0.289881184352491,4.250431900801689
3,74,0.7318704276294842,0.8426780370479018,0.41375110802581494,0.3830294443539402,0.7294088260865049,0.1958877754748376,3.7894011710948816,0.5452387101203618,0.9757651306474351,0.21067876872555188,4.025342428455823
3,75,1.7115112798592866,1.4915280145737357,0.34943254045724165,0.354250684166769,0.7640728948493475,0.5648681638312308,3.4622416916584626,0.40250893411664246,0.9102439796616855,0.48968323915915574,3.995165211686394
3,76,2.1613702785824835,1.4998910047772471,0.681365881992354,0.1704600384643426,0.9748368239039269,0.2571079701431176,3.382002450322175,0.2599280615126739,0.9215321142210436,0.529234926970475,3.499872300883564
3,77,0.6601093737673109,1.4146464468599986,0.7276059384634033,0.6067030511984608,0.7857909878374164,0.10893874068474807,3.857669752628711,0.24560270653224753,0.9468628138970413,0.33791001047110136,3.7835837071800746
3,78,0.7038749848944885,0.9947725032902017,0.8427863322599258,0.9520592172554823,0.7639877145489256,0.08117262159814809,3.54744026518306,0.2358366837719439,0.967026714849031,0.22458193476968522,3.5982923318686106
3,79,0.5500963062642774,1.149547100608408,0.5163287614766555,0.8088397649541559,0.6769786398398158,0.465642688576703,3.8199100847348593,0.6739465464947711,0.9304678940086681,0.3119750406458953,4.193027420212198
3,80,0.8211076613126144,1.1586396895394464,0.8225689510405069,0.5684785709110478,0.5859157196266761,0.4502298582889025,4.1227119739963065,0.39526210771813197,0.968689517564419,0.22466899048486164,4.413179944941065
4,81,1.252030285566812,0.5540025165597722,0.9999948469045317,0.622307912656386,0.7770401411764702,0.22417341279679634,4.066889770256248,0.9020938732224537,0.9855127336100292,0.15470769875562368,4.225207631750308
4,82,0.9886406324898163,0.5956814960820408,0.4014185334694683,0.4676850588807876,0.7071535764385047,0.5154863987000164,3.470111969022134,0.6209412666426903,0.9828982978854578,0.17453194652454526,3.998351248707511
4,83,0.4264843487865313,0.8808096993553949,0.6450728406195126,0.47874608056620305,0.8188402268695975,0.4056990314866901,3.9711947265186085,0.6471319182168518,0.9625840365569591,0.28204425503428465,4.298318765635961
4,84,0.7641781673039719,1.0727088617017675,0.6172837675510049,0.6435598030199099,0.6584080587902476,0.1617631346271467,3.399070376760803,0.7039263662242808,0.9583050112247584,0.21832582225480124,3.548441593635572
4,85,1.4972896751467233,0.8063743046540112,0.595148158767065,0.6980530069128965,0.5228944951232928,0.3353371781509665,3.0280335682657684,0.5859736265912118,0.979969154574517,0.13505113020019763,3.347486628274445
4,86,1.2381337810744009,0.9241674418646388,0.2846713675078082,0.4969134213666947,0.8700173644531779,0.43927528747908084,4.476590561153201,0.3412756984767645,0.9592833534839574,0.3584546803876945,4.8082587199261
4,87,0.4029039861141466,1.440686461348193,0.5359858881690223,0.521902216276063,0.6113721817800216,0.319534626502035,3.1660392262115855,0.3818005461551374,0.9487101038393225,0.2788442192952806,3.455493930500526
4,88,0.7830627657091982,1.1468575778299324,0.3445567535577402,0.2168127629231667,0.7555462413154821,0.16226929292545328,4.626505751593479,0.3039199183668373,0.9640847645904678,0.30206137187715604,4.7064916330644015
4,89,0.9465310577738557,0.6820900849176502,0.22798817197049406,0.266981782658487,0.7352189535403703,0.44226665852444524,4.029439032954331,0.3260293975436264,0.9817657435787156,0.20834285435351774,4.395980013902955
4,90,0.7735957506908252,1.3605373431693573,0.6291997722421365,0.564151958952783,0.7859133255813077,0.16320967739418452,4.0752767470396805,0.5275522686532498,0.9409663760024436,0.3454116956116252,4.131509393279387
4,91,0.8320611839309016,1.242091264131676,0.6374198056678546,0.46560248282969097,0.8305884630511361,0.3118335938195088,3.614037414326248,0.5101756363512954,0.9407107023173713,0.36704420024951534,3.8452084770044648
4,92,0.5726396438677674,0.9702424435201228,0.14633225301164982,0.4137892568861606,0.6549832146465079,0.3936670754716637,3.9100640266452613,0.575300017326136,0.9628439881591628,0.24932100409735586,4.291138163095508
4,93,0.6118105739883583,1.1499363740634727,0.5845119457690346,0.23335108567370444,0.6979850159736839,0.6339652616885543,3.4420117247732733,0.6092592493601638,0.9505698044716417,0.3279580291518144,4.039972220248453
4,94,1.2014325565181196,0.9630254042986107,0.722497823787859,0.5161426282864091,0.9205594542570533,0.33443427032797973,4.4919905524908685,0.5357004741600113,0.9569380599477769,0.36249689875361135,4.6853739324346
4,95,0.8188749021990913,0.7753092882530704,0.5699149754826736,0.25803921833751503,0.6893947469350962,0.536879838285704,3.121988135858283,0.18538051172775943,0.981141688199935,0.20960643360927272,3.61919772250331
4,96,0.6248868856842295,0.9093660006999862,0.31309969404035,0.2780054922353039,0.8990061448684517,0.35736983795474514,3.678887844370306,0.20853079591304946,0.9650734491256083,0.33126861167683447,3.984283983298789
4,97,0.8550331713875667,1.2408182528502085,0.4744959927319295,0.44896566570817004,0.7114340293689746,0.41469942213236005,4.118928013949729,0.5843343159532122,0.9420296996004218,0.3354394984814403,4.428160567133083
4,98,0.7532250328188463,1.3667161913358847,0.6330583700685549,0.9986220477997184,0.7111926281645402,0.42440410521155425,3.5887066484483054,0.39739085862803103,0.9158409442763155,0.3634670442788776,3.89685715719472
4,99,0.6117908806384659,1.0805944809437162,0.6056472214433656,0.3250817822720283,0.804395735916268,0.240549904429667,4.2105012963744155,0.4538459863859277,0.9640914777346511,0.3044022046234465,4.340077349954335
4,100,0.7607410508800452,1.228241192405437,0.18666402585900582,0.4859530352577659,0.7236700210505204,0.28244922513972986,3.9537346435893563,0.4612040733591445,0.9455899853404244,0.3377264381455013,4.203908043447384
5,101,1.2692491219556112,1.166176705075552,0.3096157768298367,0.33883741374168747,0.7376217876724361,0.5145377891695375,4.114955678014213,0.5713527306099153,0.9350833362724208,0.3859351410937617,4.538684405900999
5,102,0.7526463731012007,0.9954238374129714,0.24324556459826857,0.5687467369207906,0.8980066557763723,0.23468157758036892,3.533307444943018,0.5125616069076616,0.945692216691352,0.35526783183518884,3.845513669179456
5,103,1.4120017216791296,1.055724937013641,0.41516307228785304,0.2415999071718958,0.8317748666392069,0.5586923145188006,3.926675958383647,0.6140363827277526,0.9392389590161768,0.41237471352412813,4.4337509057203395
5,104,0.2967657500245373,1.0266494971807179,0.6153916079382673,0.4986937409834399,0.7688841602882596,0.3214446194821241,3.396216995133054,0.5328724919880646,0.957694309242496,0.2765461805842471,3.6510149442530553
5,105,0.3236260399957872,1.3070196680868336,0.8141277979959366,0.19556194166871715,0.6283635647738468,0.5450505135580225,3.596008151840125,0.4079912223875709,0.9578561380917417,0.2849266080546298,4.068677739784351
5,106,0.5074467303431603,0.9958867614322742,0.5892106218952338,0.6857975459637963,0.8615166363779327,0.16126127841398505,4.172991486624926,0.47531005285570715,0.9609646902930491,0.2959439166126673,4.26370215613897
5,107,0.5964653959962081,1.020041882229961,0.6030523868432272,0.5174309075143533,0.657020024653918,0.3469446350497045,3.8882197069126088,0.41060028580420965,0.9697807916717414,0.2345136050550201,4.1121810679613215
5,108,1.3619483418998088,1.2771948282655086,0.35057140435311834,0.4475668067418259,0.7474355350692906,0.4985235577245293,4.079792670474,0.5403041977923937,0.9259403855658299,0.40449697057660394,4.479021437765859
5,109,0.8655827948036157,0.8875820024997254,0.6282118883665427,0.22620543078331595,0.6526290293459659,0.4389309447880386,3.771987754769387,0.45635739390083935,0.9780484175468439,0.20048641331853884,4.136426972474535
5,110,0.8852986626463497,1.0628296546166074,0.3969022247026455,0.14436843168317254,0.9030427576862065,0.32908072583632364,3.4632492906424073,0.3276283674550937,0.9552753125097728,0.3684536934323913,3.79605278885404
5,111,0.43418949371441323,1.1700553777237734,0.6131945371574121,0.32518465661258766,0.6906777871642132,0.46573001657146784,3.77588950251393,0.5894368859420576,0.9493551272022955,0.29646974175194596,4.141262147443182
5,112,1.013366187664351,1.129278807946973,0.27377932039291075,0.4951682274086241,0.8217919951079168,0.3282925505337324,4.007523313469747,0.2953425932352234,0.953265901748164,0.36561756866183526,4.284006621972457
5,113,0.6332366365854237,0.7154644686104167,0.3207054037813507,0.4597284390110218,0.7632195573868685,0.5013398582100292,3.1605968059067053,0.6581900197758992,0.9700554476430782,0.2287088646843268,3.6847722869701953
5,114,0.9538576231977751,1.2065215171494605,0.2708311704020912,0.5403608288000904,0.7447425765966617,0.46290063070682735,3.6897324497846187,0.6170596378736796,0.9245815827740296,0.37432727156754947,4.1134457182813975
5,115,0.2890849485918588,1.2367957041316058,0.3010289287411575,0.44663813600033675,0.6641571978526778,0.3152086404447084,3.5783917263346354,0.6201396922884521,0.9445719359735337,0.2930238465813043,3.918780538814545
5,116,0.8644798917835544,1.08631483345317,0.6655804901749597,0.25120915130473936,0.5340455929508048,0.45984030080853033,3.5673598613173656,0.6241884506947044,0.9703487894491616,0.1867799432452877,3.959235565153656
5,117,0.7931663433282568,1.24871287605202,0.6622403130014769,0.3399915744659922,0.5128229611241426,0.40758263930070304,3.4937521749357083,0.6423862208318956,0.9647851288313329,0.19466542103302853,3.8411376667528856
5,118,0.3445514171313667,1.1884535832690213,0.4620476926212265,0.343692627436255,0.6922046367897207,0.2779510868799045,3.9082361004010404,0.5791088305428728,0.9583837367982383,0.2845136259055567,4.1139811147761005
5,119,0.6054842956935594,1.1470084664054991,0.5598604178014378,0.5250947182189442,0.7887773831494769,0.3848179627418216,3.5989625529441875,0.5327540809140885,0.9415536892190314,0.33715002601660143,3.919417061376593
5,120,0.2429336786997876,1.2569522997641953,0.5968440706128948,0.5514351390615129,0.6556278554943572,0.3207070551473734,3.568342838195938,0.5189607668652684,0.9532830090356292,0.2694729718431185,3.8296827906151263
6,121,0.5751512992248765,1.1752046604049964,0.5079389004833128,0.44517741660364074,0.6751928178408374,0.1019779145237385,4.292333519495388,0.5157863910727974,0.963464304927979,0.24675970940873704,4.2584266385808025
6,122,0.2592513814798223,1.121541161265677,0.5933480337923042,0.4602997909325178,0.7179855647193744,0.38886664051011455,3.4699636863619983,0.7218214836851345,0.9459959183263156,0.28593646091649505,3.8287042824055164
6,123,0.9870241365274239,1.2394537186547239,0.6841373774775816,0.46569455841026847,0.4750228079035935,0.2901007015980226,3.6184521998600743,0.4930280078536869,0.9738499227630347,0.16934315593200303,3.8424941890741158
6,124,0.18784386890091462,1.093699024827743,0.46257933178619404,0.5070731080275362,0.7167596651836431,0.3246918852137766,3.5842933402435975,0.4053193352152203,0.9610760473279811,0.2766291513610975,3.8722331163288857
6,125,0.5108187048675443,1.137095198515847,0.600002773632655,0.25674990871466913,0.7134452199929676,0.16224540481368455,4.121837782270699,0.5672554588662334,0.9651215460462318,0.25398246311920414,4.231144861583099
6,126,0.6287434316091292,1.00562158470265,0.4491855643784913,0.3354525201509513,0.648691747025402,0.3751435078340843,3.7620061088050605,0.5510596482476952,0.9670204865095284,0.2288909540935781,4.1022579213990795
6,127,0.33216182062557437,1.0691355828170488,0.37811509166839324,0.5078859705707629,0.7455057140597986,0.25064595703158804,3.7795068353523673,0.558754131322128,0.958572708417031,0.2898042782190358,4.0147909348490005
6,128,0.2756946008180244,0.9172767475006841,0.8034923730614654,0.30869108048770777,0.8524165107834643,0.3506140130873544,3.508080901986437,0.3673940925137902,0.9719731158628253,0.2716318143312341,3.7798508894969833
6,129,0.86946009944751,1.1121980140031553,0.6226371960917627,0.43218712373737356,0.8902607650920178,0.31540528707353177,3.6966929071462675,0.5899641880371852,0.9441582002015052,0.37106322801650704,3.94871223700236
6,130,0.23570515483214913,1.3037303410886434,0.26334109282523066,0.592867774939658,0.5993114067323375,0.3046688494323473,3.7151499809820416,0.6016764806374231,0.9434217139278169,0.27373960806486797,4.025848075049941
6,131,0.686070879638379,1.139302263897026,0.41200180929348973,0.408847436030618,0.5813735637338747,0.3100701286109413,3.795976834624769,0.454771140394912,0.9673303030865252,0.2193538536909409,4.078588511244692
6,132,0.3823237127220608,1.1199673081697146,0.29415576891618,0.5147448264256346,0.7049881925289839,0.3489722879634218,3.694597041215603,0.6033655420461841,0.950424992297509,0.2952687132523776,4.054705134425413
6,133,0.21783958117262364,0.9339818535039462,0.5814568979219279,0.29603480624255374,0.7880881497923863,0.4055628576400759,3.5217093566748314,0.578048104191771,0.962711705569629,0.2791716478885311,3.853593148690314
6,134,0.7472232029398738,1.0441963837850803,0.46470876565822616,0.5963798936309817,0.8111128531100863,0.3585421759308668,3.986595914668017,0.6492165295920396,0.9499567385992643,0.32797219096773284,4.304809143109416
6,135,0.4278532346104782,1.229036110088441,0.48933658795131924,0.3593086839674961,0.675925721519009,0.21240774514365449,4.163788667459035,0.6645902677001221,0.9565907314146986,0.27195348882524273,4.3433953578840345
6,136,0.5036706023650326,1.2511165453599142,0.5589943900110065,0.573266082920262,0.6977970635031663,0.4019358265234242,3.2358930050124455,0.677461483347354,0.9309096687869587,0.30663204500459534,3.609026059881355
6,137,0.5836214020772609,1.029687915633472,0.46954220659911633,0.32862986064970556,0.6515569565636611,0.3197133854459489,3.7165988890028063,0.4686326789894448,0.9702879849371226,0.22839531210029457,3.9996767152533566
6,138,0.4502841992411727,1.1398597386476343,0.7094341680694506,0.6018735901392266,0.7124933250079878,0.4440191063476099,3.7930391130262637,0.5105790882057349,0.9509856708929668,0.3009517831100335,4.105498531816163
6,139,0.5278110854231878,1.3031424203089896,0.6280844920569091,0.4539077221591379,0.7481633298632043,0.2847864585941956,3.6892415633839466,0.46497315424386093,0.9494112305087322,0.32677491395599545,3.890093316190961
6,140,0.5836684848028724,0.9621292639788855,0.709180817958359,0.4753825841415608,0.8171749099187673,0.17639900216842536,3.281327187991713,0.46525933689024956,0.9709545610299403,0.251708782061305,3.458976532595029
7,141,0.5227146890286671,1.105627496385759,0.4677022845252498,0.41958597882574517,0.7607067752763786,0.36020006947564276,3.7587550619154224,0.5541146966919408,0.9523629501173531,0.31411931807123444,4.057484491254091
7,142,0.45548668864700764,1.0798788026991997,0.5727476510496734,0.41771761221097814,0.7830590314503391,0.3811553017975261,3.668401236073125,0.5545793037267681,0.9538676929471308,0.30734976592922925,4.0185365395981
7,143,0.5270923984821715,1.0726349713342171,0.5986259680761992,0.5632777057384292,0.8255835230835392,0.2755364615539949,3.7412599695685547,0.6039195060037192,0.9503416522379837,0.3245543318092835,3.92361953692322
7,144,0.8891869036232473,0.8297252789576853,0.46224687840868206,0.3458243520589722,0.6871341455992924,0.26249448466323855,3.8419415170879967,0.5261760209122784,0.9788593405408423,0.19505363211946097,4.103816705159067
7,145,0.42738656778311335,0.9500626121854278,0.5998224274803181,0.20155237323300534,0.7802898537597396,0.3580388753245699,3.312301667626137,0.43463580201711766,0.9685382740406648,0.2612954875861769,3.6222195737638145
7,146,0.34735390536189964,0.9986766902002092,0.5157247202012505,0.40590493053415466,0.7859075291460687,0.16974312604346864,3.8022290147463282,0.48551480407745035,0.9679999595159139,0.2606585609980398,4.000291417309726
7,147,0.33051364762905777,1.3439654578166846,0.6022606526441867,0.49118264066419515,0.6421700438088973,0.4253009749722759,3.5110501422295934,0.4135176356841742,0.9491918031321755,0.295713327691804,3.835485727128156
7,148,0.32772360177197063,1.1942325270733285,0.6613480097710583,0.4238727287993968,0.6541991474858949,0.37549941024017003,3.548899255773761,0.5097301590987214,0.9610985015091812,0.2599814079353343,3.8170797199065922
7,149,0.7821602541935379,1.2612168655818943,0.602762970978324,0.24835616769300423,0.8074342623773034,0.32133518559169216,3.654343079697532,0.5619473214694798,0.9439113791706095,0.36294991706556745,3.893808111990559
7,150,0.6829560073841549,1.2337031006400418,0.6410572011633163,0.6617967308021935,0.7564948824960014,0.36406135686648067,3.850854023530102,0.4362647707580301,0.9481542471304071,0.3338142155801634,4.1015916737436395
7,151,0.2583914670731889,0.9798195918914772,0.7044902575281426,0.5696000018796449,0.7684887916051514,0.34298959935196144,3.7820245804755825,0.4122254669146466,0.9659595212237491,0.27319435278122745,4.008790199139523
7,152,0.5907861016917295,1.121836759661173,0.4522266608042968,0.4583379003773789,0.7879308417015746,0.33451880541402856,3.4193174570437312,0.5543417109667416,0.9511727005896791,0.3245805092193237,3.740743593181771
7,153,0.2067616915916303,1.1455610519362864,0.3234465877267309,0.5220897895592754,0.7093433097146429,0.1800262693732296,3.699511133322788,0.4505041349297924,0.957800321140304,0.2773366184644791,3.9483912006385125
7,154,0.5164243156986777,1.1962960534149951,0.5481452846369719,0.25975383211197955,0.6272486439957242,0.4847313398096792,3.0412448675787074,0.5256312878168476,0.9546878862649208,0.256290588626836,3.4866082339221265
7,155,0.7523125436729778,0.8498838260731072,0.5335835997854613,0.37639747349561886,0.654283475830908,0.43310821048975406,3.501146704062304,0.5514824821743282,0.9745723087046777,0.1985284675481283,3.8965850081158235
7,156,0.21646545899701095,1.2085423488436564,0.6379540268622442,0.3032229781096899,0.6794328584521825,0.34015379110674887,3.7073499760803736,0.4583127352426013,0.961338133257754,0.2741137162537264,3.951124427309144
7,157,0.20911244837287815,0.9597806546888936,0.5502429615734508,0.39554990334833195,0.7875742705091692,0.383778250388561,3.5519199652546654,0.5504625802595661,0.9629404833770261,0.28006634240311257,3.90225642301798
7,158,0.3896239220012925,1.1550495347132523,0.3825227209801422,0.26249085095882424,0.7300408084229196,0.3288203221092392,3.5361791022490605,0.40070451470166285,0.9569867662017714,0.3024347431467495,3.8337461918693947
7,159,0.5846538186485937,1.1171561754950394,0.6678174387039801,0.4299033125732262,0.6277788524952174,0.37785409675769016,3.8013777485089166,0.5268126478878187,0.9653132229600251,0.23267663550882506,4.0738894472360245
7,160,0.5394671637219184,0.725187692681443,0.44672257215128575,0.32838264117695315,0.8416245722138259,0.3750958574511668,3.6427242514963623,0.48193069512517983,0.9762760678063327,0.23683217124179215,4.0185116683429385
8,161,0.29743634108247696,1.18501968388805,0.38907520964825854,0.32561076730199945,0.6709238651550743,0.37537208359547525,3.702120414467109,0.3906420762677717,0.9583680646291455,0.2840865447546955,4.028332850273252
8,162,0.4495157660063082,0.8279915257892793,0.394917753818108,0.47070398516520406,0.8117094689950768,0.28480961716609177,3.845770830793359,0.5853621535619851,0.9696432521086287,0.256190959120888,4.132230911179548
8,163,0.20470333422005912,1.1306190979633401,0.4307211725491311,0.5010072903142162,0.7112919637598424,0.2582834643059774,3.599662979979533,0.534899988050319,0.9566343297521718,0.27776900527696446,3.8449450808926544
8,164,0.31285790045918266,1.0923043718553607,0.5330977925162237,0.4076170933099907,0.7667586546275463,0.24828650612554148,3.781752731336259,0.3394451953755283,0.9672393952066237,0.2911892409225942,3.9370980025409503
8,165,0.44225122956512375,0.9714761550197615,0.3952712049912367,0.39728885353710175,0.7205877207204937,0.2637724208595364,3.764712857272261,0.5814542761071627,0.9657828734854521,0.2484495074846472,4.018064918419073
8,166,0.3032539043067754,1.300401264048336,0.5316605493774945,0.452553135315796,0.6701151505041958,0.28096187897647085,3.528420738321029,0.43541420701389416,0.9547464780545163,0.2855498398802111,3.758382099513406
8,167,0.19208806677989826,1.1260932228083513,0.49355716076842093,0.6203137461502563,0.7402928856161256,0.1908722547305835,3.694757499768192,0.32791748136461807,0.9642972414883474,0.27480310391344454,3.8796300052716846
8,168,0.3281867421079076,1.1068631025139237,0.6527680792327814,0.4308194789208607,0.8137995201555361,0.17114449539404902,3.838383539120054,0.4449161331326799,0.9639618927797267,0.29260830245516123,3.954703495381427
8,169,0.4199109150503245,1.0776315832722387,0.45323941397432044,0.4845437008225019,0.6815117361249682,0.36674245123204086,3.3324160597568175,0.3977846180951231,0.9631779200464253,0.26091486792281404,3.6294090860151074
8,170,0.28106746094845264,1.2113312524128712,0.46185531175810823,0.4866790646644691,0.7068759965566274,0.257579729342576,3.6764795692113252,0.511674611546821,0.954537971737287,0.28945521223411885,3.9298416182231675
8,171,0.3929154999005168,1.1142466434375042,0.49629809561970867,0.3692777085552242,0.732343860903811,0.23323531273049425,4.12395953607642,0.42505000966937984,0.9655147038801639,0.2763809350612434,4.305898383778414
8,172,0.4254039009628919,1.0281875680930443,0.45237797861450824,0.36146121035811196,0.7094447904466815,0.30107159179369314,3.8356179480580943,0.42713246648574343,0.9682949806566288,0.2561715292184324,4.08822516813714
8,173,0.4894243475859106,0.9145675613353476,0.6173261458496777,0.45759061596135747,0.7738776100688138,0.2999338611815637,4.077568659134662,0.6959140734262403,0.9671419278281659,0.26142730204712283,4.289712454215815
8,174,0.292113233259981,1.016778317939508,0.43324035617066786,0.4922319050368916,0.7366202167699517,0.28046216850715855,3.5722612367923645,0.4227315521109564,0.965442853805967,0.2618931762576428,3.869747243171136
8,175,0.26950817594923226,1.1301366494939338,0.5598700953189824,0.3552852863839338,0.7258063672629768,0.3826851399646706,3.595545511368168,0.5369988641155043,0.9563418263489509,0.28763050510177623,3.9287950516411456
8,176,0.40001267962428083,1.0470273784688242,0.6308437451754446,0.21214591604490027,0.7389376841842888,0.26591835122055996,3.8763177032508174,0.6606304979335311,0.9647055520404206,0.25926361334574555,4.090939900470432
8,177,0.3635207593242779,1.141940730760438,0.6491055838556846,0.5269240573439337,0.7690983534299456,0.3321516146210657,3.6042326817282175,0.47318648861871676,0.9549193841929133,0.3023070141618337,3.877844465282606
8,178,0.4932447684104167,0.9659739764547749,0.42872470978023525,0.4476526288842332,0.669381755556055,0.40374498381876983,3.6572216867636933,0.6141810088294078,0.963796670895103,0.24109704578166133,4.018333946656798
8,179,0.5184752047310801,0.9016885351837789,0.554461289860787,0.46741436609048687,0.7615428983039422,0.42733972910135687,3.908460923180351,0.4826545184430109,0.9691206467020844,0.2569835737735275,4.278881501727447
8,180,0.4615326701729874,1.1968444484110137,0.5444793649813631,0.2350088367502315,0.6333103027266744,0.3290950102014496,3.475330181573838,0.48663780070192936,0.96304919262448,0.24376202656260823,3.7900286902400095
9,181,0.25938469421993454,1.0521996365626138,0.48259089224010066,0.4328136369262959,0.7591744197932586,0.33161559368219684,3.58086931309898,0.41433740747333864,0.9624495760206736,0.28678307156614125,3.8794627269813953
9,182,0.32875177421783713,1.245483643579264,0.5117036902012615,0.43651848101378476,0.6924523387294395,0.2727146000340765,3.6489132736371914,0.40819639556643234,0.9588358066404418,0.29293225118034266,3.8225918479977965
9,183,0.5979783634884375,1.0467650619343631,0.2979665414548851,0.4455891812506332,0.7976747241971696,0.33446627955667874,3.6927300598655104,0.5522067351694884,0.9476980569509866,0.329148299115652,4.003079203588521
9,184,0.2905927106523766,1.2264578107055395,0.5137861067526482,0.5090781327765157,0.6916709035314714,0.11071100993241138,3.7923306378362023,0.46928794076196645,0.9585420847090786,0.2681594316730772,3.767932048094508
9,185,0.35580266837034863,1.143879175902169,0.4798066537520014,0.4877689772784753,0.6739251253904075,0.32348947118858257,3.4312872075111223,0.4344529320431488,0.9613433159255814,0.2598675075328298,3.764611809507785
9,186,0.3135100809124872,1.1662743531675042,0.5318338454212186,0.5005088830159656,0.6752786064497315,0.4370024607835464,3.350297344989017,0.5628906731891239,0.9511603211398336,0.28481650902916905,3.719557863058976
9,187,0.5165285272391467,1.3275724141984866,0.31978724744416354,0.5811145173730075,0.6801029953933188,0.24415589983749716,3.830422247392995,0.46609682757564036,0.9427072307336475,0.3130608001336565,4.083305344030107
9,188,0.3880436148457524,1.0891261971020245,0.4210953870284386,0.47333609915025665,0.7336815179924724,0.36120431009679377,3.7324789329536787,0.4165261814530033,0.9591569208801033,0.2958612062175584,4.03674397001189
9,189,0.3458873423123384,1.0520109397105422,0.5777668747903844,0.3688296855872758,0.7278533135089692,0.30122830250311927,3.551075593360242,0.3494721292393968,0.9691033419124693,0.2614191937513731,3.7804549334417317
9,190,0.47338705088749866,1.0584109598919862,0.4648572268005743,0.48743312477939976,0.7018824597792691,0.1942631097476111,3.554278016908749,0.47472266083419185,0.9656797408759367,0.24333672921458235,3.779200379711411
9,191,0.19941049646122316,1.1300175541052084,0.4616829979944016,0.3788424932375549,0.7078151797457347,0.31940848138505606,3.623474743870401,0.4493831123047318,0.9605067743051713,0.2752934348983445,3.936541386497455
9,192,0.2207602836661045,1.0097720828199712,0.6631538774875623,0.34177650852672325,0.7521966968467274,0.42790212596979427,3.540905440006605,0.5053458003970164,0.9648574413495721,0.2702810426017737,3.8970660219153865
9,193,0.433513165369821,1.1634013593442527,0.5519874380018186,0.38373798310446705,0.7235808432503713,0.35642046482717127,3.813824371193568,0.6295349403350773,0.95329260583354,0.29705362233947746,4.122358724781243
9,194,0.6165949562036719,1.2579360674291342,0.5567023860290659,0.43835057047368997,0.7195212256092428,0.3207001242087594,4.020486953109391,0.34064085534759303,0.9569486267279173,0.31455944706783084,4.223123677720642
9,195,0.29274166655422007,1.1858696462930478,0.39505157759575577,0.4767791101617426,0.7059647941642343,0.24848691732712438,3.512976233903559,0.488293312419704,0.9536810351717593,0.28654228265130727,3.790312285652397
9,196,0.3654631469250296,0.9831974149294105,0.41727939257151025,0.4565815711092657,0.7510056077159115,0.24938747957518376,3.7096362684783775,0.47798382728079175,0.9662993781460459,0.25719362414972297,3.9907066476933126
9,197,0.45460385325839336,1.1620126237223731,0.4521014962313882,0.32796514679798083,0.7261790768350886,0.307860148916396,3.9144988096037188,0.34822595092764447,0.9615566163107168,0.2961588624559802,4.15640588101646
9,198,0.2073605362534821,1.2979164245490395,0.5421249570074931,0.41745188634817626,0.6724232656038498,0.17099504968543736,3.771049749257153,0.3959292819103073,0.9610862046367169,0.2718811375988854,3.9025093265872357
9,199,0.3738910296869678,1.2133781458188186,0.42260006073047035,0.5913266647945878,0.6627103866797356,0.24615521395038456,3.293893056964928,0.5660398931166156,0.9471294665317231,0.268515924231474,3.573659244784453
9,200,0.4772864566669567,1.051249527353449,0.48171815887976327,0.5374880553680146,0.7969977609319551,0.19575667575438832,3.1901417249753248,0.5504470465338382,0.9568594627064891,0.28631937760906995,3.435500331418499
10,201,0.2820491866801309,1.105474024766079,0.49668739270700424,0.49247558805016994,0.7203658462792002,0.26484825856247945,3.5014539735234704,0.455237869066866,0.960122770982801,0.26997342645387273,3.762729523144208
10,202,0.27101955408691025,1.2422669741485186,0.5620953101916512,0.3248173835999392,0.6871792692458465,0.33334111925601995,3.5230930293161054,0.5428481575522116,0.9516165448847371,0.2854594981284765,3.812418584926154
10,203,0.484405499281518,0.8296191924697467,0.41968140402736676,0.422581829130585,0.7636121543097516,0.40615690150345757,3.6523438335317455,0.519425523779853,0.971260597557832,0.24464121086132637,4.033392644085244
10,204,0.37624120254610355,1.151540750072592,0.5309709375996323,0.44584499707729475,0.6434980058184938,0.3337481513523146,3.5841907509930775,0.6380535838073076,0.9597405549893427,0.2501009846918906,3.858779255678626
10,205,0.2149405214714325,1.163917474528172,0.5157935861567771,0.45257471518804326,0.723176286327004,0.20052945291549568,3.801833488896833,0.4882783962753951,0.9581379185663458,0.2760929997008616,3.98105085248608
10,206,0.38881421023397056,1.0726431851323928,0.3764685656753427,0.42837541612170965,0.7376627798483283,0.3401749600670442,3.7498203845667,0.5830419199338149,0.9545406103982474,0.29586751842204534,4.049118355608048
10,207,0.19719494911365407,0.9980300309763736,0.4697975775701261,0.4947906044842781,0.79760595713513,0.2034387956325466,3.6956451653842843,0.4566886940019826,0.966081067907897,0.27750910922661776,3.87832972669719
10,208,0.26240763943488377,1.091144020889618,0.5778942348826881,0.33088504018201365,0.7261910575133449,0.35430923229498756,3.4691355401335984,0.49133242962550083,0.9621221344792051,0.27095267392137173,3.7918978047001
10,209,0.4294448539245045,1.3817007264379488,0.4812071374071464,0.3906235875887645,0.6778374649630726,0.24595844079799675,3.769164258415073,0.45659942241064577,0.9482327395041228,0.3082397874083376,3.968674961518347
10,210,0.5167367956141627,1.0934850949451818,0.2353010772701885,0.44671394466942704,0.6461838249113835,0.12314665538938616,3.8196554532663867,0.43478404808459886,0.9653753711588621,0.2373642401720629,4.007660367175108
10,211,0.3719887642337928,0.9330306889296098,0.5354206780865945,0.3663678922811084,0.748959083731043,0.38207744000633675,3.527823903065922,0.47772715767065527,0.9694667365969154,0.251120347614027,3.8757775269386188
10,212,0.33553469916082407,1.1549524812113672,0.5169109361889285,0.4089616327548612,0.696444836652269,0.2385928656803729,3.524682163315986,0.5326268522010014,0.9612896746396109,0.26088032625540813,3.7896501353177223
10,213,0.3920462639356256,1.074606766684214,0.5093139747948807,0.5152013756399793,0.8147503156954534,0.19690798809887214,3.813659133470153,0.20480068378027338,0.9688865564469975,0.29767125012239515,3.995897035113633
10,214,0.43307087300630037,1.1066874111777336,0.5137613383927286,0.4127764532369448,0.8037114260075308,0.2563575276011142,3.6279866130226197,0.4295608394504871,0.9578192851451244,0.3103196095972076,3.862370496091331
10,215,0.5230215495254665,1.3084125020170938,0.3540402582437331,0.40824155845697135,0.7023589919813517,0.2921356899667177,3.6441979830696325,0.5154667893135121,0.9424773534591531,0.32451474801378866,3.9349311915681175
10,216,0.2839316873132631,1.107049488735789,0.6055670084687126,0.49811850295259497,0.7529458278496916,0.3253477226812763,3.6398598128368524,0.49361650994892975,0.958103749296234,0.29150709253697593,3.8980064103125684
10,217,0.18819718336815072,1.2890111632864318,0.48968886588348404,0.3732769411985183,0.6864917334704684,0.12764637851664684,3.8222371732993885,0.3944005765729105,0.9592057671751743,0.27815973253176135,3.8886925467765168
10,218,0.21062975959615604,1.0973380383086846,0.5043318585167695,0.45862162091935554,0.7364043096587832,0.24897589514105695,3.664817730126382,0.4909295861910361,0.9613266236980749,0.27220534083017794,3.912874799290248
10,219,0.3272699668654454,1.2322938584856944,0.5265077081745971,0.6314433406954529,0.7334018633469804,0.1396167291083142,3.5631343496079024,0.24154345058765675,0.9481399627195156,0.28643534612178023,3.708434892559682
10,220,0.38141092714885183,1.0324324643665248,0.5106231159979121,0.33854658757598305,0.6661133077513371,0.38615783657556174,3.621232289334793,0.5817885749437166,0.9648259233405445,0.2494365984742842,3.9158349579180216
11,221,0.41308930955428813,1.141123519768608,0.5688296106739698,0.3639186988037559,0.7868828598845106,0.18868275389435776,3.9121756617354646,0.4448498765281363,0.960942464844384,0.29613215981976126,4.077433036581265
11,222,0.26875089968912164,1.0499657471210202,0.4657374276434342,0.3736455275799131,0.8148436462908589,0.12663956660792292,3.783791589833284,0.4004557238355109,0.9658077682451405,0.2873684789838287,3.908535876251713
11,223,0.21663767675059903,1.2312238201671648,0.44060248392982204,0.4390882322080407,0.657347023024357,0.259601245027992,3.649175654873791,0.5436934604356417,0.9546406433285324,0.2693038203797338,3.8995218493197195
11,224,0.34043543947056765,1.2985378230922837,0.4747250741649748,0.32484676357805975,0.7082311428474632,0.15350783816875366,3.6748069105365833,0.4335520983928907,0.9550689025279999,0.2947772618538286,3.816927435363625
11,225,0.40028144498656076,1.071869757501875,0.4008187710049479,0.36156751248729985,0.75488068240489,0.35945071097906706,3.6904248312204855,0.49708748139665687,0.956355281813571,0.2986938197353946,4.027264409318035
11,226,0.2994277834651071,0.9961990671705416,0.5036946504745698,0.356135753630509,0.7417668866914512,0.4235119625999779,3.345465568078736,0.5115227748653209,0.9619690995436446,0.2693255915846487,3.7424247599732623
11,227,0.3117778607148465,1.1727195984226122,0.4303796245668458,0.3956109830092195,0.7164164242033428,0.09466829828008112,3.5916660703236545,0.49492433918900997,0.9590579336693212,0.2712095700461724,3.684897840531903
11,228,0.38804773404452264,1.0404834798546378,0.6109952391471548,0.23488883956694034,0.777371854181904,0.30060228496801134,3.938760098485394,0.5969332930615904,0.9619366784926543,0.28627308227633347,4.165391416265193
11,229,0.3374923427122101,1.1226296029267475,0.5752309471689523,0.5180087281538207,0.6980966476966751,0.28860537367922945,3.758652463420636,0.5026274322994445,0.9620585546634401,0.26105717577574866,4.000828850003851
11,230,0.2926016861029773,1.2840053849648296,0.5568568322870119,0.37330378442921613,0.646010884194719,0.2671264715950442,3.752336959852304,0.4577159048043839,0.9607634882699744,0.2650594161413083,3.972976780966094
11,231,0.3834040074896602,0.9931727131056204,0.6407393408253486,0.1523524356776949,0.7457465760840585,0.36088660488551594,3.5147149053207642,0.4346653640455612,0.9701590609639424,0.25287151841779376,3.830501592993694
11,232,0.29359973822980984,1.064876886201902,0.5914764384489714,0.3061990256567939,0.7406899196592127,0.2734504332504487,3.6421259100689425,0.40934247562742276,0.9688822676853329,0.2612319619063654,3.8843486357269987
11,233,0.344056825873834,1.0921904169131995,0.4923980356291252,0.3706894125299659,0.7458062303463157,0.11362232178360152,3.643637900324643,0.5619478753012016,0.9635257861503425,0.2633655650430907,3.743317970903999
11,234,0.3377839345708618,1.1576931023188712,0.7190428082263173,0.5514250970486019,0.7219346927100143,0.19448287062385508,3.8394219771890548,0.47746881352714254,0.9663985623771157,0.25850497485928337,3.955090201131668
11,235,0.21934503416903076,1.3229576956278484,0.4984876759229303,0.42674227882010474,0.6828805133781716,0.07615482892172987,3.910087586069919,0.32377227329263436,0.9557955021721188,0.2801251311005412,3.8476861730876464
11,236,0.47868168759458707,1.0311117528656994,0.601014005024386,0.31393471718248683,0.717894388533774,0.24418935099903466,3.720030705903831,0.5622852286012413,0.9698364814591361,0.23995935144556618,3.9595954671678357
11,237,0.3412621010900204,1.2175248036593955,0.4240262280041347,0.5141706501339212,0.6766708278736799,0.13983975003345067,3.5867845062447707,0.3300010791683216,0.9603627458873382,0.26400282442373957,3.732257285291226
11,238,0.2205256997355517,1.19390167630552,0.5301468162579716,0.313037271761456,0.6792052953780093,0.36556915483683505,3.6640664928067643,0.5156057272750613,0.9563951681599736,0.27856968525243986,3.9611274987002125
11,239,0.3050149756334249,1.220391584594807,0.6525537214524537,0.3838941925346507,0.7035017750385847,0.22617406854385885,3.545358719807627,0.48133359381865953,0.9608015292717456,0.27005377514343765,3.7185053003862834
11,240,0.5779878501879135,1.3806294241339394,0.4499940367907794,0.3645857262169314,0.5883666884509209,0.061474509502376616,3.565835995401495,0.3527370022225327,0.9555783352132311,0.24899861983924382,3.471743324121423
12,241,0.26990074938676767,1.4229229363524916,0.49890216231739715,0.5080861824381813,0.616856575593329,0.16044083921083682,3.9018436000016328,0.5211342813084369,0.9481116993979587,0.2694143620407087,4.0202634618788196
12,242,0.28085744019597714,1.243523414303134,0.4059077184010751,0.5986164831318568,0.670688347541924,0.1986688771093025,3.4595842482363506,0.43906683002921426,0.9512943012559854,0.2751170468375396,3.671531042420739
12,243,0.2744335603213297,1.3494815024880644,0.36402211362792264,0.49389233667471666,0.6538560399196661,0.1734329945877865,3.654983150451349,0.39688840962463146,0.9502251610556389,0.28840611908060004,3.8440310721315916
12,244,0.21922656216112058,1.201873031197679,0.4290857541599456,0.50685076008782,0.6770252257023993,0.2697758560385959,3.612411708207634,0.5030525276346063,0.9552526215774252,0.27926906900344795,3.834552652644291
12,245,0.4042357599058597,1.4614317065158793,0.5738889709584902,0.2978176178928852,0.6642600517252919,0.18674326961513177,3.6073561751339698,0.41402660934137725,0.9505633206035338,0.2989883145738393,3.741436833194906
12,246,0.2743227681154234,1.3261926581143009,0.40441507769406276,0.4205314891419021,0.6595416214321773,0.21118418168631617,3.7272958699212704,0.5191857374799488,0.9500021037805464,0.2872980334238324,3.9579126467450343
12,247,0.18232121387099728,1.254942338687158,0.48596229763826704,0.46163997241262394,0.6238521055401284,0.3714704245693698,3.676042158303994,0.48099370091602395,0.9553027827966526,0.27635098248285817,3.920651778901886
12,248,0.2839593735630419,1.2896269480407394,0.594841028000906,0.4277951288711268,0.647265747151909,0.29112063941759836,3.5602491292015603,0.47198008205114794,0.9589386205119244,0.26687882227212884,3.799848675478003
12,249,0.26707115328657893,1.0115776771131328,0.39704413802651095,0.4317386500636225,0.7993352848662099,0.1951429042263676,3.7060961634526017,0.5096500047433058,0.9612797707080691,0.2874672608689882,3.9146266421492677
12,250,0.24846041370737493,1.0343417688616838,0.4811985548465885,0.4999829242163525,0.7636997352144186,0.31717239621339327,3.564128534003567,0.416897021961382,0.9601209422183883,0.283717951804738,3.851962739433108
12,251,0.2890132233514595,1.3367609373054608,0.5349808446066558,0.3772587946399987,0.6652004501553528,0.16495489657890952,4.019363644513938,0.4784491282493934,0.9574247848335699,0.276573808236575,4.120145176568474
12,252,0.29995357086269475,1.2036281701339338,0.4777743604842656,0.35284696526340975,0.6610359541338731,0.2932555197922772,3.5661001789755993,0.38909562083724847,0.9636872029946065,0.2624747021198811,3.8421139980281707
12,253,0.27819739442403263,1.2717775332262558,0.3582678775786271,0.34273952589283413,0.68178103548147,0.17294535136177733,3.6452196796076604,0.5073652034355581,0.952111667245046,0.2883657206560954,3.840615283458457
12,254,0.2544826592728122,1.1440502765065321,0.49739334279415787,0.5158863569870876,0.7354610033330015,0.21886786121471818,3.703571220589619,0.45920306900528424,0.9594934916437273,0.28533989847113955,3.8616279568649787
12,255,0.23212976087672207,1.2342213485916183,0.6416784933812555,0.3673633120537432,0.7274640416975999,0.21593049067607156,3.713231642083654,0.46307821703843116,0.9585449345940074,0.2841863122604572,3.8866136913720775
12,256,0.2618832399979147,1.2158287873410112,0.49877637228552113,0.47794560481464476,0.6733560409030476,0.28754930029376075,3.5305016042209822,0.39681177504338355,0.9596785729025326,0.27004337775082715,3.7999409269064954
12,257,0.31456873909262856,1.0238574648960415,0.5612457432441331,0.5029052623332295,0.766136656983081,0.2998924168365033,3.4411981989682077,0.35130226610354504,0.9681530889499564,0.27121241537876795,3.701025701085316
12,258,0.5204042979271704,1.2198056412981437,0.5412044779693967,0.42484989510036153,0.6085936720149359,0.30031003026419656,3.830601403349828,0.5975460240911659,0.9630440567802457,0.24065611283033986,4.066767992240392
12,259,0.23860698520348989,1.122690100828942,0.5688771638920442,0.3844289609221417,0.7674211434889188,0.14655630017704674,3.6630482456920195,0.4810505926403333,0.9627925782484521,0.2768925827496719,3.781215085489513
12,260,0.29194530948576924,1.0434885905379483,0.47248931778432307,0.4099610560776279,0.7554823283562474,0.35728736757154134,3.5289964392247732,0.45702975937411067,0.9583460794922922,0.2887294025697136,3.8337910752907263
13,261,0.23553215793763357,1.0333628806890895,0.5153363529967516,0.38818532365882336,0.7764159495868498,0.21478012615132264,3.681751422062383,0.4320391529136227,0.9664064078272737,0.2692067308577178,3.9069875292970613
13,262,0.18114690075227433,1.2089790116685604,0.5289588274969905,0.388868348561621,0.7018468132364918,0.23795702400118598,3.6796722728226148,0.4538008926926125,0.9592736418198298,0.2767003949040684,3.904006942959053
13,263,0.20470880334894845,1.3122218372755476,0.4891047580559823,0.5584049119591274,0.6435505814256686,0.27567547730050485,3.705008345211569,0.5053091040847209,0.9519116744585565,0.28047937447265603,3.9140516290729437
13,264,0.2107749819017007,1.272113300989496,0.4911532337508081,0.4372313944809118,0.6368928816969666,0.33001282286437494,3.6407200770507564,0.5554011195532521,0.9539597936739002,0.2719681154781735,3.92730716561896
13,265,0.28044826520754684,1.1715337459860187,0.572029865976432,0.42539734518054556,0.7244790335946167,0.2534945060937379,3.5964412960084644,0.4514372686037528,0.9593834729531544,0.2832620956121653,3.7815170573433816
13,266,0.3478448741737061,1.2618506367074307,0.5083162225384386,0.5434739302540521,0.6375269669064944,0.2687433572264149,3.888230760126633,0.5248198539686629,0.9564143784144956,0.2647249154340672,4.086118360418663
13,267,0.4326673223781329,1.2315034193937142,0.5327122887001909,0.5384800700496215,0.7344271153942681,0.26932641384759154,3.7494647501820144,0.37634706515936683,0.9559486488665054,0.30814187417574346,3.9580037555804717
13,268,0.22913628458615548,1.1252189669583588,0.555801730060099,0.49347373529474137,0.7484591279756793,0.2290064038055315,3.625958125935069,0.4200442095816185,0.9622297108450841,0.27941032692088597,3.833825992476293
13,269,0.31556937382588607,1.20654881686932,0.5144072449350146,0.424050774504187,0.6380815936110268,0.3316480904128146,3.7314456346973257,0.47897092910379424,0.9575940877536026,0.26148033302314594,3.9747272912591436
13,270,0.3301546923661166,1.1434027007886423,0.4695378306679775,0.46261228463950055,0.6893875980576106,0.1945891363508743,3.640206899591243,0.5349840246852432,0.9577628339345476,0.25815307523576275,3.8302143602842955
13,271,0.25068508994195426,1.0578733561745202,0.497873772804797,0.5156217058547272,0.7755854741855216,0.21304370855940738,3.6265830465930944,0.45846468032210197,0.9607822380945967,0.2815582970988278,3.818740858382314
13,272,0.3051462499813501,1.0439608489426753,0.5321282306234341,0.46769805896797845,0.7600876865310007,0.23289757408969022,3.800133395105263,0.4760197912226114,0.9641039137416814,0.2677251731021504,4.027062162947401
13,273,0.19647172096741974,1.1463494089455049,0.6558920336614353,0.4137368162359441,0.7040511914890271,0.3418326836159081,3.6569110764116832,0.44069195415059714,0.9631443173078151,0.2782158599374294,3.882731656756011
13,274,0.21235153582117489,1.2259813178597827,0.5174713076214708,0.46727494840372097,0.6559095622924752,0.35009653125438106,3.5578226140541354,0.45707230658119435,0.9582256224971243,0.27432400102436577,3.832525219048095
13,275,0.2367101604971119,1.1823795056890665,0.4491855307755374,0.3799962364064255,0.6718998172055437,0.30781322654479115,3.582713536047802,0.55191910907104,0.9539854290346375,0.2674470300669625,3.913958870997056
13,276,0.28256764593292294,1.1686211634548636,0.43708423541179997,0.5689185246802155,0.6810599338166915,0.31648158533395393,3.769401486680388,0.4648267210500374,0.9580180713733604,0.2732469343445497,4.075451256974513
13,277,0.30007820802985086,1.1252284215379744,0.48869688528532,0.36105889721030804,0.761994704446126,0.23777551400395947,3.667150965300424,0.4353444168640804,0.9598727700727215,0.2929580616647661,3.881231728227158
13,278,0.3300024321350657,1.3235658382189004,0.4497633509200008,0.48189534290059965,0.6570433907827665,0.276231923430831,3.801776788670906,0.3423944774560572,0.9558254048813728,0.28939790591174375,4.022844274290772
13,279,0.28121761460200545,1.3115265252460808,0.5563094804137212,0.43438482988123495,0.649212090637398,0.22171904617492152,3.848280984989539,0.5146275066246121,0.9567055697041275,0.26861361867072786,4.010587279056892
13,280,0.3112752702431377,1.0370402179086085,0.46422971081036124,0.4784956095384742,0.7884649142367017,0.2517426784045153,3.5217969384477303,0.4511468490304225,0.960155891594147,0.2869062502602523,3.774747804572722
14,281,0.25256602715782317,1.2153995931371295,0.4662063561409008,0.3540260761490624,0.6810770293211857,0.30729266636560715,3.701109159910903,0.42992371955371317,0.9599246232608032,0.28370548718692146,3.942670897033479
14,282,0.2440685065672621,1.217267379763621,0.5265649474431598,0.38035508380925914,0.6861096467920385,0.299029201108964,3.742002473861269,0.5108909114097606,0.9580370563278333,0.2791328372807471,3.995110887796071
14,283,0.34213329221641103,1.1246710682029772,0.45914522710084427,0.43922691189614227,0.687462471139551,0.28078467448497096,3.496406807169843,0.47038050340931514,0.9621648808564348,0.2602877450668447,3.787242935913054
14,284,0.3842781801655531,1.1964504215128187,0.5951618204327833,0.36360086594332364,0.661032148533571,0.2438048219439121,3.658698958099002,0.5233060580378242,0.9647344346383757,0.24866507401393786,3.8752490624193747
14,285,0.2547891892956253,1.2637900168350886,0.5820835415461587,0.37316272787796834,0.6943761491917129,0.2549424024723518,3.7493122350938797,0.40442709003729616,0.9606872489617786,0.28397159227505664,3.9414336610680323
14,286,0.27143179796208233,1.1632169905634155,0.550121343572869,0.5105140608082116,0.7060437582302261,0.3125115885921567,3.547520222314599,0.4211480541574063,0.9615112147540564,0.2817782443926597,3.7831910388335706
14,287,0.20673495720328247,1.234140773549201,0.5040504318820955,0.4253596812791451,0.6731925945491369,0.33855614962607533,3.600709371267969,0.4101505533656912,0.9585037793963378,0.2796946517396776,3.9134082614895918
14,288,0.19327650364624377,1.2760547438533236,0.5661821620932861,0.49219018325090047,0.6771591142074844,0.27082622409897616,3.591915314519359,0.44031417287169283,0.9562140526292602,0.27657233271771275,3.8493101209131835
14,289,0.38853189914813924,1.2526512976805455,0.4602348616949512,0.37395879502300666,0.660663267700082,0.15421959190499535,3.9466680041222566,0.415764153375238,0.9623089575646793,0.2609279506882297,4.0977599257682735
14,290,0.297830698030521,1.2160173933380456,0.5645732871599078,0.3435432679417442,0.6899148298140534,0.22979460022377918,3.850533419977866,0.4525281531830755,0.9625398825120524,0.2691010995890705,4.035944462634006
14,291,0.18303638048690749,1.1045518947855573,0.5561642015678286,0.48340995612692306,0.7450050841141078,0.22571318453387432,3.734183751351951,0.46260532707054774,0.9643187832662867,0.2765751120211234,3.897470036250303
14,292,0.3156278940898569,1.1034138848042194,0.6057855698849107,0.40091771815196314,0.7105858228895846,0.32712835924556993,3.5119046241082215,0.4695065101970477,0.9637650750387389,0.2648705747507102,3.7779949121488983
14,293,0.2013216230743293,1.3576532022121375,0.5221421443663792,0.4166967751295343,0.6381380773777178,0.28218747069940714,3.676019334134752,0.4739089306035879,0.9550680182356734,0.28020560626127466,3.9038238792114703
14,294,0.2369882437999349,1.2044964901091664,0.43894850319116807,0.4894445049852213,0.6749854391947775,0.31816169974362607,3.6393808495080266,0.473519990788584,0.9551358738482723,0.2858756747303334,3.8928889231171033
14,295,0.25358845056714574,1.1999542874384437,0.49528326168346143,0.520584360754524,0.6955988533335488,0.28714800923553563,3.5451622233394477,0.4010983578454799,0.9587247785955876,0.2810845755970387,3.801521250020927
14,296,0.33805239319280467,1.1897780003547962,0.5485375646700124,0.5591596206369082,0.7022313860210306,0.35700457107038325,3.63630576929685,0.49456553485634325,0.9493858327453187,0.3004695073326649,3.8976413741322675
14,297,0.18780622126155952,1.2364465610114568,0.5322735533434085,0.504694864360906,0.6925960911446364,0.21477918850388616,3.692994424348639,0.40753594967392776,0.9578761339409473,0.27651298966110527,3.8630683291806753
14,298,0.3715395998510911,1.3198730343070546,0.5324211942349113,0.4329385399830584,0.6271180127292546,0.20250736651772772,3.8840206774419235,0.4791360481399204,0.9586542631264701,0.25782427773491545,4.029586559611
14,299,0.22974393492387007,1.1416700240601783,0.4997433698548509,0.43736965044484527,0.7177674624910134,0.28194739658724804,3.612490382595483,0.5002949146580332,0.9586181638528952,0.28111226568484526,3.84807196690578
14,300,0.2710116165131289,1.1204282249480484,0.568342208319478,0.5238811701956799,0.7532672999837259,0.2772331161200745,3.684167339601602,0.4517116069040451,0.9604032342500739,0.2890753476640958,3.901696293661035
15,301,0.26521132465957814,1.1498224543433953,0.509962961964533,0.44274230520009344,0.7203470021505738,0.2915143294712627,3.6024695605123855,0.5271961152981136,0.9580514243022258,0.2862370341475112,3.8499739514524762
15,302,0.26743213747585115,1.1945345913496095,0.5395462141966805,0.43812025091549633,0.6683897949017816,0.30908437766964153,3.695341978277601,0.41769884071136193,0.960039182854801,0.2662033152103264,3.9418392149976484
15,303,0.24340104604614812,1.0953644902814257,0.48870204009034995,0.5043478599435229,0.7452818526376765,0.24900565875724326,3.7325951623051745,0.5014097107110613,0.9595513802747098,0.281277975913106,3.959957913045531
15,304,0.22294683549889333,1.135694430558065,0.5234301350030939,0.46362295227978356,0.7151926440109782,0.27467420823350136,3.60634910302585,0.4572356355900036,0.9611935754924319,0.27075758334229383,3.8692547553698944
15,305,0.2507080276099837,1.2737877172381586,0.6150533646180646,0.44382698091988876,0.6508292113126418,0.2640960403912019,3.758362570215333,0.49336707816046166,0.9580813446038869,0.266377452529561,3.916391701057465
15,306,0.25242199669541215,1.1962970267547899,0.4953845082593622,0.4440050807163951,0.7259748140446344,0.14124190836999723,3.912787348385121,0.3831021101996974,0.961338729938112,0.2787399744659077,4.009071041397548
15,307,0.19834847600351796,1.2836436332398629,0.5182360770636668,0.4634336605961594,0.655065369393241,0.3209351371457453,3.644065154395198,0.446564511509924,0.9551606263572913,0.2764218039928483,3.95118751498361
15,308,0.21554321434180296,1.281888723137966,0.5005863313317256,0.5713048444812514,0.6552007838315488,0.31625232518426827,3.5213541892640094,0.4212691093440795,0.9521651990458505,0.27795508039188793,3.815855944428832
15,309,0.2970483545726207,1.2152750037553064,0.48626930685100866,0.5051321502188324,0.6940522750114893,0.26030120977252735,3.5613113166206194,0.4499144039607398,0.9555905893099403,0.2853092391874826,3.7690722246014836
15,310,0.26692416100166416,1.1516280127341867,0.48506995518730245,0.47533385219177493,0.7471259856371301,0.1900329310087953,3.7432462533424045,0.4468753905753655,0.957661787304821,0.2855285773041056,3.9502782836999706
15,311,0.20407080865805097,1.2633243786316117,0.5124887884948052,0.42525998912637775,0.6605312794108441,0.2917582846533465,3.7112905291970897,0.4998267635389735,0.9538714502716367,0.2785768728916606,3.934990347070266
15,312,0.2042923917342321,1.1610210144682573,0.5375687200493388,0.45160697521293847,0.7114843073430712,0.30988068211420683,3.591136890527988,0.5202402609850556,0.9561137813069278,0.27969607469351343,3.8716901634032466
15,313,0.19039359046680346,1.1333046890883411,0.4891448306361137,0.46411767359547645,0.7368963132144303,0.21166912803505347,3.652011745856838,0.47839606570455523,0.9606242960635063,0.2774441248493097,3.8776924617142905
15,314,0.2161457424183985,1.1893560246692694,0.5950820634342421,0.5057868883437496,0.7207970939986216,0.19036224961469086,3.7749648203691097,0.4393098923920677,0.9625829869177659,0.2722820488405306,3.9217098458964537
15,315,0.25239578247866673,1.233377019824242,0.5378199808024346,0.42375772099981274,0.6849874059918785,0.20409749967758956,3.662729733328233,0.40490704905895053,0.9622313012013818,0.26979063396140585,3.828035806411903
15,316,0.17967630544718205,1.1644869055010005,0.5000317916905791,0.4775802572835411,0.6880451465539982,0.31480348351496856,3.62658618670858,0.5049392206563365,0.9564167177087608,0.2744412422635433,3.895822179722728
15,317,0.23257375973393282,1.321346978375794,0.5553994362944915,0.42026524835113416,0.6403608589352446,0.2927194375035703,3.5911746898806403,0.4381091816491962,0.9575956807858095,0.27017879352533436,3.8501350392185585
15,318,0.25218085860722167,1.1512874693497286,0.5476370784877915,0.4722621421519456,0.7224985541819747,0.2087333053799248,3.630178991565134,0.4628130509611122,0.961935984453494,0.26922312356568323,3.8357575717229535
15,319,0.23964106993728976,1.1293366914343035,0.5071157741508918,0.46241338246662356,0.734895738323559,0.2641925284574219,3.712805531543349,0.4102094975185091,0.9619380638966518,0.27903872183147266,3.978555732634266
15,320,0.3637602717432668,1.2016868148101474,0.6395294008042869,0.3482225998842346,0.6552491438401579,0.35217513156656766,3.8030942008821014,0.5471803014272711,0.9577879771666833,0.2611827275433064,4.063872651668802
16,321,0.20762107232961105,1.1695838012143687,0.5342062336854687,0.48516172611573316,0.7075786138270291,0.2605494000154256,3.686398667330877,0.5085937520830471,0.9589668347405009,0.2737850146176954,3.93490415758241
16,322,0.17868726791455966,1.196501004690786,0.47919944162083244,0.44041865833446553,0.6672736979166266,0.3521243894366735,3.5597208195639976,0.5643597519239344,0.9554350903392532,0.2758613671148616,3.869740712781037
16,323,0.31346297087899616,1.313418973949483,0.48790553254150826,0.4897626035824481,0.6476854112543732,0.3207934964989216,3.541314709806472,0.44151076656874705,0.950299073238851,0.28900878777804884,3.7767365470563425
16,324,0.24705895828371013,1.2394283788876361,0.4277999991098619,0.517335795282473,0.6870505110905344,0.22477212740079539,3.6023781827288706,0.4400841128515901,0.9557789122186733,0.2829215184612084,3.833144866030042
16,325,0.4118203701694496,1.1888976917855745,0.5012147583345856,0.5135932956306388,0.7429459508780362,0.21831141109952218,3.7049675946964418,0.47155683515103836,0.9572452801568205,0.3045313292869275,3.820727259816322
16,326,0.22086444362406144,1.2126401125409565,0.5498652083111718,0.5151239129403138,0.6842620357853408,0.2936134783847046,3.573351822283521,0.4220215682967399,0.9586732679562647,0.2767300890757066,3.8036758469837837
16,327,0.2098365366387904,1.1838052024339534,0.5093889709643209,0.5254522732531777,0.6771277377551526,0.27052375086663666,3.6684295440996424,0.5603417508254037,0.95986945180662,0.27392940179768427,3.8468905099707356
16,328,0.21366581428646647,1.2211060839186771,0.5164131996222691,0.559178516973129,0.679065280091042,0.30610834469481935,3.5975848037091542,0.4831528426833112,0.9530212983353538,0.28044072814596116,3.8566037289130675
16,329,0.22630992410340733,1.1743165431246032,0.5862726546958129,0.4880030440924779,0.7071014627341766,0.24598414926025264,3.651400299040984,0.4891742645547669,0.9590454812659104,0.2708613792204495,3.856142862275673
16,330,0.2225047056360939,1.1278335061571605,0.5253369177537265,0.46167210600500486,0.7280862056229491,0.3008378636281467,3.637148811188893,0.49624915934311886,0.9580000681876027,0.28198127889481084,3.913047318484943
16,331,0.26012756134506776,1.1128375554432948,0.5107178115234524,0.5200656082690798,0.7007804004346468,0.3555522667384776,3.6809024891345143,0.5071165482267391,0.9583971067406389,0.2847847992689576,3.9457934067494924
16,332,0.27907906207640487,1.125831037694084,0.5445857842640043,0.4381516205981072,0.7387515533719922,0.3078301900800085,3.719011813650759,0.530835840912513,0.9566329561321443,0.28351004592551665,4.004852741278222
16,333,0.20224609179322842,1.1454370204621975,0.5187916156389633,0.5415685007809932,0.7269014188919214,0.2179630287255485,3.7503599866722865,0.5163329202574897,0.9580093948390049,0.27695120005944707,3.9445414028829733
16,334,0.2147041371627529,1.279504142604256,0.4658275563172225,0.4272336710465138,0.6511912274411232,0.253217769650875,3.619812848573304,0.49430337671365326,0.9555096539052121,0.27139460155723316,3.862815012578816
16,335,0.24029630158921547,1.1648579527196259,0.5701207923208094,0.4843747256449132,0.7407243217338301,0.23709081692462514,3.6668341079159994,0.38122213238579666,0.961373559529511,0.28410579674556746,3.8762996543637462
16,336,0.21279100922076355,1.113995462122852,0.508328662972729,0.5247678435390498,0.7167330393534099,0.29386751080567397,3.657800546616325,0.4927814082609517,0.958056889001276,0.2729249917205501,3.934997820075389
16,337,0.2138527659185474,1.095125835173558,0.4782280624783031,0.3865583832118829,0.7376820970832193,0.2890874570755021,3.617355915655588,0.44927578080686087,0.9626133001142808,0.2803724225422667,3.878056791132779
16,338,0.25881955249249455,1.2744561807941786,0.5460391997979738,0.4797055786230156,0.6719425018655353,0.3021551147495197,3.614991776945982,0.46836732403847553,0.9560157805975293,0.2857907765115999,3.8512865100702056
16,339,0.18932235903168365,1.1931451456800755,0.5392084856285454,0.41250346569004914,0.6912235227785556,0.27987802343073365,3.6388205366078057,0.5100579851752962,0.9589852783467521,0.2747205245878419,3.8735626543721984
16,340,0.23518683660039547,1.2649307018028486,0.5271569023284466,0.4623946007616967,0.6715303134365946,0.29113972100262775,3.6907488115659945,0.44976830254557365,0.9568731001470899,0.28474615845657625,3.901410740179781
17,341,0.26075595685894903,1.072924401439617,0.5496082504802615,0.4593368449534208,0.7348289661114188,0.28615360043381466,3.669882535090871,0.5164554508846262,0.9615497313774595,0.2677930851334443,3.9476803888034007
17,342,0.18590328391035235,1.2468946836091268,0.4406174993956517,0.4642053988465066,0.6597235760420745,0.2630736616362258,3.6386872008652413,0.47589110704402154,0.954548734800054,0.2740821568753095,3.878685586669235
17,343,0.2825428653476386,1.2498061006903847,0.5467525484891417,0.5472090274343169,0.6669633939980085,0.27416775126660464,3.482482311860864,0.5286250496249654,0.9552389158842921,0.27654065899021957,3.6727904973592067
17,344,0.2748811559365131,1.157866057392444,0.4911393933439395,0.4779497605107134,0.6661046020528005,0.35498018683667976,3.4906109602988957,0.595570922614092,0.9561945041970132,0.2673622353042798,3.804183741397535
17,345,0.27336655885093375,1.2668010656676187,0.4846319779161841,0.4328085588592369,0.6311875937349612,0.33012080481274836,3.6481355068686203,0.5695206358636227,0.9531030537285415,0.26551174231520036,3.960108763938269
17,346,0.17132479985052304,1.2310490765236617,0.523920787909564,0.3727519193891015,0.6696864736089028,0.31160274644321495,3.61995108837912,0.5228059747277375,0.9559302277944065,0.27608015355822013,3.884422822973815
17,347,0.21825855411743067,1.0856821620007033,0.5012008092944713,0.39783139335659684,0.7343568338756185,0.3288910935772499,3.5528558473271503,0.5045392189978387,0.9577224682593706,0.28077078567341207,3.8634844379469393
17,348,0.20972268192141685,1.2108848774610759,0.5664357042715253,0.5058724081360262,0.6743160277033485,0.3210442557266273,3.599408402481341,0.5407030107472204,0.9551765295995747,0.2704270868380064,3.885367130527014
17,349,0.2333240446066736,1.215145692403057,0.4870319193363496,0.4508093018044509,0.7171776783643293,0.1468768793277015,3.8323204823447434,0.49003578054565816,0.9589601973904719,0.2819615309504586,3.9321054596934966
17,350,0.18726589095541257,1.1594685077822096,0.45484296393000817,0.48396436039539814,0.6967309345531741,0.27283111910098806,3.6096850786401498,0.4956491849155239,0.9580546604086345,0.2760471913603927,3.8579739528062236
17,351,0.18739313439991542,1.1113587214645062,0.4392623020994552,0.507720187574234,0.7214454292725601,0.2615460072686936,3.631022292182846,0.5127933827540412,0.9568501561074321,0.2778909395575989,3.8808718511339073
17,352,0.22706820652528298,1.239111206866199,0.5889824361077645,0.5653873179126452,0.6972231963257418,0.24908951822676872,3.6312937191061745,0.4898519762508265,0.9533925679708057,0.28042272868846274,3.831143831502645
17,353,0.21189175311670502,1.0732341714558964,0.5608490925945115,0.48127319458101925,0.7059502011392734,0.4037072145644647,3.5605870718088397,0.5589420590353971,0.9569123705408767,0.2804959379789353,3.870076736786644
17,354,0.2708934516816941,1.1630089835687274,0.5036299275068246,0.3887474329270914,0.7052523962125877,0.2296973614847945,3.7647504906084115,0.5617296379767247,0.9605242091643511,0.2696186619506382,3.9955984684643413
17,355,0.19845826311226014,1.1885647262157784,0.5262451113667463,0.5378465817076222,0.696279624866281,0.2779593032645173,3.697128348526198,0.49464100408899003,0.9559686435307579,0.2763810710300317,3.9500567654893715
17,356,0.22344233486203052,1.1685205886231718,0.4752569121694304,0.4855652654005992,0.7111079532128444,0.20553282677972615,3.632809186891945,0.5433309530488358,0.9567110772094944,0.2772564699435597,3.8014225386542755
17,357,0.22779643648892894,1.1838432134519687,0.5062043868251818,0.4508977788701749,0.6883528183080105,0.32798354486253556,3.607670628799226,0.5242001046346839,0.9541433878732569,0.28317983140099645,3.8703986168930244
17,358,0.2376188355172327,1.149739564705624,0.5658957351554033,0.4935098713880537,0.7139597927171587,0.28874830812362473,3.5895548109115447,0.482191631522813,0.9594878068479673,0.27945126370839574,3.8113802687209217
17,359,0.21679286674992096,1.1485284148462067,0.5977383333157503,0.43714008059872744,0.6946128963229087,0.3181087425731543,3.6803463518572253,0.5191417684921893,0.9607380330885643,0.2711032982029947,3.9107247630408715
17,360,0.25803161007084874,1.2055482717965496,0.5057027650158901,0.43407138786854393,0.7023729209784794,0.29968453250771593,3.645807453239203,0.5012642627362781,0.9556282389760709,0.2866198405571029,3.9224061392759806
18,361,0.22228996732231204,1.2168067919297623,0.4984347652918468,0.45559343419042325,0.6668650513805076,0.2735554663530779,3.64589162422898,0.5048657229462722,0.9576356067070557,0.26883552880397715,3.8891941090078093
18,362,0.18200108097791426,1.2028568989258366,0.41924131139264065,0.5230868458906656,0.6519995566617731,0.37260569580815556,3.5395170452464786,0.524062041567114,0.9516353087052931,0.2776496549233032,3.8755792014223047
18,363,0.24338891342632915,1.2357719923144017,0.45234851469632453,0.4681975789606806,0.6361700135692141,0.3305004803430582,3.585801349960871,0.5629169094741915,0.9548079525993345,0.2652179816361474,3.8924352693559205
18,364,0.19551695231840188,1.1587874042036204,0.5840108132197628,0.39743750688092017,0.7020765505896125,0.3206023835109856,3.621584276173642,0.5210613529767962,0.9604264650207881,0.27389794870987993,3.876530101335914
18,365,0.1966054074410389,1.1810810731558774,0.4577323796830128,0.4472936769012688,0.6841985820536824,0.2775343155810358,3.641212708831348,0.5950266343816321,0.9539721970236293,0.27323937701575474,3.9176278678403307
18,366,0.1883062172873016,1.1751928498234403,0.4902286911013671,0.41547022917819004,0.6878275389852943,0.3521744315695524,3.587493426735215,0.5003597986299272,0.955802303450556,0.2776155537856023,3.9132783871113355
18,367,0.246049816233315,1.1791639666166311,0.5188545303285974,0.40376049354240184,0.6712786186004123,0.310523097836299,3.602204579296275,0.4886169480981471,0.9596634614940396,0.2675923255940746,3.865297065874465
18,368,0.181698075441432,1.2356350776697314,0.4000950453232221,0.5256287517485291,0.6648665313226211,0.23831708830031997,3.6679921004764666,0.5296640794461036,0.9504851129236173,0.27784360262989516,3.8761730033413664
18,369,0.2211298159460504,1.128118042181904,0.572199071629494,0.45044864961095377,0.7477001304453154,0.23341621918349684,3.681928664402624,0.47717596861682443,0.9607897029388542,0.28152714050235994,3.8758484617141535
18,370,0.19725476320295737,1.1921798762841922,0.410460359184533,0.45389191995102396,0.6739981282425821,0.2692992693081284,3.5903799610264073,0.49879046566931995,0.9555418108061527,0.2739218956922248,3.861208922758235
18,371,0.18167986180428472,1.3056907203100045,0.4660919649792161,0.47911271597217564,0.6635476121187059,0.1962826988861311,3.678764882374069,0.4260620143680826,0.9530705910311804,0.2772980494311138,3.87465374156184
18,372,0.18338829613761884,1.1429671367874852,0.5383670610582934,0.40004357904299265,0.6944206417281192,0.3406756627024008,3.6164768726966146,0.48685795328068254,0.960101913316616,0.27450587990521563,3.895207173469399
18,373,0.18843651389854996,1.2124831619654042,0.44793773711916884,0.4377595355036191,0.6716497107913454,0.29253455706399956,3.655336007576859,0.5289081028727386,0.9556725481159827,0.2767633114288132,3.9258611106681727
18,374,0.24570440947222197,1.1508841032990662,0.49492718689960097,0.4560244151312647,0.7013443092757197,0.2432924711216411,3.70230524005575,0.5472398419102359,0.9574485016101516,0.26854443333076616,3.938720543084206
18,375,0.23284175260467385,1.173870152906436,0.5123879702239351,0.4204874715021837,0.6812851499792522,0.2874594687449368,3.6211387411941707,0.5166538009737197,0.9586467849458726,0.27015267721289604,3.8524780718322433
18,376,0.19856672553480986,1.1981067424567937,0.4731336351031179,0.4570470022470364,0.6828506425316394,0.29855396220955444,3.616335766868015,0.5990952840294889,0.9515971051445884,0.2805311769305079,3.883887519883821
18,377,0.2260416692892273,1.2193108243629889,0.5623660327276616,0.46096130643266797,0.6836158306537725,0.2829301003371721,3.5799592901277384,0.47694631388107683,0.9592189048121099,0.27705658402099625,3.7994994663347574
18,378,0.2363652924863676,1.2134013003177455,0.49780322470943894,0.4013094421121566,0.6471803311322931,0.3612854873386897,3.5402243137408558,0.5587727268680762,0.9532076988768505,0.26943828794290037,3.842778516272676
18,379,0.24896330402908706,1.1530405197620892,0.5106648357818413,0.40924150884363836,0.6758214194561488,0.34649466441035287,3.550151650631096,0.5958154293641941,0.9569100503811976,0.26721736163426163,3.8583756722843177
18,380,0.1872723541558099,1.176718930494306,0.46680086553217875,0.41498222173280447,0.6840548366919307,0.31661345411728103,3.624864822097887,0.5903546687698215,0.9544836030954237,0.27527534555403044,3.9269640051649675
19,381,0.21874203118909125,1.2614388082616363,0.45613624327396807,0.48080699510863045,0.6487112140969581,0.25278305053536015,3.687075045448351,0.508972080041599,0.9548052977756083,0.26966090271181453,3.908263603136774
19,382,0.20469085187150926,1.1329106432035125,0.3938811149929212,0.541933563669353,0.6941661753036856,0.2704357059053049,3.6296448569656734,0.5558440435049108,0.9559001758439208,0.2724124891039138,3.917124039427177
19,383,0.210328392304534,1.2985954972036726,0.44185835936399237,0.5021150225507001,0.6382098455760606,0.2654891964938294,3.606315657319173,0.42043797979915115,0.9539479997573521,0.27019009275141304,3.884613250602798
19,384,0.23032515874484233,1.1145381203759679,0.47938701689651586,0.48627021007613563,0.7237014699738157,0.22326808064926956,3.6648627889407734,0.45626151827985817,0.9630752309114621,0.26868517538527514,3.8974068695909923
19,385,0.1816529301452689,1.2320719292992959,0.4851150510781001,0.42771952811181,0.6730350701437399,0.297766084868556,3.6258266349135932,0.48050376672656225,0.9552833502191511,0.27539957314048785,3.9158786848074456
19,386,0.24610579426243004,1.1542849297076838,0.4622145160117769,0.484856249542036,0.7022954167623723,0.22988510522673572,3.6985289152185143,0.4813705200684604,0.9595302738448538,0.26908011249415814,3.942113549937185
19,387,0.20667664857163132,1.2442720320891485,0.4866190791308987,0.4134354673754543,0.6744791492629624,0.28470115734748547,3.585843026769821,0.5166026115709074,0.9538450012649122,0.2794203092895823,3.8577713022717752
19,388,0.23256911395958133,1.1981944270102138,0.5268191839178057,0.4667795638184315,0.6989162225515232,0.2931717028366486,3.6161704719716634,0.4946673893850863,0.9570281094258991,0.28272526847098167,3.8615479948332223
19,389,0.22247877051006684,1.2291283987075914,0.517681156774352,0.3819206240324251,0.6580241064123864,0.3728916861618744,3.4685127382671608,0.5329039199257214,0.9541750606952661,0.27355462108161765,3.814044879397401
19,390,0.17396108159044962,1.1592737808114932,0.4211889917514706,0.5397089463819972,0.6813656316804445,0.29120027895956424,3.64557658738081,0.513760082729058,0.9538396483130761,0.27555160597684114,3.9064796397224866
19,391,0.27098777574142274,1.1601894088693654,0.45618500305100795,0.48705513663970273,0.6739492542266355,0.42755187071766826,3.495235395476083,0.541055265194345,0.9508444918462338,0.2886918134621639,3.8562389046159895
19,392,0.17657785304799958,1.2615843495217074,0.48414583933812255,0.511432501522324,0.6482514462902699,0.30067062981947157,3.6410064168816354,0.5346078700004625,0.9516541708096616,0.27632453684804326,3.867489424460479
19,393,0.19788332464807665,1.1442002015179655,0.5033484095153502,0.4339248250029423,0.6901305272152042,0.3612960357808389,3.539467351201211,0.5590613635913603,0.9542877221459369,0.2720900926498387,3.882844758495646
19,394,0.1895966561906827,1.23437525402026,0.4612923785583772,0.4900819129948668,0.6839072478393274,0.23085230998927955,3.6901288526794285,0.4225510062680876,0.957225471781016,0.2772770645342629,3.917184703891182
19,395,0.19554345953344818,1.2583807709541317,0.40333499515353155,0.48663785759447054,0.6479174347800831,0.23854458225792916,3.6553096063876356,0.5312136435558168,0.9518885989121768,0.27165121169845075,3.887891982242781
19,396,0.1738305552530179,1.19609711314999,0.40237698118964216,0.5396186868348597,0.6765324139883672,0.2509005814823664,3.6404184685930012,0.4969822637562495,0.9530804213685462,0.2759806589034008,3.871919489497069
19,397,0.20788636408222166,1.186421894758699,0.5020194509408702,0.46361043021617415,0.6938171482376572,0.2950220064120108,3.6804832342685976,0.4429168830443544,0.958297208648647,0.2777029832387238,3.9442326964330463
19,398,0.23084893041949878,1.1759349827566332,0.5207332459209824,0.3743086497594264,0.6855950668782886,0.372282251770291,3.5282367022519514,0.5073803673258952,0.9556533248692538,0.2811710911089996,3.839709518328894
19,399,0.1751189834169899,1.2282981385977065,0.3827617617148256,0.5922111336512736,0.6697946686002485,0.21525050880371346,3.6849492405211737,0.4899549850486425,0.9508894393775031,0.2774242198263487,3.8840240317947563
19,400,0.21320853189952946,1.2267484027597049,0.38836776459446354,0.44005458171011214,0.6632058034760289,0.2923389949403904,3.616542774310695,0.4726068401842367,0.9552778753940128,0.28114618942852504,3.872803644441187
20,401,0.19420129760419808,1.2594529346649517,0.40417554682346823,0.5660680060951366,0.6474594305549537,0.2566926769989529,3.6638727590994224,0.5108102374533244,0.9518509842402763,0.27310024234288705,3.9160235143549946
20,402,0.1979666639712322,1.1713571367137108,0.3670666959986071,0.5550544481050881,0.6843928624572391,0.21588441085506963,3.6492437808000324,0.4917613872546807,0.9534318946834934,0.2733148963785888,3.863374055141976
20,403,0.20660628870641137,1.232237752188504,0.4073317302880219,0.5044770806139711,0.6615049352631993,0.23977677460734692,3.6373103868392715,0.4812050906252394,0.9560504707063983,0.27401568350022587,3.8428913307697874
20,404,0.26983442710574723,1.2708310854987426,0.468890112623128,0.581342273018036,0.6756813802764957,0.23749264304877743,3.560984604956222,0.4633682474357257,0.9522903660235322,0.28281540464886257,3.779030588561988
20,405,0.20226469219331342,1.1406759406696358,0.4330500559190713,0.5637464656210384,0.7026371277515958,0.24402575088091938,3.756549751124741,0.532863699261291,0.9538522329238728,0.2762652029214157,3.964126653842853
20,406,0.2737318506079203,1.200572866551258,0.47805258201442297,0.5465344274960633,0.6553692209003011,0.28931844578807764,3.6513879545103967,0.4570570244290703,0.9541182434319755,0.2626845001672923,3.918530335360747
20,407,0.20117533924414238,1.1757658512965392,0.4954495845820618,0.4484019247047174,0.6955139120128278,0.29111347181207464,3.6520909674360857,0.45709822072083134,0.9588370313887233,0.2740731163051662,3.9267295083520253
20,408,0.19944827097891074,1.2830396418956704,0.3894752625389152,0.5362495119914958,0.6468767024204821,0.2184814088315837,3.7358411955978172,0.46341430301479347,0.950184901361378,0.2742174995318805,3.945952586837675
20,409,0.2071932566145129,1.1508217694576452,0.4694134980511594,0.5019506663482172,0.6931064731913928,0.3212654589875537,3.5643774053318027,0.5631429127810545,0.9546343869851853,0.27912528397985314,3.854479114272813
20,410,0.17745644454220097,1.1727970700189516,0.4001974086879027,0.5471403134783637,0.6861060812660813,0.2582996386668146,3.6559706471360562,0.5249782786871794,0.956035242780553,0.2764764681271121,3.907672973520248
20,411,0.20758605080969905,1.2452430051210825,0.49853331633858283,0.48122491896989955,0.6788459622420185,0.22331845915054643,3.7078330598597753,0.42437239840684915,0.9580711237616703,0.27324105222646544,3.929290618179583
20,412,0.21960941875408801,1.2443016537090372,0.44525966288397345,0.41564335330484675,0.6576280467324004,0.3437974489017723,3.6220540599503788,0.5638308424534497,0.9512529051240947,0.2807666956248374,3.940567528268037
20,413,0.187600961165213,1.1858167872910126,0.3156557479536032,0.6457229001164106,0.6678984314887348,0.23118364905182126,3.653347741625923,0.49117650612846003,0.9519719548307692,0.2739801535006776,3.915299872346259
20,414,0.17351343719633028,1.173700837759479,0.4444944381207298,0.5394325510706652,0.6900759329729711,0.283920768221331,3.61525846501041,0.4877156846415195,0.954885103998335,0.2767502922733454,3.8871328902603124
20,415,0.18768871277064453,1.1578974415538419,0.42615427132672623,0.5477820495032133,0.6907856062262645,0.2777751821045938,3.6614096937056373,0.5218415355635598,0.9567847571219094,0.2765268865628447,3.925098877101072
20,416,0.17937356407974492,1.2331593794408655,0.4059261138716603,0.6050180893425245,0.6743431000267963,0.2018643228191567,3.7222885071537606,0.4991620908430021,0.949191179913508,0.277379846808521,3.9149166567212355
20,417,0.23336921126514548,1.2363270026183262,0.35529226699130984,0.5355227981263245,0.6462613439806352,0.2493332532566555,3.6134904208547547,0.42890690147798705,0.9565977345950831,0.27127215372144153,3.8307947066950616
20,418,0.19716873380166552,1.207610406194015,0.3884174814430502,0.5150272367250457,0.6681498278202778,0.2778975264548457,3.673871849551363,0.47300631675503757,0.9541581260966783,0.27794257757681606,3.929821402145913
20,419,0.18859759025524386,1.1911313710661526,0.43650190821921553,0.4777782750881359,0.6792571156667043,0.25775577324096866,3.6571019811941436,0.5393102483093621,0.9545917440504864,0.2733766001637887,3.9025048077418147
20,420,0.19392534904556855,1.2258702051920607,0.5249286245895413,0.45808559180566527,0.6868309505063805,0.2610752801947978,3.6786820231857678,0.4215784432833456,0.9602627324328932,0.2746445212704585,3.917291157867621
21,421,0.18257397215491822,1.2040029490787871,0.41828313028209296,0.6107396600362472,0.69297955837623,0.16716544479198564,3.7353979450534696,0.45177249245146056,0.956319244020744,0.27509732413858046,3.875051935578477
21,422,0.19098871634272369,1.1299903173179366,0.4959392783032265,0.5556417076704337,0.7171070526901957,0.27855328603720114,3.64811431416195,0.45568528952383197,0.9585185757949322,0.27846874620181883,3.8859854504442546
21,423,0.19482201933878793,1.1526498634648117,0.44909758729455734,0.5628726749085361,0.7030619682702396,0.25981423872336934,3.63146220436653,0.38478572187088106,0.9630362719336022,0.27515259959611826,3.8663839789193113
21,424,0.17352328323539554,1.1397469559870852,0.47853808651791596,0.50378430407055,0.7163220720603154,0.2458397037387116,3.6792721823102617,0.4654634822363904,0.959318172931577,0.27634378550205574,3.8919081857546645
21,425,0.22282497578641844,1.2144038276436504,0.40197238251459416,0.5240354987652416,0.6951627099138136,0.19030363636855038,3.723353395894682,0.5078001282516925,0.952828423990731,0.28317497139954,3.9091159445233985
21,426,0.21296131310949962,1.2703869336909461,0.42958634589924677,0.5831522666579868,0.6299401496914275,0.29408597518228474,3.594910143101201,0.5908171498481825,0.9474120473122003,0.26943204472263804,3.874658104303772
21,427,0.1946218759353397,1.176837150513164,0.4110822576849281,0.5045123959340033,0.6769449852824836,0.2893551634793602,3.6139993755157316,0.5138318729071981,0.955066237767715,0.27326255865803334,3.911495622483811
21,428,0.17524521986248978,1.170136113728807,0.3544975592941822,0.6378949337581858,0.666875841009817,0.27072299551033174,3.625939465553399,0.5950363745500056,0.9498013045955673,0.27478055871360363,3.878305642683505
21,429,0.20183167993704984,1.2099210958901119,0.4644506973338962,0.5193245088935006,0.6672661093488005,0.3066178065183587,3.6155219017657734,0.4424733714468231,0.9541343802324402,0.2784295319534668,3.8539143049918287
21,430,0.18329682444372358,1.1308331754865675,0.5092787275761106,0.45707610143525057,0.7184240137070766,0.30687482563873913,3.6032317630892456,0.4894960164134468,0.9588641015517556,0.27762082095572854,3.889818273579226
21,431,0.20578037720027265,1.1612664914938957,0.4468041903195917,0.5892646018320359,0.6843477910818957,0.3166348520303492,3.636877860481526,0.57425428486516,0.9489390665329169,0.2809907156356336,3.9159847058953923
21,432,0.2027405135134807,1.2594317569415039,0.548921321127388,0.3620090789366879,0.6756593549636553,0.27169961293975786,3.617913292156619,0.4718214853443107,0.9572954292316022,0.27776753580313607,3.850315055296206
21,433,0.20003156398883498,1.2039374193363515,0.49953046539213036,0.4850351915209086,0.7020535667924868,0.22845922905488975,3.6799896598641157,0.4595082327347044,0.9589293635063412,0.2788809112373477,3.875172760948606
21,434,0.20654145866344048,1.2857182408030552,0.34158121506231104,0.6339751245719155,0.6350521348114873,0.22543397646811955,3.6219164547867906,0.5323425922907189,0.9432535733443878,0.2776745188733244,3.8082559539229166
21,435,0.2079227774367679,1.1295860223685394,0.36541848034397156,0.542626650717454,0.7090826689374979,0.24437230049811962,3.6617175578788648,0.4971193373744204,0.9537387526418298,0.2820381541678984,3.893981729854744
21,436,0.19374823227506477,1.0426400292911535,0.3731891497899128,0.5484529180938219,0.7481194511653746,0.21146030758112552,3.679538393113558,0.5117438737207487,0.9602566998745795,0.2737258588341779,3.9040029267983316
21,437,0.19203961746537063,1.2113464078811955,0.35960577023583723,0.5165775530661486,0.6766580577055202,0.21538448825271111,3.697991132417069,0.4955358874831706,0.9548708561525437,0.2776464377010782,3.9223219612016877
21,438,0.2047271913573255,1.2650631722653405,0.4707295585005335,0.49910354052070466,0.6715806412890375,0.24039058251403334,3.618781201331748,0.5308343316716487,0.9501703278912089,0.27926946742217484,3.8507111601813273
21,439,0.20926212359065802,1.2037962253834062,0.36747810464844244,0.48261704925129295,0.6858384918422993,0.2338673578584824,3.632843858471351,0.49434448053512836,0.9545398836434262,0.2814250910427739,3.882666570307463
21,440,0.17655625913199272,1.1605995713795911,0.3711583844533353,0.6246365005113008,0.7039286315846884,0.19394742015902314,3.6583753116704956,0.4844931145296319,0.9524175096848622,0.2759209752351097,3.920118625444784
22,441,0.28553320875706384,1.0102236817575603,0.46760678506246556,0.6080414892634458,0.7556134927329637,0.22056985165022094,3.6156517813406315,0.5302106337754073,0.9608060294012803,0.2668147212050865,3.80212433765873
22,442,0.18279853381192693,1.1199033795830904,0.3748690205024935,0.5085541771693315,0.6971502120263898,0.2824338344675891,3.605402500326877,0.5429313536118119,0.9567190300022517,0.2746326512351097,3.8821185386055035
22,443,0.21360064350611568,1.18819307816563,0.43702480383451014,0.6717909157290275,0.702069658381118,0.16664136884278474,3.680703497398251,0.4637484501189169,0.955664002732387,0.27619393083425153,3.803105461740219
22,444,0.2061932676425896,1.1610073564772607,0.4019043526809661,0.5583075172798504,0.6934657794163522,0.2558310820981334,3.676414433588147,0.5449840111350409,0.9552746208850923,0.2784412644033324,3.937702036432225
22,445,0.2243641956296632,1.2512438370315009,0.4110190316720653,0.45528405921146203,0.6884360805926325,0.17950490938499203,3.7138780594557064,0.4799956937632559,0.95323159427068,0.28302443391718934,3.9132778732260163
22,446,0.22326318440819912,1.0987998228903035,0.4505531932857353,0.597461063158609,0.7340997736872088,0.21613032391328177,3.6877976674635393,0.46211316592487256,0.9597470547562192,0.27965553796226905,3.842820544724605
22,447,0.19449769705753323,1.1863947155833114,0.3730831484447815,0.7025766772414274,0.6859668427532797,0.20588075575716833,3.664955509473502,0.5399191772148673,0.9474483637540285,0.27901009695684936,3.8604999328561176
22,448,0.25124267908244846,1.2455605032903245,0.4357361789924422,0.6493528220891459,0.6526803215909565,0.25732630285796493,3.6950239785332495,0.4797554151780368,0.9514684995340852,0.26902268151408615,3.9704486502803333
22,449,0.18397980353024534,1.111249368060883,0.35503458981389857,0.5494524792568278,0.7140240319165162,0.2077269759858981,3.660595337369299,0.5551856263280937,0.9564155835326442,0.27480696399099475,3.9093601638077744
22,450,0.22767660506622864,1.0740868156454615,0.4431330795528047,0.5664101693657339,0.7303550198586614,0.2338902905327019,3.6209173076036367,0.5530520797084062,0.9584690472842562,0.27171602475007417,3.8400587851144885
22,451,0.223984766699997,1.043159910080388,0.43881981933674136,0.7247016919466681,0.7389490238955285,0.21844402561951815,3.677113803832911,0.5473348941755195,0.9540833058067578,0.2678909422300092,3.8952178538355158
22,452,0.21835211701463617,1.1648071375799525,0.4461276728420086,0.47909631537611774,0.7161807061425992,0.19227927158831454,3.630269833239527,0.498288107326371,0.9553143060398173,0.2780145452858519,3.8187061090128127
22,453,0.20979022737125141,1.1366643797183358,0.3976578569042988,0.4684763377097448,0.6963613667206491,0.30587996697500913,3.6320894973639946,0.5675719120330115,0.955590335770448,0.28010987181966096,3.920417886430753
22,454,0.20332103571265464,1.1968946400417388,0.4141367728096313,0.5916550722521391,0.6925703734415505,0.22748524860074562,3.6843920717986816,0.4881770259635699,0.9541044093978138,0.27961838972404574,3.918286979926112
22,455,0.1941902466782856,1.2053916950737296,0.4042882096096168,0.6166629542408966,0.6830091557011994,0.20786147416990733,3.7142344434126184,0.4890618099379296,0.9547689624050889,0.2747599719606192,3.932482590126983
22,456,0.16818738610459325,1.191872638681857,0.3721380698708345,0.6989262694258074,0.6815268690945279,0.18150727175361875,3.711516908787257,0.520859988173064,0.9481673548342723,0.2744405658589278,3.893041191057751
22,457,0.18707967223635394,1.1964250418332378,0.44373947961443616,0.5489458804404121,0.6782331073576358,0.26022114128423224,3.630556391654135,0.5148607027123936,0.9535720807923032,0.27281251190032263,3.8919846874808512
22,458,0.1932182422185477,1.215514717778043,0.38778093637844047,0.6131117643531742,0.6587389820623474,0.30260992037436363,3.63747826046701,0.5337420195342101,0.9507692979517948,0.27719714038002224,3.940694476064728
22,459,0.22353767431796331,1.170547567109305,0.4629863870342715,0.5612250922998567,0.680094308409737,0.2815600310778396,3.625249805613191,0.5719639096471505,0.9540167174622045,0.26921167145688985,3.913134713220123
22,460,0.23799086895404026,1.2258287870035565,0.31822776874107733,0.6678363110315881,0.6867890926548507,0.15516650302762502,3.662682579443572,0.4247016403762843,0.9506173421487396,0.28362771532754083,3.848498445850941
23,461,0.19736736735370344,1.1757701919771744,0.41561640108930087,0.5411779754166913,0.6870497132309118,0.24159358261512381,3.727241524631705,0.5025940103603148,0.9526080795388061,0.275260873064413,3.950864066869843
23,462,0.21884552385096617,1.0790846642023981,0.44247586043363096,0.5437774779606153,0.7164932247626126,0.30307943278333216,3.668005372918939,0.5635301221263458,0.9543805966802313,0.27351078823274155,3.9637766050454744
23,463,0.2273455914655159,1.1396159951802896,0.41740076602667814,0.5796308843179789,0.7038436129498782,0.29505404301414784,3.617385898757546,0.49963802448510747,0.9539270711238601,0.2836089782479861,3.87681559502215
23,464,0.29216765039867065,1.2153385663172185,0.3971567025901412,0.5494726689193052,0.6355318658471839,0.3099975029147104,3.6870109231357273,0.6300159925371583,0.9493573653548959,0.26492442277042505,3.997316685277805
23,465,0.2182986038713982,1.077763664377591,0.384455621039413,0.576416331367422,0.7053412854156529,0.29693579597147546,3.629623479612074,0.5263951898376918,0.9574555989104532,0.2714957540516125,3.926986879458318
23,466,0.2057496312645219,1.2160324990581852,0.28594737016946326,0.6205281264564154,0.6732078894697499,0.1896354592430361,3.664756744997596,0.5628867249366599,0.9430789789975773,0.28341870659623136,3.8955952208904803
23,467,0.25764417242721194,1.1588136760388767,0.2841328094703344,0.657811034391864,0.6995837793257863,0.1924934223686448,3.6180239614580896,0.5199234693099289,0.9487338142045004,0.28500257081205405,3.8251624629144283
23,468,0.2350574694974089,1.077960420017776,0.4276065453274297,0.5747211065680033,0.7331238835425785,0.19736374839868975,3.718893949093921,0.5011266587560596,0.9601090774664248,0.2692205989615072,3.9212149342931055
23,469,0.23603557483806864,1.086544932150373,0.47503537824558756,0.5351293908031511,0.7206508632304988,0.31376587357412744,3.5388885313559895,0.5299281109568712,0.9575042273716019,0.279705130910672,3.8133320206698245
23,470,0.2919995018377587,1.2108116279042211,0.37596670025716195,0.6344540112568107,0.7102335200493775,0.12053478838309424,3.7452699500146283,0.46073483133000176,0.949273840144299,0.2878756802976684,3.8000977603702695
23,471,0.18401246383984105,1.1241821493585695,0.3187032536258734,0.6145229094829097,0.6757899972013286,0.2870213677158192,3.6184322845145718,0.5480324573963166,0.9525986770136117,0.2733352487372923,3.8977300069318104
23,472,0.1788493234235626,1.1848850563166158,0.3607957815459828,0.6808812435128739,0.6935443511440146,0.15890842015103873,3.7088806621243298,0.47062000297871415,0.9562583896630688,0.27516680870670274,3.881177354078546
23,473,0.19872045856319986,1.125914464928767,0.3848118282499905,0.579849116822902,0.7079380694400425,0.2122351089937436,3.6759044887962795,0.5244791306994848,0.9542944029362624,0.27288855563310743,3.916031234439324
23,474,0.18683121730175706,1.280293096499981,0.4002261608199347,0.4872087230292916,0.6377539798884369,0.25878431417724573,3.6402034093535174,0.5072182625737968,0.9526625120837625,0.2730317296174498,3.8872160530314135
23,475,0.2495532057273994,1.118692098701521,0.3623310590798765,0.6747608787510699,0.7095713995067792,0.2578471052793608,3.5578171458566192,0.4984558897194984,0.9508358356777912,0.2823655951125841,3.808708969033865
23,476,0.2351506953631985,1.228999054689222,0.4580523976145258,0.5468582303820894,0.6651194700871799,0.21970462608943236,3.6585458134474353,0.5200682176467983,0.953833129879379,0.26638030185929285,3.8897612053517596
23,477,0.24933615008257645,1.1582363476175384,0.43448573577225114,0.59169919445174,0.6688782225389218,0.2816867318743511,3.574820415868335,0.6211882420992134,0.9512290218124232,0.2671037953601153,3.8457596916898766
23,478,0.1778976899613615,1.1553698948060251,0.40598867780254827,0.6429084214596651,0.6842281539887112,0.27436860754709214,3.616374977088632,0.5272665199987968,0.9494395183451158,0.2734410324136447,3.8948224951098234
23,479,0.1987134153278019,1.1770368564465459,0.5363712013810641,0.41189649235077913,0.7107686324128125,0.23173228070798993,3.657756854987748,0.471152495269259,0.9602681734746252,0.2736079018574749,3.874023385193675
23,480,0.17498036923571414,1.1829150645818098,0.3052644928362677,0.6475313601396664,0.672593182540539,0.19812736824448846,3.7221580042424374,0.5805148224211685,0.943205353364203,0.2762218422696342,3.9369150137787456
24,481,0.18783208833985324,1.1248005425517644,0.3082163650816511,0.6714000244095182,0.6871937682959985,0.22572033969522254,3.6239737609575546,0.5746312484524385,0.9489587227450311,0.27283781440247884,3.8792067719862984
24,482,0.2444215218550507,1.1541088863517954,0.40911985847938875,0.6142141907365682,0.6799571014057029,0.23771211570406078,3.7060169516373906,0.545914230595188,0.953389401902083,0.26737491383560885,3.9293673592901883
24,483,0.1851622382391274,1.1861786990061065,0.29389038132659473,0.6081876849256049,0.6652577082917347,0.2498831631595757,3.6638674187557374,0.5796033067496472,0.9464315973403947,0.27980345163404285,3.898553029546742
24,484,0.24016718051719868,1.1179541521967717,0.3021876849078581,0.659950112946958,0.6902818746538475,0.19298056977493083,3.7344889290361856,0.5860580656249509,0.9502154940450325,0.2696499989599939,3.9607143619518284
24,485,0.21642583675640886,1.223712066094362,0.3214341150016499,0.7258912954492627,0.6399952649053257,0.23814840699995563,3.694369954500961,0.5510911224460575,0.9487633299164676,0.2707862351125613,3.9339773308049004
24,486,0.1796460320230387,1.1076888313408897,0.30417811120862714,0.7143493148531107,0.6866198595209022,0.27479799293005674,3.6514223627564317,0.5603114094156136,0.9467073843231526,0.2766119951556408,3.9321764817803855
24,487,0.22154868555551044,1.2086112786970777,0.42069881229597045,0.5911802451241586,0.6679140741660623,0.23536484220001902,3.6463214715791747,0.48315036304245706,0.9549147841676398,0.26843375309683015,3.8898423018840473
24,488,0.21166460960924482,1.2044871297762376,0.3094016601849926,0.6937135349442751,0.6655688747786824,0.2228366291894753,3.7071096284871463,0.5946965115634583,0.9460463363922889,0.28063600168162417,3.939311687916593
24,489,0.23723666319307066,1.1963092836970093,0.3022070838670531,0.7120828504350569,0.6925780820956273,0.11331890460657612,3.7136767646838296,0.5252014911113859,0.9480111192042748,0.28159305235032106,3.8150778181321243
24,490,0.23649169559341485,1.1015062163417666,0.38333291437821226,0.6125376904861649,0.7188567471873569,0.2299749087845419,3.7473878029161694,0.6133803302560041,0.9523536860064661,0.2795584579278495,3.9878568729631687
24,491,0.2228495842083596,1.194941144142998,0.3296714722661226,0.6118006367772246,0.683998283543093,0.18731328251629484,3.7642032021050915,0.5221611706490736,0.951629886816252,0.27918778439844166,3.968249859065979
24,492,0.1756825370550289,1.2449206043150571,0.3891580914804314,0.6411282211566895,0.6478078052408962,0.23181409395917424,3.7112310296319477,0.5827676570162134,0.9444490457077206,0.273413303634628,3.901971651608476
24,493,0.20011630200949715,1.2079200859174595,0.3454596810469832,0.6002813850746564,0.6634345555498081,0.24378282261190262,3.6710067460893465,0.5378476593610231,0.9488006899474666,0.27454618937044356,3.9551765208934597
24,494,0.19111812175852744,1.1914283901589506,0.36593952892488407,0.6858717514711286,0.6557989131896395,0.26759112195595575,3.605850821923427,0.6053421724125185,0.9423977865651059,0.2715520327257782,3.8753647284843034
24,495,0.21543352091494028,1.1655988933550332,0.3623822541982252,0.5889075914247108,0.6644530577837849,0.31052879551758117,3.6271436664293093,0.58057604090794,0.9507550004039315,0.2728954736747403,3.9570666548772566
24,496,0.19587156224723254,1.2554568194422848,0.37877416033241107,0.5985380215082526,0.6436788918255766,0.23532092358852333,3.682236128528771,0.5136260314510366,0.9530520498564586,0.27200490168378544,3.900972367546539
24,497,0.21372185711679006,1.162053484004043,0.32735253871237474,0.6954625640170509,0.6738086932644793,0.2126972759324104,3.7314973839345473,0.5431652512625124,0.9499393932203628,0.2719872714207213,3.9428616599940205
24,498,0.20813212540255788,1.1739318036203723,0.34192862849714867,0.6378568608075283,0.67055104391725,0.25335559187479156,3.627461393541685,0.5165904367321543,0.954790772530816,0.2777473885423486,3.8335876973139014
24,499,0.2091716925711394,1.1915735205330094,0.3435433771813876,0.6432255900741966,0.6618038621969173,0.25513841079631394,3.7153169786866562,0.602467850256195,0.9457446458638245,0.27469319659994174,3.9821343045100206
24,500,0.19948945349961283,1.2854848618142771,0.3487296100906851,0.5564659046048026,0.6329663072501931,0.24337522466154077,3.6732216794653825,0.49420032905029593,0.9488727294329516,0.2730739639036077,3.933019423993014
25,501,0.1839746439148448,1.2421249343841634,0.4145990050663708,0.7486368069702957,0.6483338093705838,0.24013677399446162,3.6805231624063888,0.5603982418492537,0.9439496353096735,0.27242002302740975,3.9052880118980853
25,502,0.2688317330335714,1.2193301570044524,0.3940955460927225,0.6138607115311678,0.6216327005567851,0.3542950790141982,3.545839914413083,0.5954876274193968,0.9477841043173569,0.26138199502495285,3.9056635210658768
25,503,0.20864548726057724,1.168813661174042,0.3135535179959653,0.6297735034646712,0.660378435806938,0.294680005492074,3.64746400420465,0.6209744103017069,0.9502778316747449,0.28053318148539147,3.9248357094316084
25,504,0.18891019503027523,1.173313207837088,0.1814787736886411,0.7691420892056664,0.6469473842059242,0.18929759241076444,3.663308582907133,0.6622590474375547,0.9365104791811513,0.27275967061328343,3.937353357931942
25,505,0.20122970479615768,1.1472886540176905,0.31037752168719723,0.763649847243223,0.6770039360712864,0.24781269052090069,3.7016262628892345,0.5679370685872177,0.9455033330860632,0.278715115896896,3.947383978612301
25,506,0.25138185198629465,1.1977940517551664,0.3182079690111693,0.6005724415348279,0.6404286670744528,0.29878634749923016,3.6183168128939673,0.6354389507015281,0.9431955331722541,0.2678405538746548,3.9736933447360547
25,507,0.17289625259945432,1.3079291402067141,0.277665750599252,0.6986908209671837,0.6193894516173094,0.1616614577040498,3.740790198063215,0.6446908020236672,0.9368337097863864,0.27377941439574194,3.9197981259677723
25,508,0.17839409691885813,1.2129853521812344,0.26637873748375357,0.6979533926610804,0.6454601847501508,0.21557479374692434,3.669906723238585,0.5861984475013741,0.9433019786624331,0.27340934082865986,3.909918021473389
25,509,0.2107550895612275,1.12093534037711,0.30028300659418644,0.5671450764011309,0.6773798387911926,0.32028512445512314,3.55208197453042,0.590167265482417,0.9514602563339227,0.27991819244627303,3.851191671160282
25,510,0.18270958360742184,1.1523025832435596,0.3481801511655749,0.6931438083499323,0.6797542272687707,0.24811915946068108,3.63190864040325,0.5436411099702669,0.9509965637236313,0.27412782984444906,3.875821714164542
25,511,0.2727777934398049,1.1092292184400439,0.39389604331599876,0.6587683220507731,0.698570536356197,0.22225326799713377,3.713209524528751,0.5823181446732424,0.9517394618521958,0.26596295641338313,3.9685655871369447
25,512,0.22715481867678697,1.188066042342065,0.33980145551081814,0.735570392082351,0.6395099100736849,0.3074746965139125,3.64175497674087,0.5881356712753676,0.9480883284009428,0.27009057650811785,3.9466520665078533
25,513,0.17068278210544022,1.2486943129078316,0.2659189063422308,0.6740688122797768,0.6298985914646553,0.27044225836127733,3.625459865853405,0.5769658520135059,0.9401832939751609,0.277884005008108,3.9122820412440475
25,514,0.18714794017400133,1.1631249462869198,0.40371331155270607,0.6675389307427909,0.6761898532730037,0.24098341208652382,3.712544716478447,0.5472088537058823,0.953975302187635,0.2730189544838396,3.8898975425553495
25,515,0.2301773591588537,1.262061433532196,0.2974003003100493,0.6284832880567446,0.625238335324639,0.24016624970619613,3.708040064985541,0.591696673686895,0.9448296308981288,0.27101389481508803,3.9732981209542757
25,516,0.21081214488613034,1.1548496057711883,0.3112757726749025,0.6145524356974054,0.6684398220129957,0.30181267520806193,3.660789733392123,0.5168305785663242,0.950016744054986,0.27509924693909693,3.9809088418157876
25,517,0.1992525807913855,1.2364492507415346,0.32179271441340157,0.6562221868873885,0.6380413043829011,0.2580002046650403,3.6016571327334552,0.5485980726706979,0.9500776839909685,0.27310808349929017,3.855822082930608
25,518,0.2270153176214214,1.1919954685034186,0.2922695637728054,0.6985401166848721,0.6471817623226152,0.23048647762409408,3.6564085495100738,0.6150168342198706,0.943436677853821,0.2684076776259332,3.933690503294934
25,519,0.17807239419465484,1.1413304939064128,0.38625034234553085,0.5974071640331812,0.6866944229573175,0.3003120188641317,3.6169250740899503,0.5496749413426346,0.9512498408627469,0.27692508501258933,3.9139091834602047
25,520,0.21087959014232266,1.0780690380874067,0.41666006485828183,0.5601137145364936,0.7210092329790536,0.3075390413419214,3.627682256828379,0.5701532068972064,0.9527280861728504,0.2818022359785658,3.9054650801499093
26,521,0.1736865866290173,1.2349588143979766,0.3635601411261485,0.6473681950316942,0.6521895702918483,0.21988191333891766,3.6506865171276144,0.6277349025194666,0.943815039444663,0.2741209333680027,3.8764265710320123
26,522,0.18610023536561526,1.218340134844698,0.14714618553321637,0.9607686946315095,0.6236744618438699,0.20261333960454694,3.7054375718178965,0.6356937319754942,0.9177502921046858,0.2817951693568278,3.9404018683674122
26,523,0.20117633076970287,1.1173557396446823,0.377977166399689,0.6745939288397939,0.673923878584067,0.3383593560821353,3.577573451238655,0.6026201766993203,0.9428233387683406,0.27152654934613907,3.928843469917804
26,524,0.17943747648443278,1.1447604352246254,0.36295568564488023,0.6848539184360889,0.6896868207407034,0.22552823297369723,3.667117493117361,0.5348848411424337,0.946655113263305,0.27411438259146953,3.9139301348343345
26,525,0.19630122788697987,1.151128799424564,0.3626860100232166,0.6685416782171737,0.6885778623181613,0.19811539745602713,3.703349131381914,0.5531428282606964,0.950797094307743,0.27168821152757283,3.902697155976172
26,526,0.18308872529541928,1.3483162685505228,0.3792224719688984,0.5697405151337376,0.6080664573681214,0.27388346850126977,3.6211584650524493,0.5282196224895999,0.9476419590502658,0.27239414213164054,3.8915705242372147
26,527,0.20885726961669895,1.229440664523575,0.372459273096253,0.5974582978879087,0.6514922682204428,0.2748713682546937,3.607353547909561,0.487786749731937,0.9517776125619353,0.27806100348696794,3.8294436945134946
26,528,0.18799378672785938,1.2192755772850894,0.24515530465792904,0.7349007794283403,0.6481246089300804,0.19927315008233262,3.7154965089249052,0.5967483259221207,0.9393691722276774,0.2772447869634587,3.956927618065989
26,529,0.2149903695929925,1.253018462571121,0.28379315180429054,0.6784610116930982,0.6248520034031287,0.23833090083314112,3.6455012474318935,0.5871113899037885,0.943892209706479,0.2696729710683424,3.9270491372905356
26,530,0.1618505706611157,1.2348611825395375,0.26340451210301913,0.7922460258241089,0.6176348725746185,0.27612472862800236,3.6528799958729135,0.6649346218461641,0.9363557575861299,0.27546519217612014,3.9232108311428
26,531,0.2203694252526305,1.285557644379189,0.15400773100648538,0.8626289933740157,0.6147313460229097,0.14530381542566334,3.6583240990300556,0.5859016889917854,0.9286385030257147,0.2806645061660533,3.788803903977647
26,532,0.17335860039995107,1.234808122124252,0.4396116347042165,0.6287796282693602,0.6680919309746447,0.23773155673570914,3.694143499455157,0.5618953485355489,0.9468062138811296,0.2782718819657822,3.8962904582162863
26,533,0.15894349836366095,1.2964407595128327,0.3569165333079041,0.684216955738964,0.5982010473403034,0.34939048880060036,3.5830961023279873,0.6516795613603259,0.9385607763074804,0.27486873525258504,3.882097638157402
26,534,0.16034255617876117,1.2555053756610075,0.1907767712874202,0.7899555383920713,0.6276227131299372,0.14780402118723107,3.7093314985191417,0.6238109209512446,0.9327559908693402,0.2771163983233301,3.8653786688388068
26,535,0.176091482102569,1.2264936170756418,0.3193888751281204,0.6134189267097453,0.6555385585336505,0.23226597320536713,3.64845324120827,0.568530438990366,0.9477148642252159,0.27634594053575434,3.926617566747292
26,536,0.15599532779253206,1.347089439049057,0.26572633652070043,0.7203251108581525,0.6018203516547282,0.17970520428774778,3.739371657224516,0.5819472615873165,0.9382318596749629,0.27448325936024726,3.892492260632016
26,537,0.18854395679259597,1.196498748238972,0.3637982989017327,0.5386809402028563,0.6788719009114158,0.22238113759267347,3.7077483052005604,0.4990105289307025,0.9532422353056006,0.27865218556377175,3.905199386375435
26,538,0.18151659472259407,1.1321717172396122,0.2894561399394769,0.743247085709112,0.6713520910511995,0.26383256554453016,3.6045919077284396,0.6055739696220432,0.945817889443223,0.2769672590824849,3.8530809952809584
26,539,0.2146203310282017,1.2237447202096603,0.463423969739927,0.5796982437840997,0.6541340086180368,0.3198530985305935,3.6579605014144283,0.5579396119686285,0.9506284844913948,0.27228772062503565,3.947211847530684
26,540,0.16168126067467706,1.2858072591496814,0.24480686605096375,0.7714140663646232,0.614407956845761,0.2327841935129833,3.667686022617553,0.6046730141052805,0.9318737662292211,0.27669995583116797,3.9311963006912762
27,541,0.16786836321046505,1.2618457014036393,0.247775366634187,0.6955257955098173,0.6181970915535342,0.2609913389727585,3.6110531631380867,0.6683588876796316,0.9389359025331023,0.2750386158452698,3.9227798874357696
27,542,0.220597404153355,1.2048818604969098,0.2957128193082862,0.6663700471298313,0.6252058483185664,0.3033004840214468,3.6087798182328954,0.6682822320388718,0.9442106136550299,0.2683618553113766,3.9187136573484316
27,543,0.2267606303908825,1.2783268932836156,0.25918139012798863,0.6711881708539597,0.6130184825781116,0.2896015511126736,3.56005946387194,0.5954062654669926,0.9429456674481538,0.2809161377921424,3.8138913481856576
27,544,0.1543876373969475,1.2608226875955675,0.1406409733559045,0.7842599251697634,0.6071450994396542,0.211854254530999,3.6332157365300803,0.7341156503441972,0.9284814529350888,0.27810474943254915,3.905241084561298
27,545,0.14994361193358813,1.2826273453255768,0.18031056843574336,0.8727804568363668,0.5998576254360052,0.20716412611054272,3.675158885402325,0.6288697821525072,0.9236018687746874,0.2760724912355385,3.849155347169085
27,546,0.19105680875625453,1.2349831578505075,0.3329500897913498,0.6079829171809813,0.6419593016432374,0.29742287056412914,3.6324977604565425,0.5356432833301965,0.9424030644375069,0.2747212196465486,3.9552050023004908
27,547,0.19472632683799562,1.3625987882268706,0.4578769207285688,0.5595688988116934,0.6158411410760462,0.2654321908521617,3.6704095851238296,0.5303288969194471,0.9495083768118555,0.27219112405659984,3.9097858541832338
27,548,0.20587256637347529,1.226638057340129,0.15923130582502157,0.8957477064721946,0.6224323930342228,0.18804195878332136,3.5978909539691277,0.6318891602789045,0.9222642166984929,0.2787065004864861,3.774265686629692
27,549,0.19106720304215805,1.2803060827627692,0.24496978009839246,0.7789880167294626,0.6049907698652598,0.27842112992361107,3.6423511623043927,0.6237571865655633,0.9313674782274495,0.2739425769465984,3.9704512670907035
27,550,0.2834088517333544,1.3050864964518747,0.1981257822958836,0.9767716744243469,0.6056079119649236,0.12785830026006462,3.718701283234241,0.677103441386757,0.9079800008541332,0.28737704159755206,3.71171577663185
27,551,0.2493664586850305,1.3022064822230572,0.36125059310650576,0.730567497725862,0.6026731402293808,0.27221731331648474,3.704803880457227,0.6695381442833623,0.9382985950945557,0.2674490417993894,3.9758780046781075
27,552,0.2258480050360711,1.168540794856745,0.2379481910449829,0.7369139285503999,0.6456252861303385,0.30396162879041466,3.6844718886927477,0.650850350725405,0.9382591437289968,0.2796954516676435,3.998680300732667
27,553,0.2383831114524659,1.3301038956149616,0.3578083289519212,0.675434514769304,0.590421417658008,0.298830061001344,3.5750995763436206,0.551577559245544,0.9403337047089997,0.26823092707618706,3.825305793404187
27,554,0.3044433294375819,1.4979468341244249,0.36343594400226076,0.831936638141707,0.55034360740068,0.09220264348186999,3.9142428638892843,0.5514330214013095,0.9252169147678346,0.26191775105020965,3.7498659305141673
27,555,0.2717876189518935,1.1256969536326698,0.30848777907140446,0.6436563683180362,0.674956250800928,0.3111556843504454,3.5816107353657953,0.5776281555386079,0.9484184428444535,0.2868719448622428,3.8232509129531707
27,556,0.22606907259721554,1.2158216115144973,0.39677019535352614,0.6017298368729157,0.6728326768353999,0.19043105602912777,3.7405834412407617,0.5650518870536206,0.9497496163801606,0.27152976563828835,3.9608930711309327
27,557,0.16280831755175038,1.1849337148798142,0.2729532256078052,0.6369045028735457,0.6367902682478145,0.3274468999002348,3.559008946332787,0.6253785634673529,0.939595678798196,0.27414396826223686,3.8987445111931636
27,558,0.44997164230984454,1.4999558439042222,0.3971507759163214,0.8078193253772264,0.5401139045888188,0.08242295226993887,3.855209323251225,0.5753891002934044,0.9248588402198195,0.25672307592347055,3.5390159333896305
27,559,0.20720723271714572,1.3336181248571966,0.32865473591907407,0.6099347170944828,0.5940091473257657,0.28001613745347315,3.6306927658147554,0.6115593061754528,0.940421406901382,0.2690949169095702,3.9119887104887368
27,560,0.20884418467087734,1.2404183095507055,0.2835377810427159,0.6661905903293339,0.6366303562751285,0.2575783718239407,3.7262445190153537,0.5288982437439096,0.9450723178312999,0.27681010285976526,3.9900995455574133
28,561,0.18143452206126034,1.2955030850512936,0.26403201302553986,0.6692824016682815,0.6006625789604444,0.2500940923055127,3.6193515782248653,0.7372880833487744,0.937784996974718,0.2711973525517326,3.8882615509791663
28,562,0.19163141922115848,1.2021292259660559,0.3841050716144349,0.5857394773163948,0.6533172862208187,0.28772049120999166,3.612507046661707,0.6220475082095338,0.9519731086938303,0.2732502223986871,3.873153312489355
28,563,0.1859087960731037,1.1811490889141505,0.4905414374825764,0.5912402308409442,0.7001773538397327,0.23986486136286395,3.706281338908718,0.5098347752541826,0.9531257454320503,0.2770310188392652,3.9232133765031323
28,564,0.17385022371162004,1.0280307144067269,0.3585950990753155,0.5060479695753071,0.733468144807394,0.3197888249192971,3.568548841066069,0.5390522805964107,0.9572725662706784,0.2761238377219737,3.9026887742852545
28,565,0.16885889580220514,1.2108789404669253,0.023881690470471683,0.7848197613635854,0.5955762732720555,0.2977212705488047,3.559083982531933,0.7054831582164063,0.9317377558035407,0.27804315290185955,3.926544691915409
28,566,0.15354682304469655,1.3414081559325277,0.1365378193108382,0.8486605046937642,0.558715919778908,0.26227444966945684,3.5983437129624303,0.7504055670950366,0.9208510759067435,0.2730343465156214,3.8764169946624065
28,567,0.18488394843008954,1.2963702532178714,0.3105922122698518,0.7219694329332031,0.598922139608713,0.2777330473161004,3.6188878682591463,0.7065425895216638,0.9371110788260649,0.27041032096363204,3.8910478656432472
28,568,0.15720029840671068,1.168079028245042,0.21730926332678518,0.8734670692937098,0.6316542064869827,0.30088724584382975,3.5345167929417483,0.6567040913594118,0.9299869898014727,0.27655395241060693,3.856985524623937
28,569,0.14061674816116154,1.2555722250724919,0.1450680620688889,0.7725222943902372,0.5729944406641119,0.36246808404419795,3.5281685845143054,0.8106779486987858,0.925454862118287,0.2746771550768191,3.889347163020157
28,570,0.1670475863056523,1.2974863112518502,0.28422344999852556,0.7251415829758272,0.6078989908935927,0.2724920557690591,3.6469240395915796,0.5923206170894826,0.9388551280607313,0.27767980270441306,3.8747592660678345
28,571,0.16110652960882135,1.1825317657421879,0.10017285716442888,0.8522550163945747,0.615350423104405,0.23008667804566446,3.6071499537137917,0.6808069507073425,0.9291144128880413,0.27267314783248614,3.886421680657443
28,572,0.18421659369164234,1.261547377644453,0.29725989653658885,0.6589335818006692,0.6167779645880741,0.281809286816766,3.587133323466537,0.5928016445718991,0.9380184500547489,0.27107131413775865,3.8851784663361313
28,573,0.17711387675452755,1.1857655035395047,0.205615554189702,0.680439711304212,0.6389034523612028,0.27641636594359686,3.5210169041378934,0.6518621038628837,0.9380510444926381,0.2755040833974719,3.836556783032357
28,574,0.20239830209209506,1.3960332752626048,0.32715684640912884,0.6850714901035305,0.5702773519437868,0.3158500061937535,3.597722023143813,0.5662603567839285,0.9376891551105896,0.2692370437463635,3.9111217676801955
28,575,0.16570066189102817,1.17470710760277,0.2640396391196698,0.6771938687929764,0.6618319822901101,0.25190092600260783,3.572418959910653,0.6719956946713532,0.9401134110233673,0.27679520865692586,3.9181078634256794
28,576,0.16091406157118157,1.2124446775342597,0.23226075488372047,0.7770093531058535,0.6393815521568768,0.21326622897209072,3.714579364352705,0.5924507324139642,0.9411331314067741,0.27687153846898427,3.905292334670695
28,577,0.1811992904131173,1.3004777328903432,0.32465312015887204,0.5236597232698171,0.6267456884337582,0.24301177227971932,3.630591124779062,0.48082943348067314,0.9514212727000491,0.27507935598086997,3.866348812671334
28,578,0.22866366260535442,1.1387861827923955,0.29935977052840357,0.7120601894882141,0.6696855159105684,0.282463405151716,3.6010536217533815,0.5875302249738311,0.9436733087433241,0.2818990122783732,3.8257787155172664
28,579,0.1666950102953445,1.3179777614180932,0.28205675726555707,0.8199872075247961,0.6238468179020586,0.14903998016245296,3.7266973772874454,0.5942069262120347,0.9238170623301638,0.2793683472658104,3.8635481099613527
28,580,0.1330128624469541,1.336946383048205,0.26568165643284775,0.8147856590077327,0.5751253328702789,0.3064370875816913,3.6068449515190473,0.6952239428395685,0.9192935694815569,0.27591234705222834,3.8720929601027434
29,581,0.14829235105080263,1.1759837963830526,0.2037050542862579,0.7992495997129925,0.6347078409755121,0.27587730436252866,3.577332429186886,0.6261853183448559,0.9323173710621303,0.2751970006689814,3.883372182339792
29,582,0.14686747462441893,1.2992967668624398,0.13015280780885194,0.7532368185040725,0.5788084657830789,0.27599253021936915,3.523047152516985,0.7774739222117811,0.9204504634812121,0.27559647748340294,3.8523278733291257
29,583,0.19323526114798545,1.2933172017232921,0.0505597978551122,0.8014150314780931,0.5801920121361819,0.1656454845320605,3.619947250604057,0.7132540095441472,0.9186782801727278,0.27466425975872427,3.7710131481746507
29,584,0.16275979370362686,1.1919362506685525,0.02258997643403694,0.9977046571259125,0.5741990692764095,0.3059294971826255,3.585899351990643,0.8857667284797357,0.906599363593125,0.28287275865184025,3.906252998528475
29,585,0.14574136024183137,1.260119127040677,0.16218741811052642,0.9216781490323733,0.6047943295774326,0.18381093345330385,3.722179324676788,0.7030497665504011,0.920834177097853,0.2769903491808028,3.922291615971943
29,586,0.24948197137149844,1.2499302867432656,0.11660115808899425,0.9618544197315938,0.5716996240072676,0.17665707278073875,3.6874265597402225,0.7044849226810168,0.9173566758508869,0.2619759094019424,3.8373602983132558
29,587,0.1409664053660094,1.2377776558011686,0.06109797885167956,0.7879991492565546,0.5725781275190343,0.32099601075131245,3.561137637949736,0.8507265479630137,0.9257986348185764,0.2746789571085895,3.8965424233265757
29,588,0.18393238890708857,1.404841393864147,0.09323915487842005,0.7491998941244884,0.56066374000726,0.14686860025016446,3.694270783967175,0.6952118291026675,0.9189090190161947,0.27797385155485144,3.798669785986417
29,589,0.1893447995514702,1.2068057094980054,0.03073646732884484,0.9354260404420259,0.5886882858047573,0.1776224990728277,3.6155905014076906,0.7431680122430655,0.9177721656544271,0.26877827640839147,3.8594561866461303
29,590,0.20406660348825448,1.3554148687837217,0.09055749515006764,0.9853035689362611,0.5442093227479654,0.31215545451933974,3.669572541715264,0.7617047221424628,0.8970042445288575,0.2873063248362007,3.9469087538947973
29,591,0.17851695985275148,1.2332392707509607,0.07514512449357118,0.9306408509777604,0.5761104845699165,0.3185686588395237,3.549374452559433,0.6984081584473528,0.9152544188492641,0.27977350291323655,3.8259156790139945
29,592,0.2066085187129679,1.1165271214289938,0.1407297268814121,0.8266843636343302,0.6333321443319544,0.35644617072195445,3.553163370602322,0.758576460272635,0.9290775113741411,0.28470582642778997,3.912364758256163
29,593,0.16256172124090393,1.3490824734302844,0.2011881551643116,0.6945656288208213,0.5601149753998046,0.3363821647104971,3.5520241078872425,0.7583253681886934,0.9315495735043633,0.2745698599954155,3.8626192455504595
29,594,0.23838865531616632,1.1923751990968599,0.046526220488867745,0.933735626593123,0.5738562789093322,0.43411671402805724,3.3822514714596648,0.81802929712248,0.9116410914938207,0.28779895534232125,3.81399357982441
29,595,0.1961220169880551,1.2775762788972562,0.3051366618259238,0.6517414890701493,0.6135338296326841,0.26173285139463925,3.598506978323644,0.7396406854690509,0.9374298526128836,0.2703140528960529,3.9147120984389
29,596,0.16880097222478085,1.3071946537388592,0.2705262045789355,0.8459639717808685,0.5972982850675728,0.24096606704919496,3.725506001287582,0.6388660155128583,0.9224260469347387,0.27408642063061156,3.950374328236017
29,597,0.1773330942541526,1.284640534361414,0.2263956574951858,0.7210520941630182,0.5710727180799334,0.4023279701497984,3.5095973220396557,0.643133624948629,0.9347197072222786,0.2711122624626652,3.8901653059150334
29,598,0.15163453763931564,1.3739869880083075,0.17688782265841874,0.7467556662224268,0.5582585352344541,0.29245703753310415,3.5665417979743,0.7269818489051847,0.9234135290040173,0.2751143102973138,3.856886888123826
29,599,0.2601018782135843,1.1646702737269328,0.25696255542658414,0.7608599841984832,0.6711387689924465,0.25121752078593196,3.7106053498194793,0.6384805659437074,0.9403455008690562,0.28457375126966195,3.9915917245576
29,600,0.18305624554080516,1.2526402629021993,0.11202251256345927,0.9772822160826358,0.5919451258440102,0.22201826995850862,3.6169265820460654,0.7515090270511988,0.8940265676279637,0.2838750489153065,3.8245177113571707
30,601,0.20748776935750807,1.3287913471792416,0.22928682943951523,0.7430139875521847,0.5901858748761338,0.2470552636184391,3.745105046128421,0.6941727564027689,0.9346833602978262,0.27527108593293226,4.013277597314001
30,602,0.1796687414384312,1.2829371252666584,0.185805582861381,0.7693124168787994,0.5958678625106734,0.2653506367224103,3.691816367239936,0.6793621420656737,0.9318470960707327,0.27894610177003404,3.9345902207654064
30,603,0.19419668066739731,1.3348925154003537,0.12873666112880977,0.7593100745120958,0.5531226483652422,0.39278822445287226,3.493835603723717,0.7188503931702172,0.9248552228453459,0.28198204817128825,3.849348117142726
30,604,0.19362639416803173,1.283187287040922,0.4943638822216615,0.5056499165722175,0.6486074567787041,0.3303556451174395,3.5800822193103983,0.4354384259733588,0.954501295926053,0.27826291038125633,3.86840708677967
30,605,0.3652421819750532,1.2940463337295434,0.14105449024674596,0.9145226958431989,0.5524772263940287,0.14678434355606673,3.625151291276946,0.7633731989357724,0.9186582711696986,0.25475876670114783,3.7169225786273743
30,606,0.21662168250473857,1.3473564503580353,0.05587172726355939,0.8830076256006286,0.5207538425683703,0.29675886121055806,3.5982988863577416,0.8335843668840197,0.9248435043670215,0.2673097044771787,3.843870045538393
30,607,0.14998017047038387,1.2584207528000815,0.0001395140484455811,0.7316592811406274,0.5676610255659589,0.29252026130703646,3.5740147825416546,0.9032049367620945,0.9221692404366403,0.27558463738183847,3.935481993229979
30,608,0.16859700190518329,1.2135850944520943,0.22371666273321558,0.9060120245055581,0.5961602668976109,0.3913197518935113,3.477206053584907,0.7383653054159725,0.9226865935452906,0.2801731491268678,3.8685128774625825
30,609,0.15067147802354391,1.3077013239729147,0.07856196562519427,0.7948406899749765,0.5562360619221935,0.2800536012041438,3.620163134877321,0.9303064472371289,0.9170467895799849,0.27494766426388706,3.9400085796835826
30,610,0.19214631891926323,1.297845959479015,0.10012281258425342,0.6722393895854295,0.5539165789403195,0.35011568099756396,3.540930273393869,0.9484609732754085,0.9279684380031961,0.2705806468781992,3.933204012085498
30,611,0.21222720119853017,1.24977927624527,0.023411534644928976,0.9674094026214822,0.593597383102723,0.16150635247410258,3.7690938695319445,0.8208668909963353,0.9019744021204537,0.29037900377046244,3.8783508227615515
30,612,0.1990912365939429,1.3191221091649474,0.008411381003560725,0.8623952161512051,0.5290089375282646,0.28950351042096034,3.5309639997951257,0.9027898214085397,0.9083494384802314,0.2691760514986354,3.8124956982690135
30,613,0.16245958265935906,1.2011480270254031,0.12468778791657845,0.6659144605055916,0.6112712288378298,0.3068782312260975,3.5933599318924525,0.7503450479389215,0.9354642387869468,0.2760632357038656,3.933165134682702
30,614,0.17017788770952397,1.2574145147837277,0.2099081093397866,0.6499861307247766,0.6149524285790522,0.28669223622351453,3.5730436828173358,0.6539042592315302,0.9385656515391829,0.27557017756569985,3.9356524169820792
30,615,0.3817325433281926,1.3926654556379978,0.16950517344384183,0.9780614736047373,0.4791066314176782,0.2817939131922818,3.5806273458568585,0.9968106282949588,0.9056865754480237,0.24582843720719644,3.779980048895098
30,616,0.19962709942257661,1.294151063234356,0.37442847595181006,0.7314481382994013,0.585823032222166,0.44089767540188013,3.5451645561488982,0.7014333678784206,0.93087714160381,0.2831555070856395,3.9163687802620712
30,617,0.3406288169153712,1.0433501836399888,0.13171078070682699,0.9934739819931974,0.6611749553647069,0.32450590572498567,3.530351241853025,0.8341445801316844,0.9172861038503145,0.3017463497076281,3.8251186734455755
30,618,0.20234646240902787,1.2956481560206545,0.18131494923634625,0.7299811022195195,0.6024386143145214,0.1677459926259135,3.8010317128372395,0.7316930493681149,0.930465958385048,0.2740416195707735,3.9959444034674605
30,619,0.24237347818102536,1.1675509935857695,0.07195349309565743,0.9138605441102131,0.5972388000657997,0.3453275445162953,3.484950216903304,0.8642943111477408,0.906941586103455,0.28905929891501686,3.812853320933017
30,620,0.19753720703760153,1.331517752785504,0.1675278394380337,0.7865306736552875,0.5532499823227262,0.29897292823057003,3.6219629549001,0.8537210459786003,0.9223255686692248,0.2693525928485707,3.9397770551533697
31,621,0.23263868209701058,1.131043068499887,0.4448536653646551,0.48242258829886075,0.6918748062815165,0.3201896288980736,3.6707132714459516,0.5171394001757542,0.959004335802714,0.27278924243085445,3.969466433406867
31,622,0.1762560741213152,1.4037190879144261,0.122478507027544,0.8674433237415894,0.5180208104539876,0.3196836795443702,3.6412569863100503,0.828887961157678,0.9102872414334836,0.270083899514663,3.937258756232583
31,623,0.2046353321567566,1.390722673148363,0.2808973295238106,0.6273887284432028,0.5661931515077576,0.2596825260930743,3.670042214575162,0.8528390542380628,0.9296793993168055,0.2697925305757746,3.9423340100547057
31,624,0.16314908700274705,1.3350505395997248,0.09013618812516702,0.912117352653803,0.5671870117053228,0.19983641824634055,3.7200087227990637,0.7672167679342161,0.910372603304767,0.2787010739494634,3.9568914588309596
31,625,0.2208283662731756,1.176417322625641,0.10263331267045332,0.7128492702546827,0.6317168689761213,0.28819413481340606,3.5003597437296117,0.8168437007157658,0.9289571765125697,0.2854699100070611,3.856447974766728
31,626,0.21480648457098694,1.1844434823467005,0.16482520752910573,0.5859829379055224,0.635657275033327,0.297469276242369,3.608301485316049,0.7762937464650967,0.9364713280101912,0.28141915941616163,3.95712091171398
31,627,0.17987170923074486,1.2681826359149868,0.034830892346617945,0.7522109525624285,0.527645431916692,0.4534061720413927,3.426642297257727,0.9849879430499331,0.9202664065364102,0.2706140656968268,3.857925285946459
31,628,0.155236272534533,1.2376537990407077,0.01856799328586769,0.9550406259098011,0.5313633488167886,0.35320812267512325,3.599058392761348,0.9271209033286582,0.902095433384979,0.2700238620247247,3.9149519236687196
31,629,0.16392516810922717,1.2435410384168812,0.10402800568403672,0.5296869343536337,0.5940963323366759,0.3524769825512389,3.538286600577365,0.7118502825053822,0.9345923601954716,0.27593280758726013,3.938032745560959
31,630,0.1958503612370921,1.2801253215869601,0.12661896889368582,0.5226108645274143,0.5719224400983001,0.43170353492359936,3.3285282635069455,0.8665507580180599,0.9311292247576206,0.27770374652251845,3.8006838449299125
31,631,0.7371299337533939,1.474551211646019,0.26561568029552146,0.9587690298262711,0.3914678930948683,0.3737735834773598,3.595282473262002,0.8168437443902823,0.9314187648309581,0.194193865712712,3.908379219019463
31,632,0.2174378555356369,1.2210893141733783,0.07895605309075218,0.6401183554800962,0.6080539398213927,0.2720612060973636,3.67746767361897,0.7745860738663186,0.9329578352723449,0.2817075004046208,3.9665201356706463
31,633,0.19404103808561646,1.3802761581103775,0.12288843432486216,0.7319813816896986,0.5362486376903307,0.3069321155593824,3.4883405283425013,0.8281191571006751,0.9118352758245598,0.2682232153266405,3.8440443839555463
31,634,0.16555491826088248,1.1478679547171062,0.08395673004781962,0.6715830300817756,0.6444827003640105,0.25934741715316034,3.540893030924853,0.626314559314368,0.9446369563345882,0.2764448309173792,3.9120231327019965
31,635,0.15956509887709672,1.280807235484402,0.2882340159922463,0.40267452685910643,0.6350238269515731,0.23473216117125656,3.545854371538946,0.6210882647094105,0.9473768963912231,0.27582209832744053,3.8883781848711165
31,636,0.12836935887726722,1.3293387251099569,0.16533617413423246,0.6782484136715164,0.5454648328559494,0.43203414263192047,3.4840593547235086,0.8613478080259114,0.9189382464166582,0.2767210614049081,3.8967780586143084
31,637,0.19794599661144155,1.282274887493573,0.010992717960879684,0.827166845522895,0.5618044209548609,0.32597011885174926,3.579010495812895,0.9111850177107503,0.9117036978665543,0.28695145240510245,3.905090189033653
31,638,0.13282582386602815,1.2160501041378673,0.10015625917425804,0.7305594807148583,0.5765060759401015,0.40026887173916714,3.463952520942148,0.91746011164261,0.9261171761780709,0.27589248609485767,3.897057179428991
31,639,0.25680348390835755,1.193614851053614,0.014393795477029691,0.687345964023786,0.571134878396789,0.5014284921869844,3.3606598638457896,0.8656927022552797,0.9238334065931474,0.2901567043115124,3.8403613405957513
31,640,0.19066319368015458,1.178633680560991,0.2219930327784331,0.6944604578583244,0.6465252015853228,0.22234825408652945,3.691187995043162,0.6787284667189563,0.9414841965340818,0.2735864370395172,3.94061489486682
32,641,0.16054676305990728,1.2782235094041583,0.23469655301124753,0.648671408060997,0.6005500988702932,0.2839963398705604,3.5485727431591387,0.7850332734881212,0.930798003076552,0.27336279956058795,3.8817821026349386
32,642,0.36970065235760485,1.218811784483205,0.0696266311553193,0.7936426469180272,0.5373464645128851,0.5589110573481795,3.3213296566187607,0.9995509230869756,0.9161330834522314,0.3052633135954716,3.815399023142743
32,643,0.13837449444638478,1.3295146527375068,0.07470526820823763,0.8473015078399181,0.5272684908756017,0.4029038442151941,3.4628223488722125,0.8469133270495257,0.9073717955268341,0.2756007036949173,3.837738809703322
32,644,0.2076316811134362,1.3303890045037494,0.0746457571125172,0.9755966410354235,0.5072419141544143,0.4525506980322144,3.421856068768771,0.9494477365443775,0.8831910258538102,0.28623477407901177,3.784231969756288
32,645,0.2513305053061887,1.2632930504908237,0.08904814444232997,0.7413569341175091,0.5457933538237696,0.30192910551613406,3.550248946759371,0.9881812358377161,0.9245095123512879,0.25951387703789097,3.8854768222394944
32,646,0.15305168977246278,1.2240095557344761,0.1379880244899806,0.86090030055481,0.5677837194342603,0.3789480196445666,3.5196487499525393,0.9903297368600706,0.9188094932917975,0.2796747561470211,3.882534081854635
32,647,0.18533287408481064,1.2414776544397144,0.3494409557621125,0.5762653240837985,0.594018807589,0.45485754417049085,3.445612685986884,0.7787495229219844,0.9377081539787906,0.27140595572860665,3.877548548411853
32,648,0.23664303653411067,1.1247742141179198,0.1514566348442252,0.6723527939812173,0.6217753484078737,0.4310891775866021,3.4017679070209788,0.7209173660025817,0.9325361469232764,0.2826443517158407,3.7943098510445723
32,649,0.1624356433848833,1.3044553195969533,0.1856954721424597,0.6988266689429039,0.5756370528398703,0.32971931322194015,3.561303880206337,0.7656948053320937,0.9279908365787846,0.27334139611253294,3.9142595549118075
32,650,0.19670664545797792,1.2961088469193518,0.0275187296938162,0.974945405445881,0.49075991191508883,0.5448266359749965,3.3712160926373933,0.9913045002707588,0.8880256001900951,0.287098364213432,3.829160372198318
32,651,0.17539398072304374,1.316223827274276,0.08675520952042674,0.778969582581573,0.5510976431635736,0.37036935951437633,3.47373316579096,0.8021248938533351,0.916663232209087,0.27909696635390724,3.8257978064806437
32,652,0.1791383962065076,1.2036590119492416,0.14321982183074927,0.6655417118477891,0.6043701390474202,0.3206545314505515,3.601215198873585,0.8235238102295184,0.9332981163312623,0.2747111890381707,3.9534880261159993
32,653,0.22777644490299934,1.1240474785007821,0.227881909357858,0.9891794851142276,0.6437849507538155,0.351001123260704,3.539841375718771,0.6872293532596132,0.9173324772088323,0.2902764446424032,3.8831121073675754
32,654,0.17708199736511313,1.3365201325115514,0.1375096771364762,0.6446915742528819,0.5856718978550497,0.2032869175135481,3.6645215518087073,0.8035761318473913,0.9290254679345354,0.27781915216598335,3.952152023943847
32,655,0.24868672258108288,1.3672274967216658,0.17522435549351412,0.5124974009560914,0.5337392668347082,0.43969228819340617,3.33315228882445,0.7835816586826011,0.9229181104669884,0.2678165814876118,3.769733215014198
32,656,0.2121424548477652,1.4457150305482878,0.29985686363253755,0.6664104018684751,0.5179278013290529,0.4261240613830989,3.559003370554583,0.7810450263784152,0.9225273723524777,0.2670166539149779,3.934778310649972
32,657,0.19257148676554842,1.2445126700136884,0.012669012982254913,0.9998328192083592,0.5341598594477296,0.4129057882064783,3.551951119734251,0.9452292944197951,0.8974737956543514,0.28914152161590473,3.8975327703531426
32,658,0.1585185889902939,1.2093584057452098,0.2849453241928412,0.7899374151831915,0.6066832316149604,0.3865925985647813,3.495083079977703,0.7026245411176056,0.9322856412112083,0.2761629457029652,3.854363450925932
32,659,0.1712103374842736,1.1737585768743777,0.14388048022904193,0.8377663006041395,0.6287166713627944,0.24156133796785575,3.6002436020394826,0.687558703319286,0.9315829577279449,0.2774030163149438,3.8454814179192622
32,660,0.15082070150335572,1.261917991227029,0.023727033428165734,0.5949587949231377,0.5513557651363687,0.3950691646932313,3.477284067004071,0.9703156948000617,0.9249523495291241,0.2753323767246379,3.8590497822739662
33,661,0.1633984047813876,1.2509993792868828,0.10600141656917217,0.6600052766951634,0.5567179209677565,0.45274210827824535,3.4347710492019985,0.8476544614218384,0.9302028933115644,0.27247939306872493,3.887278545219813
33,662,0.16670679182089515,1.256697223149501,0.09084501301537182,0.7725566419761404,0.5730981164677471,0.329215216471053,3.4522013293399016,0.8412451151393147,0.9183859324585739,0.27485475615113464,3.819269540314462
33,663,0.15774681966217213,1.1895874831996887,0.2402835848424262,0.5311134765264282,0.5865881471395842,0.4942196229392737,3.4147974420109333,0.9028343922815163,0.9348784074760758,0.2747169880952446,3.8778219765699893
33,664,0.15437917903206752,1.125444401316428,0.3743370603646678,0.5853462368519925,0.6526101829175511,0.4129033434811397,3.5018452930711392,0.750173582792268,0.9393083338523958,0.2765853963905099,3.9009420234293253
33,665,0.16577887650393586,1.2698076153215543,0.05084032049465338,0.9537078304780993,0.5630618294495295,0.2754152799378441,3.5636147615943035,0.9088396421312963,0.8973033811194148,0.2838095637418555,3.8650066692095897
33,666,0.15680842790355085,1.3282552731507191,0.019752555861233412,0.8618095984830962,0.5553452893237771,0.20116373953207384,3.6360014997105146,0.938844862283432,0.9030909157642117,0.28212650739285844,3.8724730573577397
33,667,0.1763045559987745,1.2952329399480644,0.06966104386316342,0.7652321374181167,0.5393712712457768,0.36997854897086235,3.5136134013120057,0.923062252629195,0.9222361413053706,0.2694750110502606,3.885613197954382
33,668,0.13579357996187047,1.2530045458306214,0.024156097123688457,0.8822881318241957,0.5498767163671621,0.33630370242399865,3.507364484019158,0.9468464349754898,0.9049003655485569,0.2770888159724427,3.846618789192823
33,669,0.17256450751121577,1.3064332982039009,0.32382494471413986,0.30849649123478207,0.603542683760193,0.38356871591769737,3.511865477729517,0.714137653417172,0.9421653046813006,0.27503524532256335,3.924203757759063
33,670,0.184007826044485,1.199367615857529,0.11628627006329943,0.73492159834292,0.6071442084865861,0.36103927254155377,3.4913977011138018,0.7173546743377758,0.9291065380511935,0.2814907795370821,3.8723479572424084
33,671,0.1573391331661284,1.2761196926466734,0.012957499384449567,0.8718086312103231,0.5356657120404413,0.3586460003960713,3.445855852913808,0.9913086333889773,0.9100367972269959,0.27371525905877203,3.8337476901130665
33,672,0.16506462117459308,1.17696129544319,0.17939020132170072,0.668094687612777,0.6067479054863436,0.37806013150410644,3.5386376899256202,0.8821948955510243,0.9322655904906515,0.2768909871343756,3.9341569428122574
33,673,0.1333046634919637,1.3253819139655079,0.19821603421103737,0.6960283501005999,0.5385460292870541,0.46272049576374286,3.442196798808105,0.9493051164386378,0.9174606046023674,0.27591671629761033,3.86711016107853
33,674,0.14413346446012953,1.211038603680448,0.24312577882370628,0.6993554374045126,0.6163519271602033,0.3417024608784627,3.5348378569262775,0.7767017479151086,0.9265479962385392,0.27746729574300133,3.8871354908737823
33,675,0.19640645792222827,1.1560782679950168,0.03363874690679034,0.7813453598657321,0.5719294182479452,0.4652050316523521,3.3156018750855702,0.9360643192774472,0.9235892727438783,0.27707713682896923,3.7728561015431965
33,676,0.20251057931366928,1.376146638756292,0.08462962247763287,0.7989746779450019,0.5116015181088759,0.37644799357120495,3.481869038196808,0.9054339138762346,0.9113835505114718,0.2670541881722762,3.8429748146186475
33,677,0.23218266858590952,1.2743473090750603,0.19283547062379242,0.6010893372899153,0.5950009779788813,0.34772329255481754,3.4662039231029196,0.73636031271865,0.9390828389359621,0.2807490180818388,3.791806133151902
33,678,0.20133523905365458,1.199968378085497,0.02262293725170379,0.9100040541421167,0.5431314266110145,0.48050479675355884,3.4150467103968642,0.9815974872991897,0.9041222052828564,0.2867334946714375,3.853232758550662
33,679,0.1758902636720351,1.175959826241888,0.08612391969707388,0.9316152874175583,0.6018512896652676,0.32691588689984347,3.5323114333889354,0.7784547714290615,0.9138932662140956,0.2839651186969133,3.886918933027887
33,680,0.1737848979558357,1.2040841945340048,0.15031329483873454,0.539989562918755,0.5776466745008577,0.4753778750998632,3.426122243457214,0.9688972793398616,0.931035234956904,0.27989105585252216,3.874263205764437
34,681,0.20077386286029528,1.2565605365268857,0.08589541134055396,0.7151388256458268,0.5558151210051141,0.43005721731292174,3.4181014814398143,0.9658708808619294,0.9192878747790001,0.2813901069675488,3.814974146411764
34,682,0.2603189782490844,1.4146732023657618,0.04033463980789748,0.9153138083931648,0.4665328547506824,0.4088124044119862,3.451508666057178,0.9998513312540629,0.8946054883615011,0.2584285522549653,3.812269111696297
34,683,0.16556707934005213,1.1706988441714143,0.0019412594236381854,0.7990995342962738,0.5760763587560642,0.34653052636825016,3.5134977051394456,0.9297785457563835,0.9232525586430171,0.2715892254927178,3.906893522474222
34,684,0.16437370964545783,1.2581077097598399,0.13899706379232088,0.8073258519941741,0.5747348369598082,0.3719487768398032,3.4979322136291007,0.6785781955726918,0.9330204282404365,0.27318576094746555,3.8821082177575006
34,685,0.15338601875967162,1.2183206055576141,0.15940670923328012,0.6287935599056231,0.601785180623364,0.3472790940922558,3.505776782399111,0.8896972969687337,0.9285689684995561,0.27851789789929804,3.8887438993046373
34,686,0.13776140631874773,1.2362043133416096,0.1707116688609663,0.79542939207861,0.5925840634516184,0.3377666104431447,3.5111866412461232,0.8428026577999437,0.9216378962700693,0.2777125523793432,3.8946631232088533
34,687,0.19871726400493625,1.2100790124491911,0.1828889196304416,0.5017657492874351,0.573602432042286,0.5188209808946309,3.3834456570315146,0.9974159091835022,0.9242122522109438,0.2855210637066834,3.8889398562213118
34,688,0.16065880399719137,1.2932642675493244,0.19704034574217982,0.615259051905462,0.5666240811007406,0.4176434327372198,3.427682252042281,0.8826733773686295,0.9257530141783474,0.27618930883647796,3.8350547856458506
34,689,0.24734705915587352,1.2546065791364986,0.2109372463167702,0.7720958169000915,0.5733100569718147,0.34675592103241176,3.478046073392127,0.7726137022720755,0.9311940648156419,0.26411818701179063,3.844161878652833
34,690,0.19022261586005212,1.2596454868462266,0.04075417311605506,0.998597417221325,0.5097029408671165,0.40380095252202325,3.4673159690890234,0.9642767891286756,0.9039131550269586,0.27123631620588695,3.790162382972788
34,691,0.17059446535908945,1.3021084058199588,0.3239778231155278,0.5949637439512696,0.595914135001663,0.34381553450411506,3.5311359626143437,0.7106488490478626,0.9349145230757017,0.2754310706683608,3.8428276201278875
34,692,0.18515899884480813,1.2131151276788124,0.07829520958484418,0.8800988990306455,0.5399872008957384,0.42282507752507614,3.4160486056605017,0.9954842014372334,0.9149650207688456,0.2737142092152339,3.7913153599524976
34,693,0.16226561814831822,1.2440546308658176,0.19231584850094646,0.653078706669096,0.596421276210274,0.36545847882603577,3.44890353906231,0.8292971653887373,0.9292474741593718,0.27695611821710037,3.8510421530543724
34,694,0.20486284619557382,1.1648957019116122,0.25033064363594526,0.4973036186387102,0.6369084590148228,0.3943088890471639,3.475004104470886,0.9068624289823023,0.9380053142145419,0.2836239563926576,3.8829763251590728
34,695,0.1716533342436957,1.259238128058782,0.328198390580522,0.76212155256075,0.595342363727652,0.40204858364464063,3.5332562441333506,0.8294981805807995,0.9274425512818117,0.2804352566860913,3.908444117832899
34,696,0.1614088337657067,1.2749362928407522,0.19163763709028564,0.5025887157767264,0.5503251502913078,0.5040178752708816,3.3795278075368413,0.9502156875185044,0.9311346448059983,0.2758192829449248,3.8462547094344686
34,697,0.15917616468587678,1.2297949971167166,0.16404504061828867,0.626597831840502,0.5640978991738496,0.4976159417204477,3.4372385163227435,0.978554216326407,0.9297815978652355,0.2793779387981359,3.893515759774221
34,698,0.15361407704539595,1.2385098248341717,0.3144142219472173,0.5460634191154421,0.6066281841881451,0.41452949737756734,3.4833562694336306,0.7988470974582588,0.9371940231262069,0.2751191861247412,3.8856927736267854
34,699,0.149021140675254,1.226632131682842,0.10941050954085521,0.7655098695812537,0.5609143014778497,0.4195978347682507,3.505384165023897,0.994436255996824,0.9177938065894479,0.27838534619883804,3.9162198690380117
34,700,0.16164186589414897,1.2621585781601246,0.13052136495948657,0.727870334107588,0.5769455055733358,0.351464097362698,3.5323943795010373,0.8402796267355082,0.9255456953032267,0.279211172617846,3.875272493594408
35,701,0.16942734019380631,1.241273400320337,0.2346623353855338,0.6666429893564221,0.6148503021610195,0.31023450234624694,3.5973157938530482,0.7197677432848808,0.9368907175529971,0.27741571683463945,3.9242632303215528
35,702,0.25580922861723243,1.163775409977217,0.04945175236124577,0.880926082809513,0.5482392846707542,0.41298222268038015,3.3973919988900514,0.9422531661627954,0.9139898374112049,0.2617555508387481,3.8201564296872768
35,703,0.14645715948356214,1.2968530466772203,0.2007296481707807,0.7744465177634577,0.5426574480429566,0.4590890869397768,3.5157830254772957,0.9007424067503405,0.920246322486063,0.2770176570260386,3.924695858900806
35,704,0.195045712007036,1.3256775435063413,0.05909375043206348,0.8836364800204297,0.5129108006855045,0.395320963249536,3.451060117345917,0.9640353012389593,0.9086301098924301,0.26900402526315104,3.8234633318761126
35,705,0.18643413047933713,1.2428176073401782,0.09215847888657175,0.5704907491955288,0.5477045584842386,0.4801692605397685,3.402058729569986,0.9329662343693648,0.9266686394214627,0.2712134386991993,3.851902245886207
35,706,0.21152567154484123,1.1919047719640248,0.19081016403871,0.704965400332209,0.6050053041268916,0.40830984336886,3.535657778060794,0.8641294455393299,0.9301889944477534,0.2848509777022787,3.917248922505138
35,707,0.23118150519339498,1.3276176282127392,0.014782028625359734,0.9555737953019111,0.5254044374509682,0.37255695684203083,3.3916231092267446,0.9711104529658761,0.8910591263465684,0.2853658974153788,3.7448229275559592
35,708,0.15232540072257697,1.1625390944803036,0.2822774717104212,0.5805321299578133,0.6469522990926284,0.3237863528843049,3.531231354239064,0.8470875766099434,0.9393924083540528,0.2757877655160871,3.90200814787073
35,709,0.16638309335585835,1.202874327408489,0.14505367942115618,0.5805018883836409,0.6275497303129625,0.2610000952366502,3.5369153459209084,0.8560149504174789,0.9362495068002857,0.27852877773012785,3.8818393643155717
35,710,0.23181572947575632,1.268219317897607,0.23830229466376487,0.45994060395682135,0.5677220538246922,0.5087412785094432,3.404493578618659,0.8778121262229883,0.9273526898518394,0.2877370689168015,3.8632289550647356
35,711,0.3583532275150649,1.1569384120234139,0.35254777377005275,0.46551279376840765,0.6300355946565198,0.5217945347492493,3.358637405836965,0.8936609972311036,0.9348899882033825,0.3019414734006899,3.8351784934503916
35,712,0.17154062590356536,1.283083116462313,0.12530025820038376,0.6830470752126374,0.5413067464888202,0.505205375597917,3.3949999767441756,0.935866438704019,0.9203867316925989,0.28142128881616546,3.8749261825159573
35,713,0.15049698402848072,1.2549855518244026,0.15402680210704747,0.7022380907299357,0.5395847879174218,0.5082695380131896,3.4435905092356114,0.9886970550186599,0.9155173648643921,0.27824387146290797,3.926494519748995
35,714,0.16039623718776716,1.3333262106433152,0.21033928757390635,0.7911418966825317,0.5301238531277306,0.45975015442110506,3.481273838095742,0.9999998400413095,0.9095865946465175,0.28070721332220117,3.860896981946188
35,715,0.21815528953971128,1.1306286382086712,0.196845565798839,0.6401037304001079,0.6438506433816623,0.3041773122665911,3.6365505480700313,0.8404504655753899,0.9364527715110829,0.27347795800496116,4.00454748229992
35,716,0.1751876803544352,1.202504263390756,0.06370442651663491,0.8483249303797052,0.5463974767689307,0.4495516093080532,3.445546093533883,0.9817629661991341,0.910325727973893,0.28058154288441794,3.8320882437521986
35,717,0.25682946086960723,1.1849582229811197,0.2318376003797913,0.714434441365404,0.5805371220183041,0.520921864605259,3.3697567694839,0.9034753219967739,0.9214487732830084,0.29234557778085074,3.865521636703569
35,718,0.15245379312170765,1.2470158790256856,0.19136409369001484,0.6271819932025087,0.6049057505740101,0.3111075872191865,3.5471553200154764,0.8194811740789305,0.9296526660445921,0.2781183980544492,3.8874972178061697
35,719,0.21274416195034074,1.230992600768798,0.07578146581950365,0.6120295274748204,0.5451842393149041,0.4896125476630207,3.3475067313904097,0.9738802370247717,0.9286588395483062,0.26847548710938446,3.8440353790928867
35,720,0.2050530311348002,1.2464945743379925,0.18582185280019803,0.6174700735142933,0.6063991427494414,0.33293054561874436,3.5941145118870974,0.7362038966493949,0.9369288036909854,0.28175628907609856,3.932294099483933
36,721,0.17313464248910188,1.275790464707653,0.17634837061903505,0.8507760687554352,0.5472084707079923,0.44259587331683015,3.506960985092465,0.959527875571398,0.9075223327884974,0.28430295291330177,3.881917347538711
36,722,0.11871120351774694,1.2853871892273858,0.09001803973309178,0.7939554038777479,0.5461730519397314,0.3831458028487343,3.5304492814931643,0.9495127012062103,0.9089581893935751,0.27623344531568383,3.908558346072776
36,723,0.1979964206846498,1.2111846128579238,0.4359276339485584,0.3044578490400308,0.6583870753360314,0.3588734593119126,3.523913593621341,0.704555446966365,0.9499614583735724,0.27892815098280493,3.858502259823078
36,724,0.1752408017831648,1.2335754524000837,0.22758297770739078,0.6153487310576136,0.582113112536162,0.4294356153272451,3.5216874647930005,0.9769516688107107,0.9291694710234768,0.2749068140614035,3.9584659444358494
36,725,0.21962252181834363,1.2689020482156264,0.3576500726785247,0.46122742513172293,0.6241431004523306,0.3762087009549351,3.512831407766897,0.6557941006282642,0.9420920847025801,0.282771264992156,3.8519251731601956
36,726,0.1500271306137093,1.1960035212395856,0.03600246650613875,0.8152816395564939,0.5788389293335192,0.3097448283602572,3.5212729266414815,0.9598578980165451,0.9232893877839903,0.27447674853366966,3.868713732951214
36,727,0.1455872020405893,1.2020223015138265,0.07381128357716013,0.653506184571832,0.5600423723789266,0.4595223536809792,3.457973633706394,0.998193511702859,0.9203915042088113,0.27485739201284043,3.9208952466423668
36,728,0.14800334425356493,1.2028583606450227,0.12027446461355032,0.6804549088369672,0.5731652981275835,0.43624563108783565,3.478873900621881,0.9890571282498156,0.9227759628755168,0.27830936012410523,3.9034782001524038
36,729,0.16196179888552983,1.298554702563964,0.4834190370842677,0.7881829663977618,0.6186136994086956,0.3173619797455436,3.658086094674697,0.6834886837769082,0.9316744583460199,0.27519827825463283,3.930780296788331
36,730,0.18505321113272058,1.257070590236574,0.20689023048751412,0.6058201788655557,0.5675248097469665,0.4632583423280471,3.438946534799114,0.9564392115000271,0.9310386311481442,0.27974658329337576,3.8502997039968543
36,731,0.13235155516772495,1.365630443661454,0.20913961802771874,0.8238794276228376,0.5279605534129064,0.41723841762016534,3.512199065027498,0.9746796576309852,0.917458402040408,0.2743874314080504,3.895469170333636
36,732,0.16054103918975687,1.2795833630161924,0.1383265373997462,0.5911086231698212,0.5303020199287085,0.5429821041077344,3.3965066474675525,0.9990582218039825,0.9251557585172888,0.2789775631107537,3.9128059023296196
36,733,0.1672161133621853,1.3213522284373498,0.10261737299749626,0.9159850396346167,0.5182836524672964,0.4272288757541453,3.578254450634934,0.9999820265641651,0.9060866141792353,0.2817186915715407,3.932423173117054
36,734,0.16732876007879513,1.2605894388120522,0.12402032245628185,0.6926336059221059,0.5390950364717724,0.4824144344173088,3.360180100176682,0.9993315535267933,0.9175680113661627,0.27553133143126596,3.806573223050114
36,735,0.17193245513145264,1.277148834594159,0.011067745241423243,0.7328729680001359,0.5438283423089796,0.3514856513050795,3.5006567261228203,0.9482475880451537,0.9216211860541541,0.2704159765683964,3.8793906242673444
36,736,0.17373486520416995,1.2737668531131594,0.007998290546068843,0.8197055475074506,0.5520953137723703,0.2908926112172036,3.539159925697165,0.9995821154488058,0.90759445538551,0.27947368728616856,3.812803159174372
36,737,0.20669947291973587,1.299031418386329,0.12449152298004633,0.649644382324584,0.5217523651704252,0.503459867361779,3.4252225901514626,0.9980199293998482,0.925643468041431,0.2816832071875296,3.822668292546003
36,738,0.17330737359730206,1.1990056085350205,0.05162446557552238,0.7177904711175254,0.5841676861075378,0.3424113242568389,3.5627047335356767,0.97745245270615,0.924702597673209,0.27875570944074524,3.9418610637051743
36,739,0.14210978773684135,1.2762439893873847,0.018946608856758897,0.8310028056854675,0.5180546313903335,0.4576815689450709,3.4588209147618905,0.9996683669656611,0.915618146327857,0.2725780106050487,3.892687946462536
36,740,0.3286070091843456,1.3380507874164869,0.039448245206049136,0.7875745458255029,0.46373455613925574,0.5215237661573138,3.416713891775702,0.8737585645521473,0.9193425601946895,0.24759281289605442,3.8909343848463935
37,741,0.16101543315650424,1.202453675433527,0.19461935482649928,0.7162249578826285,0.6068987233267026,0.3551965295057642,3.5258541282177505,0.8282628352211163,0.9321334673789867,0.27896195895556203,3.888622224943224
37,742,0.20049060214127973,1.2226603464901071,0.14416249666601255,0.5532510081467802,0.5474986709837432,0.5455539929896559,3.3762140586173164,0.9983515034200832,0.9291852821475794,0.2833781957449012,3.9189266116243195
37,743,0.16865464074673164,1.3300046088184216,0.2206112521448203,0.7539600369249341,0.519356707944376,0.5114740156183172,3.474974715175728,0.9961147279938993,0.9197378609529213,0.2811145397635084,3.911323993414321
37,744,0.17868443447502752,1.243742181130083,0.03184172954303055,0.866843526308118,0.548682897032684,0.3568716417558832,3.552964223665958,0.9748059938336004,0.9151074667402652,0.28135402814286836,3.8475341102625
37,745,0.18340641687615108,1.2503441934340922,0.08789778039258142,0.8041039718111594,0.5890521481530256,0.26963655347385074,3.622751859352981,0.9009959679858088,0.9142109187364218,0.282686926251044,3.9309858508935362
37,746,0.16360710187548116,1.3691472586459401,0.18050944185893675,0.9081002450484306,0.5365697518919218,0.34072282053428204,3.5781542662587977,0.901245419273439,0.8917988566910549,0.2829397841612908,3.8438928148006917
37,747,0.17328622887257789,1.377547488668597,0.131971910727038,0.7570101919591562,0.5090276296865576,0.4354044900968401,3.4904493947079223,0.9238822613058613,0.9138100686987958,0.2701362417793617,3.862150255951332
37,748,0.1553152477266978,1.2152552726353507,0.17046414549223216,0.7669002264163576,0.5785708837951271,0.3929033167638916,3.513012964825325,0.8550182040337916,0.930153573800794,0.2756939903737336,3.857553151668461
37,749,0.209509335053568,1.1635345016207435,0.2744697077651346,0.5693236938746321,0.63669415754359,0.34672902493493035,3.5514531842913524,0.7888882213974584,0.9444233666578347,0.27128828250174924,3.937902923023258
37,750,0.18642575116338206,1.3370695090878653,0.06299809211105542,0.7696180749013968,0.4927326806639972,0.5137453622695045,3.357470916018813,0.9899562107601642,0.915502963517576,0.2727092705607362,3.804301940318564
37,751,0.14668203889058928,1.2914177140442178,0.1944033767513398,0.9847096055668851,0.5612339002610403,0.3174986325619015,3.5508841752755265,0.9209956345082886,0.9072067844149505,0.28073180942552306,3.8822866946325547
37,752,0.17199012681885018,1.2486627794404175,0.13735537572044598,0.6478874964140575,0.5416018517599591,0.4776112844806219,3.5044231382132933,0.9899680265570808,0.925330785054107,0.27259121217187604,3.928593418165589
37,753,0.19540936614670076,1.2630388850589016,0.06271011637589655,0.9595543060952997,0.5331677671427535,0.4226989376416392,3.5118061649053063,0.9882238093623035,0.9016779871322906,0.28745531711640915,3.8691439590591825
37,754,0.1557349258477908,1.295194357892968,0.21907983117396893,0.757295763931437,0.5802067577088902,0.314395584262553,3.6226587503373406,0.8671410866130105,0.9224811325963105,0.2762178622469223,3.948728656767932
37,755,0.14937104561947634,1.3859790179880422,0.09242640651530207,0.8002880587872188,0.47302514185132605,0.5277422157519802,3.4243559478794348,0.9771706083511099,0.9051610626930922,0.27392080142585196,3.8347788104685483
37,756,0.187981981991942,1.3134783890564727,0.003831251457293212,0.7798410228963477,0.49047766779181234,0.5075531703805587,3.4346395896259576,0.8875505519420548,0.9173821557861475,0.2666026463535648,3.8918700809589657
37,757,0.16878438986636923,1.319123398350204,0.03531188588147242,0.8406405201972206,0.5171665744272622,0.36549067433008964,3.4818446781972456,0.9999896548341483,0.8963330570633523,0.26868816108417165,3.8498315322733125
37,758,0.13282509227405667,1.1856190416384607,0.015713147484558043,0.8710393622622998,0.5523667093104512,0.4307572053257459,3.498361643690654,0.9768529032935453,0.9080383119259569,0.27809230441001725,3.911996341179555
37,759,0.19438594346071258,1.2748364319690477,0.16630692510439013,0.8469715985189114,0.5352205466402683,0.4501784337234679,3.473422602175405,0.9805781690870291,0.9122300841316682,0.28311060680256117,3.834914184145508
37,760,0.15444492478806016,1.3900211307691979,0.16278453537966658,0.8767286288679441,0.49577590964054696,0.46100903081257594,3.461717922819939,0.997474310909785,0.9064472013176307,0.27271298107834185,3.8449933989636618
38,761,0.18349034368004083,1.3537560742037509,0.1943357679127486,0.8708073282220073,0.5405330222547402,0.37637987821964536,3.541052227354503,0.9512714335318457,0.9072676526786678,0.2836104163717252,3.851386847343812
38,762,0.22911501928782127,1.241141594848269,0.21951889690978357,0.8553144942925499,0.5806215995654326,0.38983114599533003,3.5749399587602477,0.9152484884012981,0.9091113296611543,0.2923915126867424,3.8908150364671243
38,763,0.21212207343591633,1.2165390633942321,0.20773844849514206,0.7676900856240751,0.5915401509627325,0.4086162950171183,3.524900581740921,0.9072832855932881,0.9173896839052551,0.2879626231238444,3.8810825836548433
38,764,0.14042043017192252,1.2718538613645924,0.12124016618796393,0.7887312638178395,0.5893788768054928,0.23982256375959304,3.5730982635504067,0.8154656136465457,0.9251926417684789,0.27562150535180197,3.9102135904075466
38,765,0.20836898533364434,1.2841532476251984,0.0612727624433372,0.8877447407226345,0.5411814556948642,0.4088948068455617,3.4832455847644557,0.9862003401418739,0.8954129365177934,0.2882059963392867,3.8396273321398198
38,766,0.1455074718121712,1.385809811219243,0.1770600251450371,0.8671069435337143,0.4997702760595585,0.4711219239636041,3.4587026842752353,0.9919425603807284,0.907121881488554,0.2775599208709631,3.839631632270973
38,767,0.18048820088791148,1.3120311787524679,0.16608172514395458,0.9223626323376589,0.5273797738779618,0.4408796287220505,3.5421325501089105,0.9944314859750675,0.8955191394826644,0.2876360778649782,3.8998892367525047
38,768,0.1625033370612143,1.2398281170632681,0.05602808380810196,0.9751179601837745,0.521632203869953,0.41134236806369395,3.4847805671856387,0.9610029823966239,0.8999732985924446,0.2707092842065976,3.8421948650158493
38,769,0.17480116870121484,1.304891209657939,0.008588091705286427,0.9982848670601374,0.49226164154172547,0.4679842447885626,3.4742161386901875,0.9773081808408881,0.8891061185395845,0.2845716713620933,3.838726362106158
38,770,0.14926494738312163,1.275575575392773,0.04360762541192533,0.8350847700166589,0.5446502767647413,0.3931240094012066,3.4597248465122536,0.9842667990766233,0.9066512942841424,0.27956671209530637,3.859506025809002
38,771,0.19828779333117375,1.2472955941965687,0.0681212264120677,0.9982650820514569,0.5593274321450913,0.2838974698483393,3.5867974272884156,0.9825660234211144,0.8948229235442963,0.28699030467643855,3.8407017085564603
38,772,0.11625530640651999,1.27969180291905,0.019578635542918287,0.9904363703684027,0.5003764624338979,0.4608882177261256,3.4719575026756955,0.9409268448529006,0.896664981388928,0.2756461442963818,3.8547248358420796
38,773,0.20366544427123698,1.3137847136239567,0.1591781480676781,0.6985059130778541,0.5314649554305023,0.4962330121714621,3.498929339752101,0.9465367137547971,0.9171603276237766,0.28707203553262645,3.901563097362117
38,774,0.1731320311218012,1.3405044473385028,0.0010162779791107277,0.778327688860547,0.49994461728964534,0.4488116993692449,3.467577408825907,0.9983894023336168,0.9164889416565967,0.26844621163047305,3.8933494405616087
38,775,0.1712013358311179,1.3082272805699753,0.4298017314017013,0.6227218762522367,0.6094769799747436,0.3585591160746636,3.609006483814964,0.7797599322889304,0.9347491616540333,0.27739014353418356,3.93316309069928
38,776,0.1316071307014861,1.220407304818478,0.018977139198337923,0.9937879177746114,0.5242090135746431,0.4502270975590005,3.503887998998067,0.9035054734821744,0.9016017006287671,0.2797043299410133,3.883825598786615
38,777,0.16217541383599102,1.3522592549225783,0.058154275823740886,0.8179132876478532,0.5181030287258112,0.38215781925031755,3.4782587090433044,0.9995041938335082,0.9126062493896419,0.27662583471380003,3.807037169376619
38,778,0.13333965456267682,1.3152580340786808,0.15015730089505108,0.8513364506018111,0.5492039147968218,0.31807075994561884,3.5286741067813017,0.9895940874310218,0.9034811860086576,0.2763794773516223,3.838019617504642
38,779,0.11928303646638852,1.306168457581696,0.08107671768467511,0.910657679942801,0.5152362024356135,0.4310950392708488,3.4738138563390213,0.9945344538018954,0.89821774674963,0.2752161337336289,3.8585844124330047
38,780,0.16271294106967885,1.3611266978244738,0.24132447538271234,0.9993487501787535,0.523186785440544,0.4199891229560652,3.565549976530179,0.8631712628605582,0.9008759785755123,0.28410474126059226,3.8836227138344355
39,781,0.17284044039260038,1.2229843231513373,0.0827376762702249,0.8487821746643334,0.5413883186119963,0.48021617342046385,3.5082721313295444,0.9419286784590307,0.9098530201963845,0.28067624813912334,3.949129681315641
39,782,0.1804454435178151,1.3340725327236025,0.10921314419405004,0.8657352266733964,0.4727877022361564,0.6100550686346264,3.3232883182402926,0.9924489151049531,0.8993575448899425,0.26926386302250715,3.8261959478611764
39,783,0.11496029162227685,1.3192376021911618,0.057544006854943694,0.9962350782101339,0.5178899711869518,0.33737796542247467,3.5689288830694768,0.9875699109815064,0.8832735103119607,0.27836877728437537,3.853862270168828
39,784,0.20719720436464534,1.3401769057545234,0.053573686872681825,0.9532852680522146,0.4801987670322808,0.5140563655242325,3.3834418012649885,0.999700084916163,0.90567416335512,0.28155002783926003,3.772395073535269
39,785,0.23480707032883588,1.2663325605084532,0.06995866443972083,0.9971977111219408,0.49749044445151,0.41830376092250054,3.575358710245272,0.9001992492627018,0.9064836842565167,0.25984099363299396,3.915784556907913
39,786,0.13148010404211452,1.2349647946722713,0.06100022588662159,0.7861742545977298,0.5394732788082373,0.45997322794418655,3.4607413261566347,0.9950179205251551,0.9188670080098442,0.2751468808196811,3.8848603735436322
39,787,0.3310609507381704,1.3048065902766186,0.08159151773347903,0.9678000309374504,0.4904605618652528,0.3479026676869181,3.572951652944536,0.8794513902724829,0.9107193421711054,0.24796537268027063,3.8604231881149986
39,788,0.16569119456996348,1.1996163147798322,0.2412702165265018,0.7145469738123188,0.6157381491091644,0.31587384644676975,3.5574168137065554,0.8210445114598423,0.9320112414949364,0.2768805239053461,3.849871784121819
39,789,0.13215072605215977,1.185234881957741,0.03264168257115251,0.8879471087129314,0.5592445181498003,0.3940710547583423,3.482351973562296,0.9944062551898081,0.9125097678306553,0.27762846808294744,3.879393302657563
39,790,0.1480259153950953,1.3650606728979895,0.20783732703456784,0.8385859531246463,0.5076797633389968,0.5037090219373017,3.4873528308188693,0.9676186449006695,0.9111910455016483,0.280722529189792,3.8969976823613415
39,791,0.18901136325502543,1.2561845382590446,0.11961450426936562,0.8785790210280593,0.5242721871199203,0.4659552555557841,3.416201282134733,0.9051901093704395,0.9175480779395236,0.2724211242174218,3.808190393423966
39,792,0.5698602300775428,1.2688441975081741,0.14419629444713644,0.670057356531062,0.49146066767995655,0.30491480049659553,3.576685301947292,0.8824267809703022,0.9436187700822597,0.22138451129047282,3.8486595011806535
39,793,0.1593735638640727,1.3149732766937579,0.2960792635890437,0.8266680541518877,0.5690325672364207,0.3776639433888632,3.482404759879963,0.8757552384989918,0.915572202403878,0.2781038374213255,3.8403822631080047
39,794,0.16810497752190548,1.208934539829698,0.02087408754282676,0.8321134795133757,0.5484868291654555,0.43706176186726015,3.4328852939787913,0.9746665630811683,0.9050668583352988,0.281046721816697,3.8399466127917505
39,795,0.16775397381841073,1.3317598477821122,0.010410569918038303,0.9970518825767005,0.4747541118317121,0.46771407220516237,3.5002416800461753,0.9276348462976213,0.9079930567228873,0.2704051812645396,3.8553103309136416
39,796,0.20285496727127345,1.3242225469920292,0.2326389270243668,0.8080689165568684,0.5252302254676976,0.47791874874384216,3.4412007390715003,0.9947723161254349,0.9130008690388476,0.2826498751678078,3.813761143336239
39,797,0.16837101187428097,1.3620624639027537,0.2069664825344657,0.8051718681266562,0.5341562055443254,0.36900011225406015,3.5368309205311856,0.8193583614171247,0.9183878211391308,0.2744943708767053,3.82111788189235
39,798,0.20734072721683,1.3370593541402354,0.3280458041489076,0.6268327831090931,0.5483854685204183,0.4877075720069922,3.451350017082566,0.9005786544265156,0.9267501650300997,0.28239991948308196,3.8341577077547795
39,799,0.12381680792381877,1.3418881649099448,0.18306506551751817,0.8446779323907831,0.5513998653219141,0.3089572526381903,3.57800714954048,0.9210469427549601,0.9114893064588028,0.27473726313595975,3.8880330754449033
39,800,0.13544678231895396,1.224119483922771,0.02465984510292944,0.9066363491709104,0.5515677055562574,0.34308385202272035,3.59629082784705,0.9690895342644064,0.9091761286525168,0.2767547388865259,3.9332636741731797
40,801,0.1547810192316771,1.3387976684115848,0.13306558589387432,0.9488211453546805,0.5015791424879549,0.47705913428145774,3.4342927670055823,0.9293522160527102,0.9029740047052128,0.278674545650045,3.827451581180083
40,802,0.14934754249487928,1.2109426289588807,0.1768777112499902,0.7729802814867044,0.5931586374430412,0.33293504535058094,3.5319604020857285,0.9043408432061096,0.9278532565155537,0.27416256538726547,3.885307037088412
40,803,0.13771147600415357,1.3174707053435792,0.046973991645702505,0.8884065872593101,0.5051289235683623,0.4316083274563217,3.487550471868211,0.9799729052155132,0.9010231121313046,0.27297341862240465,3.8610096856712794
40,804,0.2092313952686718,1.3016572278054133,0.04232971678892407,0.985550003613422,0.49805482782967925,0.4063750299458825,3.4533631916064906,0.9797364574343336,0.8976006397920294,0.2642671347938689,3.836470764097932
40,805,0.1888511765764535,1.1984913248899398,0.11231406618377897,0.9357596563341252,0.5781849919067297,0.32241689272683255,3.5377669341720335,0.9999546781584201,0.9070808183443415,0.2838880296661742,3.8444240215999264
40,806,0.21346019877970965,1.3240419641157344,0.008755707629857256,0.9560731954974593,0.4979141296326114,0.3786558711079091,3.480027271580175,0.9644205751582824,0.9068942379100076,0.2722569211942451,3.7376146104871815
40,807,0.14434194836559405,1.3613850340367373,0.1529155640174426,0.9457432712224321,0.5458522423696379,0.26988541244443087,3.6032685971091465,0.814372889054177,0.910545491068134,0.276687160124788,3.837720833984342
40,808,0.166270520630086,1.3255389317017627,0.02383301368892875,0.9102508240800192,0.48445915913755133,0.49959324595609456,3.4352295086454294,0.9659829643427366,0.908868440926128,0.271100986285438,3.850462476383851
40,809,0.11278554575054096,1.3434188904335684,0.07946912640564566,0.9994142909173552,0.5107794357701981,0.3511965494738958,3.56936575590282,0.997729511529024,0.904108922327614,0.27628046354549884,3.8781224288594154
40,810,0.2882098600835844,1.2283987624037138,0.08275428624590217,0.9633418617971164,0.5307029922620133,0.30386988233151146,3.525984946637937,0.9634106176160565,0.910830655457984,0.25551797552142663,3.8375671879752127
40,811,0.16531269753860667,1.3582245526519097,0.3309185604563529,0.8371621209228135,0.5631139753069693,0.3260364561731721,3.629847427810453,0.880245107802871,0.9209949832341167,0.2796310788102363,3.863242363523851
40,812,0.13555940745871925,1.304686885170805,0.02483176940183024,0.999163521496642,0.492274335458881,0.4574750277115909,3.5059166387596044,0.8990115222808591,0.9026122220216939,0.2723191497228903,3.8782012363788474
40,813,0.15795482815325879,1.1276849091906767,0.14755157748968947,0.7796093037133474,0.5948601577935793,0.42718314380590183,3.4851668342060416,0.9908329592044973,0.9242555656995999,0.2739683876666794,3.9232524498353443
40,814,0.14906534458910722,1.3105590282159594,0.06440642221221073,0.7812699063953876,0.5533418225917532,0.2839924454031766,3.572894621657152,0.840579663125724,0.9141089125108092,0.2727131338391997,3.8736586937962385
40,815,0.2034559674796127,1.3355639777120851,0.02548859145289465,0.9908445276847075,0.5270536308446464,0.27824274905218305,3.5561686336269602,0.9587381442109892,0.9007207740982025,0.2817302439172649,3.770455354669538
40,816,0.16269996230763928,1.3254750732304814,0.19099192191326386,0.8298587156610197,0.5407969979695668,0.3884617789279916,3.5503797595542963,0.948475395242946,0.9220405301114065,0.2794412458271411,3.8681335547179487
40,817,0.16499830340422925,1.1380822062167366,0.005878124934273032,0.836868284891487,0.5834156458398546,0.35061665038311945,3.5262877905919767,0.9997141910261848,0.9114897635716481,0.2827165968919635,3.884801471008511
40,818,0.10308645250128975,1.4151904215916513,0.207259787864818,0.9389761445156273,0.5302713105045826,0.30093195319403787,3.621944532757803,0.8222990956837231,0.8973049555607988,0.27486935447295513,3.892834586333494
40,819,0.18541033113571362,1.317306313838436,0.10077340381501987,0.9793240279280877,0.5368092081929373,0.3306548397425938,3.5493750750523168,0.926124560592541,0.902608927553622,0.2824138043744895,3.8197071048645803
40,820,0.33238185475102605,1.4243503824885402,0.03244321679319014,0.9996937124734544,0.4390633083990254,0.4441914812161694,3.499552539604787,0.8185418111742304,0.9026516912270278,0.2472610516345443,3.8486263690195366
41,821,0.15193924657802046,1.363866851066054,0.1409819828396826,0.9605622270238954,0.5242687615895736,0.35822039066721384,3.5995723682311747,0.9834382195288529,0.8934368163696946,0.2834125074636522,3.9088378541152453
41,822,0.11385912754913691,1.335935266224213,0.19960400112045082,0.9225870813561106,0.518172554391459,0.4305009354470134,3.529608284696348,0.9792563156401626,0.8948972411393029,0.2775638181690253,3.8722573309897674
41,823,0.16668210962599758,1.383426109052621,0.06719443080319691,0.9997905226129585,0.5083637065171344,0.2797491099761781,3.6276617401150104,0.9299195259292861,0.9055516732309318,0.27458773615850995,3.792603337845139
41,824,0.09310351671123962,1.3198316813841349,0.08405423580215014,0.9976527556964768,0.5130903021879556,0.3699089798148768,3.556309933052497,0.9996818104133738,0.8893948579209496,0.27629176938890887,3.881647962796071
41,825,0.22508535792774675,1.4833570435960637,0.00333547439728876,0.9676670358069602,0.4500902798178614,0.36538644238774587,3.5728998467671644,0.9982284798425298,0.8888656314579351,0.25773263190894535,3.8770355505775185
41,826,0.15093584579937608,1.244884934152057,0.057881936663923425,0.9739235225338442,0.5272037158366046,0.37992472347205636,3.520838234511758,0.9997355058509169,0.9071921819796194,0.2746399096800108,3.826413637280491
41,827,0.13206964157956222,1.400461809607427,0.21984622998605247,0.8749947096110444,0.5573444920913747,0.22056816409662366,3.601928022769308,0.8435113035400126,0.9049077257787023,0.27629641482275724,3.8427080397148807
41,828,0.15324744260230502,1.3182432516022553,0.06272873230854115,0.8902487403772931,0.5332835216347587,0.3424518024458563,3.555874875883209,0.9488710355260802,0.9119748960083637,0.27839532553223734,3.8478748358364294
41,829,0.2103981713559082,1.3701936879287655,0.0016346491723227882,0.993361572002949,0.4441527054075538,0.541374925444832,3.4483015426706243,0.8946052089320736,0.8985318587142199,0.2614072983044838,3.87674942349228
41,830,0.1972188826815633,1.4070904642536277,0.06926009970404609,0.9999634345732661,0.46537175261151376,0.4448102931724347,3.482702971165109,0.9058388750018835,0.8879456391116378,0.26529231217060534,3.822462881052599
41,831,0.17191377987960124,1.2720654845137753,0.1343374242898306,0.6867288560965827,0.5618207455064164,0.3521969321685954,3.5105148946592495,0.9629109288621344,0.924152699172193,0.2701865780125196,3.8886748481182507
41,832,0.23043575426239238,1.2675786065039705,0.0913962321467861,0.9695259033072905,0.5678116459827756,0.26332978182054323,3.580903755053046,0.9912514251777701,0.8955719209431218,0.28969907117567034,3.8181118734922834
41,833,0.2227933292641813,1.4730455594324638,0.13951912769440544,0.927212858503011,0.47936941729518745,0.36258932810274414,3.5008212321534486,0.9686852742375536,0.8986885216160461,0.26258592004808545,3.8363697683575113
41,834,0.15678413597145008,1.3134147285072089,0.0325953183006865,0.9085865152743094,0.506896466517,0.41881815186911575,3.4470570821868396,0.9921671598854346,0.9013012447313162,0.2741009208455895,3.8086418004413005
41,835,0.1793338479175057,1.3892236803907134,0.050045216370039634,0.9719993938915088,0.5061618094432203,0.31974742698528685,3.544512421547159,0.880763547374198,0.9114919972303828,0.2732642274159388,3.800752823088157
41,836,0.12397506172137787,1.2610103796779653,0.21138565590261518,0.8829852668516429,0.5811715633164127,0.30670924185836357,3.589903605432209,0.8300039629246019,0.9173031210506775,0.27537756359488014,3.8934989949619
41,837,0.22008566835828328,1.467697963976335,0.12473968668960571,0.9822217617136115,0.46922481501788915,0.3540738739226925,3.592987240283505,0.9803971064462257,0.8992586829541924,0.2613882382309533,3.8598877175252233
41,838,0.1420449704713908,1.2594339846441978,0.0931836302283707,0.8220984538020248,0.5470958434877652,0.3999949352499867,3.4986678271933025,0.9957650806344791,0.9130404544361085,0.27782337332279033,3.864143656740301
41,839,0.18011431445457848,1.3425266011659183,0.06551973081620908,0.8558844610135242,0.4821159396131217,0.5105756309312097,3.473703782471956,0.9907013615076949,0.9065673104999095,0.26851931630949216,3.9315348705882323
41,840,0.15345429307332664,1.3980318929095308,0.12153075255138504,0.9501248716222438,0.5134297945271149,0.3128025046458862,3.5694177555710387,0.9233402097851517,0.9065026242745565,0.274716315699698,3.8187961097345875
42,841,0.15308808331713375,1.257276521268457,0.05156639302242979,0.9999046564650435,0.5351453916019483,0.3849426953926918,3.531003825867619,0.9899951440791677,0.8961001985399353,0.28369183196948444,3.885191197741451
42,842,0.15036391718927555,1.3981262240886272,0.3009583848734433,0.8590039710808878,0.546408194460548,0.3101839516510527,3.596537299419501,0.8712033381883435,0.9136249963141616,0.2720642538294353,3.8791342503424766
42,843,0.15049349304244447,1.3204977137161245,0.07924350991110955,0.9942034265576071,0.5260480983302256,0.3178195794763189,3.5523131534947474,0.9868040765124105,0.9019507299277645,0.2782085468964829,3.82679408954922
42,844,0.18472024566111045,1.2461528648949394,0.18760756211470148,0.7422188725042865,0.6080502323933193,0.26795090964304513,3.5459374071448786,0.7940394107882701,0.931430393137594,0.2781568200310583,3.829454506097478
42,845,0.19652982360903373,1.3377429184590728,0.20991409131309027,0.863276306813605,0.5548481620127473,0.28498193179916126,3.5725483365611383,0.7887868294123213,0.9190710849087729,0.2671705121147937,3.871233023171962
42,846,0.14841910790698298,1.322778952963709,0.13222544911096856,0.7038945504140004,0.5229121007936326,0.5040839731880793,3.4495153096991897,0.9937289862445144,0.9159790793227739,0.2756615063099274,3.948228881763599
42,847,0.15477577623444663,1.369792066606603,0.11287069839435904,0.9782330704305476,0.5071088527287679,0.3292685478717953,3.6269963147388005,0.9826003132934131,0.8971822162404098,0.2699837569187654,3.9251584731806077
42,848,0.1770884376593336,1.4261080081512258,0.27227900159897594,0.8815863626072629,0.5252457847819038,0.3291125867325162,3.5979887132347406,0.8332580525317359,0.8993429575976352,0.26666563336291077,3.916656066538497
42,849,0.14497103527917218,1.283805308281744,0.10537590413924383,0.8794955789770516,0.5499258421920056,0.337719979569158,3.5325258183846797,0.9880690793149531,0.9105959450578135,0.2784424097223921,3.8613740642207923
42,850,0.13971455563563598,1.3647508889002904,0.20842550102368515,0.9999917792510141,0.5602433613022911,0.19539711051028247,3.6566672363378747,0.7887419332896921,0.8869725296825349,0.27763636372945716,3.8041322943463314
42,851,0.1662769014544045,1.2840281753518932,0.13522947070952168,0.998971741802887,0.5566971007648813,0.2934839562392956,3.602261248530169,0.837238620216286,0.9000397027173609,0.2817377048604458,3.8413121408513318
42,852,0.13230945653851303,1.2699425729444984,0.18482763035350805,0.9250570889770516,0.5724965135927087,0.3116115410385828,3.535780425732594,0.8071722008537446,0.9058410715131628,0.2759091320126286,3.841558626069711
42,853,0.1452574118901096,1.3461762083073676,0.1353402612435144,0.8370556150283546,0.5226507880862264,0.37945013693707635,3.5439121004932117,0.9998706618496034,0.9130161256494856,0.27687394594005854,3.8444411181022047
42,854,0.10593454992919461,1.3372638270321007,0.12681652582321262,0.9999323979158937,0.5139226895726097,0.37480297417476444,3.543188470919207,0.9749183735459515,0.8925847893121623,0.27640881327515626,3.8658991615854723
42,855,0.1232781129681941,1.323353468228194,0.11506834187762557,0.9103970955399493,0.5325175594456973,0.35234851735288775,3.5511541195206484,0.9794315581647917,0.9072608259113011,0.2763848448759541,3.866656531728407
42,856,0.15519978782597327,1.3928782001231472,0.15268361681212544,0.8481173007778336,0.5100589310411701,0.3920266909831308,3.556178150640351,0.8588935285614036,0.9077437412935451,0.2694512515234708,3.893389806864068
42,857,0.1251321961931837,1.2507570429110497,0.15588964042310355,0.8402809802565259,0.5720776586550311,0.34294432098845673,3.544904248681096,0.8980373274949409,0.9178440938560218,0.2763345580272413,3.887472874818447
42,858,0.14159347836346045,1.3023669755878498,0.07546868656833831,0.9995130420435361,0.5322683698883213,0.32179069696036455,3.5127464868855136,0.9513225914294493,0.8905841097753194,0.27799126087973147,3.814058103673014
42,859,0.10366249062731586,1.286309223466632,0.1385057480455963,0.9869923963192091,0.5464658155782389,0.32838264197812367,3.566514319883912,0.9076096682466797,0.8996410278749843,0.27652805444544165,3.888761766482388
42,860,0.12272335117255545,1.3650978332274053,0.26964555965143616,0.8776643554719389,0.5263580867842903,0.43557050251643936,3.5253566031926846,0.984688463775282,0.9069294306140296,0.2780713080777186,3.8952629823821425
43,861,0.1962917960724295,1.2022615370710081,0.026989524824677667,0.9817560765887918,0.534818754498973,0.44795811985806616,3.487551848424048,0.8996749419133003,0.9011340212455234,0.2849362549731877,3.830602869341645
43,862,0.14497257022491503,1.2781607096553835,0.23082195864350036,0.8473990801295581,0.5806669127971102,0.3094101152999992,3.6056560672415006,0.8372293838122641,0.9163117373568459,0.27479198919098236,3.9284655516572515
43,863,0.14901441631129023,1.2553558127326636,0.2151139699554542,0.8228934348853816,0.5626970764634109,0.3983948659347262,3.4934741519775674,0.9174408246296818,0.9156408739591175,0.27374419875166645,3.862852895365677
43,864,0.11748318149710095,1.3617622697693879,0.20136601535495435,0.938552330387278,0.5402219433323494,0.3092417753677749,3.613669164188901,0.8728531201464818,0.9061005078541401,0.27456720883662317,3.8960379604410016
43,865,0.14624512988842991,1.3780497278901762,0.21860417824250494,0.9820050148970039,0.5451535318966297,0.26161161394404864,3.6238856319736374,0.8912355300827539,0.9046163429681536,0.2784441774012675,3.844717782127389
43,866,0.18306463236217924,1.4071599849323866,0.2158952686593397,0.9096876679209217,0.523071185033371,0.31846687157444176,3.5468297870411236,0.9333062163953626,0.9105082504506786,0.2726385545485986,3.7999796737110847
43,867,0.11206559397162191,1.3380616152414082,0.20661828277941657,0.9448374967830931,0.5393168834392843,0.3506656546861292,3.562404917312117,0.9374670644445458,0.905329524910044,0.2760569129283627,3.9067305259869824
43,868,0.1539601051075722,1.275883349633971,0.08652204815904974,0.8894630945053503,0.5423056301176779,0.3830452427780219,3.5470864729336875,0.9870487568705841,0.9095814482224238,0.28193839173741764,3.8952214486405197
43,869,0.2115126191815298,1.2524578692973072,0.09753981592730647,0.9919674670874696,0.5336053348966945,0.3928624299885287,3.511036700568257,0.9988518610784984,0.9005854841243058,0.2860264626707611,3.8150502535354294
43,870,0.15130368949094536,1.3699649644159297,0.1892412118788243,0.822738845150832,0.5287103351699469,0.38380768332419424,3.5219887909648695,0.9121626904680492,0.9109181830596972,0.2710207174062445,3.900404375924249
43,871,0.13314836408507785,1.3402378473851604,0.1963025220863034,0.9675909863192554,0.5464567737366612,0.32812510983914545,3.5610238154818967,0.8477246999152261,0.8878056547726489,0.2802421112783186,3.8556462654623873
43,872,0.1359428750093638,1.2083586700271882,0.21766885367759695,0.7961992536263764,0.5928868345717225,0.36599024696246674,3.5282148239873417,0.9126121675273963,0.9110495857588186,0.2785436155959424,3.881452263356529
43,873,0.14891354765597764,1.2420298446282387,0.09335080263627046,0.989939482222806,0.542494178318549,0.39445133194286314,3.529168075742188,0.9792151561895507,0.9067565957069499,0.2799198945335827,3.9205782262820783
43,874,0.1271513132696573,1.3273822673944986,0.22411092855009343,0.9181022919789411,0.5479352063190828,0.35487199498349176,3.5822130044699634,0.8957168462040347,0.9016052760614588,0.2794733356712585,3.8967508520614147
43,875,0.19969224182066275,1.2646043330947583,0.16487653333839766,0.9578675763156411,0.545160659981651,0.41500735362780405,3.4927102621558257,0.9997805350797778,0.9020341601847823,0.28680338614659007,3.852457697260342
43,876,0.16196878465546372,1.3223699126304984,0.21825090903199604,0.8241710185387543,0.5349178699482081,0.4357990701699116,3.4925507512306018,0.9916465051000687,0.9073937271436259,0.2805208227452659,3.8499990391634036
43,877,0.22424613030509483,1.2857366807028727,0.21714888045344138,0.9939606473700723,0.5381192194552621,0.4138959339876531,3.4853441842556663,0.9976921855869826,0.883988710257811,0.29014036311543145,3.8088750125735933
43,878,0.1719274646989832,1.234581031875626,0.23650658689840687,0.9096955025936968,0.5997393576008494,0.28892031144260805,3.593341389628901,0.8371959430514639,0.9147854929479303,0.28142214505074314,3.8608826777384864
43,879,0.21446393777849426,1.3242274561813598,0.13410434966254509,0.8738723505123538,0.539617707215482,0.33997687841186963,3.5098327219731686,0.9449151287486238,0.9044583349944517,0.2813283437811752,3.7522359890573336
43,880,0.08494667638877694,1.323357252967103,0.17075539904226153,0.9991292854818603,0.5205880693168121,0.3799070369683152,3.5708482054450497,0.9518730848956084,0.8885664741969789,0.27592659560788974,3.892477837571774
44,881,0.13645666132092255,1.3173009919721645,0.2642803150205168,0.9069261951573834,0.578477348649071,0.2720180413765079,3.5934275839135403,0.797974527718145,0.9092822975067021,0.27686361478308064,3.85255844331177
44,882,0.12564644958709842,1.3702139449427255,0.007276096334265092,0.9957292112843596,0.4945800549567927,0.3562818164870237,3.552623679733426,0.9822260090646909,0.8940139450215655,0.27450347443089695,3.846266367250876
44,883,0.13257746018430894,1.355862803859189,0.10930181552564329,0.9662255417875478,0.5342603895755961,0.3100419111304544,3.5971312471370966,0.853825375258492,0.9033256036187562,0.27872619592627385,3.872234365725011
44,884,0.14141682096248476,1.2596902245153274,0.22827125784460228,0.8413841671584402,0.591894494953578,0.288461817663486,3.610976362734387,0.8262811946168737,0.9234041902435903,0.27503031788270543,3.908061786256564
44,885,0.19284010080737576,1.2672064217376184,0.07534794451592156,0.9984408234345746,0.5083720951668057,0.454906713359024,3.509124129617707,0.9994922565813849,0.894427533911238,0.2866023078469719,3.8448938924010703
44,886,0.1347841379863255,1.2719561883788815,0.19634233575917737,0.8593610094528368,0.5638125670813895,0.35512822712605796,3.568586232192753,0.867030790730248,0.9138876014622749,0.2741682692388122,3.905593328046682
44,887,0.1335816295222172,1.3318350169232671,0.17295936311798493,0.9960844308137429,0.5402377694407632,0.31305859960092064,3.599467896692728,0.9561122593478859,0.8854807102574904,0.2815993252662943,3.8684249145488274
44,888,0.14520127630709545,1.260457196767536,0.21989350673440589,0.7612867740958045,0.5873095197852402,0.3339175737619943,3.54700590866939,0.8355754711165584,0.9295224263993284,0.2755968427084884,3.8771113353195856
44,889,0.15294237831355068,1.3070535131855041,0.01589173462974196,0.9607270923138383,0.49427864642377506,0.41388402256774226,3.5333621816310483,0.9946501149109266,0.8981516527254921,0.2702922022698738,3.86236194435516
44,890,0.12250189247467011,1.2921798519218703,0.1751600266327921,0.9967279995163395,0.5678373088979709,0.2557211116775381,3.627190137843757,0.8657415134553248,0.8958021619120322,0.2796628232172046,3.887189938998808
44,891,0.157426751936809,1.3494904388154705,0.19026501023811992,0.8926867748257641,0.54334957632232,0.3393973198082606,3.5329373618430777,0.9023640056770263,0.9140127073985551,0.27780305698671715,3.8362254971985146
44,892,0.16213203781028726,1.2823554766171261,0.0636719255326103,0.9819054311122922,0.5361272893241675,0.3496922007722404,3.5817572663720125,0.9971933602749351,0.8864465659178906,0.2863928493972453,3.8827583983110543
44,893,0.11748503082006301,1.348984648147902,0.1344049044429441,0.9992893040541618,0.5174920847971822,0.33348564979360357,3.606823256197541,0.9633927205716932,0.8987397249623499,0.2738525235213114,3.903442282307613
44,894,0.14215204830285344,1.3146647407093526,0.25413920998728456,0.9657529620163915,0.5354929100791364,0.37198296517794205,3.566150388611357,0.9496273956783816,0.9085885812462365,0.27169143548416874,3.8884161043677388
44,895,0.15680470109116953,1.3152655593713076,0.28267050270533206,0.8553101907101379,0.5678127079738329,0.33300252731124275,3.5778902147062457,0.8495283224495247,0.9183472303656336,0.2719933257348608,3.907187271818252
44,896,0.11978968662678721,1.376378552408928,0.2713361562567048,0.9989236304836192,0.5421058887114395,0.29222797171914117,3.634816172039336,0.8722914773610455,0.9019461051857606,0.2770358334949524,3.8700068577493525
44,897,0.1206132279799337,1.3632514391946886,0.2237261832379443,0.950141387392884,0.5560780484134372,0.2678591813493982,3.6248432322988804,0.8033843071844757,0.8995773043222985,0.27769038731490103,3.8720106060261115
44,898,0.11266781887575869,1.3147741687278858,0.05330336994291389,0.9913048046723182,0.4880532484855784,0.48707898264782423,3.4689773940120006,0.995905301025913,0.8880979416379324,0.2774993986021574,3.857519649141758
44,899,0.17192701869108332,1.275984439697489,0.1843536565171892,0.9999448344257932,0.537183076928115,0.39876678401941057,3.550836962958397,0.9819152051221359,0.8967018377473025,0.28474828437942123,3.864851404247015
44,900,0.15209414641139857,1.3624899434626612,0.3248798052417981,0.9119509951491498,0.5701760530139833,0.27741509341804294,3.639531829124124,0.7622913351041186,0.9163287862053554,0.2771351058896318,3.8426844610999935
45,901,0.11890056387121858,1.412024296498552,0.251924972986351,0.9957758369284067,0.5311429396148364,0.2781710165802919,3.657394575243243,0.8069641712614909,0.8957896435116058,0.27260185222427497,3.8955630715933447
45,902,0.1512980219940259,1.3478363256603123,0.11742317808172838,0.9947430336266272,0.5118078467557419,0.381847487803729,3.545719257256124,0.9818238891163737,0.8852049540572328,0.28187907711474813,3.837230972543763
45,903,0.11671337774949561,1.295668577202986,0.24797992625827528,0.9988846927273448,0.5567958540952738,0.3067644602704215,3.604982812390955,0.8579543997031494,0.9004519784403822,0.27525031512736364,3.8684102860553047
45,904,0.12962410926642057,1.2771757204965999,0.07423421626622799,0.947344522783437,0.5385277426486168,0.34163837793719454,3.596408005562421,0.995243178824361,0.8954631718988482,0.27939263735409076,3.917289527765342
45,905,0.22921458773437908,1.4074447536379886,0.1997025310709041,0.9466662757671364,0.5213368706894579,0.25530715356750516,3.7084678527365007,0.8024739546377488,0.9135092688661837,0.2624874488260196,3.925541896957964
45,906,0.1396808873588687,1.322331966134605,0.19839592456993407,0.979353934987268,0.5587495038003267,0.2749940698063799,3.6350571418745043,0.8318385258340081,0.8992955396510668,0.28174542962683186,3.8914228987934267
45,907,0.1159790074873921,1.3005717937082437,0.1264632933912515,0.9515893289974431,0.5352015940723049,0.3613973486289091,3.567532279134808,0.9517431780098056,0.9085984727089205,0.2768809822707594,3.8910391239932123
45,908,0.19525549751028048,1.2853655568203004,0.11179778901065356,0.9949732041923749,0.5108899787668617,0.4598727011018773,3.5291393373361473,0.9999333652722916,0.8886848501720133,0.2899207834128402,3.873361137498562
45,909,0.14613362070522198,1.360830624134386,0.11297252758330896,0.9953056483442493,0.4993552938708258,0.3977874608149563,3.5575026118153064,0.9994021909004811,0.8946283557259237,0.27993355594562874,3.842221766667246
45,910,0.14196806603840184,1.324773422765878,0.12982731835763633,0.9076048325864294,0.5269830169955247,0.4118718037636381,3.518095180169409,0.9679922718517621,0.8989594918175806,0.28065301970918355,3.8707642913413394
45,911,0.12352835203641348,1.3144035435230805,0.0532279230740195,0.998578275497384,0.515024462532659,0.3606765665290447,3.556791417852901,0.979640188727943,0.8822393632848957,0.279821385656785,3.8552176508262663
45,912,0.11670638220840433,1.3491519696862415,0.09985191777023213,0.9972281665033833,0.5031303823820115,0.408906293357078,3.516527085139532,0.9864415340676264,0.9038833023178603,0.27594020835530664,3.866842093783473
45,913,0.12202688405995628,1.3496871225288731,0.23846801019044603,0.955180102912319,0.5138421751043272,0.4514470050240954,3.5281073839768506,0.983109692722576,0.9067871217196,0.2776451457558834,3.9002563345209458
45,914,0.14516690093558027,1.2972426551747462,0.3304646209665912,0.8588322441312481,0.5832578747776382,0.3178860423304078,3.5841591682617002,0.8046399942526885,0.9125548801974691,0.2720251675233465,3.8987399028342984
45,915,0.1831507616006859,1.27998868861442,0.17719654430876308,0.9991579060190636,0.5700247942578522,0.27155731609617395,3.6567436345656548,0.8606346941209724,0.9045169639607386,0.2848578712201607,3.8631105669954353
45,916,0.17506434324034717,1.3285083883893722,0.1048754877953734,0.9595030713173921,0.5401713640129767,0.30312229811856517,3.5883064798800532,0.9479303279471081,0.9006948565281887,0.2824959979650619,3.8364591149371967
45,917,0.1413951484097589,1.3461590849573224,0.12431359933655597,0.977951862795894,0.5236946141269241,0.34760755592491943,3.5893210739462775,0.8950691375015151,0.9023774394923357,0.2793651775664217,3.8618317859743287
45,918,0.14622240407063103,1.3336997311614933,0.13400896875239385,0.9571624890658434,0.5175016120296566,0.3835493915063374,3.5975981401933117,0.9908399413803268,0.9022428257599024,0.27422389408257264,3.9562981373311112
45,919,0.13687998012407862,1.3035458401572333,0.29954177997368225,0.9630692224546309,0.5530704588918081,0.374841254445137,3.554412810094476,0.913243126133407,0.9029775384666004,0.27857186011871404,3.860855959410337
45,920,0.13910964615458865,1.3232956330318586,0.032307849341107996,0.999298105124983,0.5065472653688234,0.36680506745686475,3.562531391097968,0.9997478838062316,0.8958699797027869,0.27931436230875384,3.850108943212151
46,921,0.12452269611739136,1.2793559448823106,0.1733902150186663,0.9303953843495615,0.5411275973138554,0.4104781086338214,3.5318381036462565,0.9497061548551029,0.9058451376213494,0.278227988009363,3.8991305552377256
46,922,0.14395065543384494,1.3505350119472668,0.11343663429108478,0.9943094564151445,0.511401251392971,0.3347238365559674,3.592505929127225,0.9654112742379111,0.9084018503413631,0.2716034586397872,3.8857125608449126
46,923,0.13714769293660206,1.3204912978921515,0.19841019185160086,0.9999258105199962,0.5418217526212026,0.31459115082494654,3.5818086365045385,0.8864838366513856,0.9091325999732479,0.27524727217884803,3.849293759128959
46,924,0.1683081831584856,1.3096108341496078,0.22325271939335548,0.9746817420495976,0.5359465311991812,0.4088581960883323,3.5869203095885016,0.9374358087435767,0.8977556182996878,0.28440483009292755,3.9164463154621245
46,925,0.1162901144482477,1.3281150974313969,0.14570326769326894,0.9779187050601624,0.5449069922181653,0.2918448603253059,3.598815889408924,0.8721131189953291,0.907541445697553,0.27517258165993835,3.887167656502296
46,926,0.10557725842673646,1.3051056777343113,0.19883556764131924,0.9729261561537704,0.5178352138626557,0.4464666696151595,3.524184230966923,0.9898631147028358,0.8991363897669734,0.2763970573089625,3.9040115378626603
46,927,0.1379920529171653,1.2562810576922807,0.2147911647439072,0.9189601241491335,0.5612164080332995,0.37473081564711186,3.5537523127790696,0.9532764802702197,0.9063816678803013,0.27997472596333584,3.8865634338012995
46,928,0.1458985075762272,1.4297528299439946,0.1989504980257814,0.9999880890867054,0.4890986902333043,0.39228342180017833,3.575910636667918,0.9792378038094812,0.9038574752040163,0.27167328827534576,3.8701435008601743
46,929,0.21891160675555013,1.3521044381045886,0.15828273288986477,0.9389826929739066,0.5257556862637258,0.29852340479380884,3.645847267690214,0.8867271122544204,0.9099639950183729,0.26455836704692187,3.943117405162851
46,930,0.1458947501172081,1.3840393013200936,0.12131805673215332,0.9984916348174986,0.49595667135387,0.3724203061175948,3.56412718912972,0.9924120582697317,0.9027344078475614,0.2715659078144198,3.868998207478266
46,931,0.11087585883242061,1.352035561199627,0.3718667126971636,0.9989173137644858,0.5655523469207815,0.27967183284290037,3.6775218080167673,0.746360745353047,0.8960135207556407,0.2743701431044214,3.9043531594399417
46,932,0.12193951960707107,1.338017385957136,0.18575923584366447,0.9940102690179383,0.5364778932668904,0.3326688621656223,3.589600804010364,0.8434798824214826,0.90724831334641,0.27398595938728426,3.8922123110522358
46,933,0.13161402655120022,1.3206862931810626,0.16377629984846218,0.9917346977388641,0.5448463552465134,0.28737039101378475,3.6147718962043993,0.8670154722653272,0.9124639256597158,0.27359935384891826,3.8947792565172143
46,934,0.11765049752268757,1.358467383366675,0.20565778487593023,0.9996483728942003,0.5203152985960047,0.36035907043203275,3.597607676767855,0.9016845493634817,0.8986384560303232,0.2731868816025166,3.894615943280364
46,935,0.14518256224371995,1.3144028100280511,0.06649955010570265,0.999511366780007,0.514190956846958,0.3875751740567609,3.540446081784789,0.977481343787654,0.898920617770921,0.28044803352866593,3.8615236060581246
46,936,0.1485815686846662,1.3277521358594746,0.183673588126468,0.9752875968213329,0.5293904686187492,0.33479214030590454,3.587894484214165,0.8785719603313356,0.8963202499726165,0.26926845890283496,3.8809407648614886
46,937,0.12158263720015564,1.3093446231697567,0.2263174409360361,0.9487812396162212,0.53622334912293,0.40605372013361923,3.5481133008724433,0.9105089886596258,0.9051171771779295,0.27765520963187934,3.8827843272809597
46,938,0.1561725268394612,1.3834220571892393,0.11353102324652128,0.9916862390297325,0.49540561121934923,0.3550995612235782,3.5637529646904,0.987033105290204,0.8927080974765678,0.27032059123752045,3.842745920173546
46,939,0.13807963044177374,1.2703934716786736,0.06368904847017093,0.9421232475497799,0.5435405588763842,0.3664908346963015,3.5305175469050796,0.9071531387554513,0.9040331112265166,0.2798810417141801,3.8794938622484194
46,940,0.11401173554484775,1.357003119320105,0.15905682586959793,0.9535989066263848,0.5204677552484194,0.3717035682376396,3.5703474171800194,0.9109083694878737,0.898903821043018,0.274529598599662,3.905841987917108
47,941,0.1569425232068925,1.2785036550818027,0.297278618363873,0.9177401902996998,0.5466644693444767,0.4447895660938622,3.529087506568354,0.9610071491624658,0.910660555197002,0.2816146411440215,3.882969562182417
47,942,0.15173592298658178,1.3223404174954478,0.20413416266808287,0.975215589204416,0.5273151509262906,0.36331281740965915,3.585912101325454,0.8956049094116412,0.9089359034379372,0.27072911295038404,3.8841595903851824
47,943,0.1575447742858176,1.3398662578065426,0.3291787697449942,0.9243546687859444,0.5560255894126798,0.348941326333961,3.580693822125917,0.820527844867275,0.9096641192919218,0.2788892766544074,3.840989342354476
47,944,0.132841529725955,1.320440129378865,0.31515496066234566,0.994975878532394,0.5391467237544785,0.3953596983421738,3.5873806336903025,0.8795171810553187,0.9066599722222962,0.2783846871085408,3.8748222697600787
47,945,0.15246423872893686,1.3657252949947922,0.2245074531448838,0.9977249208959783,0.5301003804594636,0.3276457860694366,3.6051625522380575,0.7993305093254134,0.9029606774414859,0.26943804711766095,3.899238296301965
47,946,0.1056609054517197,1.2923847905061923,0.06702480358939486,0.9090830944740341,0.5214180767084732,0.411904425700793,3.5345936612293576,0.9969038556181697,0.9036985874805655,0.27630322225861365,3.8946629657303737
47,947,0.12178576825360446,1.3692044452845036,0.16839442385302786,0.9793533793274767,0.5080594972450336,0.3806406452599936,3.5700452779568854,0.9748215300943168,0.9042456118665209,0.27596102957474106,3.857521847112826
47,948,0.12163500223101767,1.324982257287178,0.0011141432535697348,0.9867887849975627,0.48520761017651903,0.4579098102501509,3.482441726050594,0.9616393291766946,0.8947765268333976,0.2758840198018089,3.8364130423147715
47,949,0.16685336285081467,1.34478561482846,0.25552781298445315,0.9851084445392804,0.5237987138530961,0.41309122916132435,3.568303755179633,0.9007806685847385,0.8795227624056091,0.28630549896757906,3.855892644027
47,950,0.13883757427549714,1.3689309817605255,0.22650723473563059,0.992593987753444,0.5190615486747007,0.37194591977164004,3.584709549285956,0.8694042901264027,0.8915941589220683,0.27974480202133706,3.846555100955888
47,951,0.1373559826067576,1.3076771543149635,0.32367183013789347,0.999679738539357,0.572067738243574,0.2703912988394529,3.650701105266252,0.8050813493479793,0.9060386766945507,0.27198929039138525,3.8874945134428245
47,952,0.15444755748871167,1.2809263832089857,0.38028777724637697,0.9999989775001881,0.5797459346851712,0.3318141288651041,3.6485396707954427,0.8354875914108739,0.9029655997600792,0.28259545870760816,3.902614533968117
47,953,0.14407913025790806,1.3264805207125416,0.36159351553336994,0.9013954922036511,0.5662639772995548,0.34567056792918655,3.5927701003740147,0.8036777697915269,0.9192031070635747,0.27383911941324446,3.879580653166461
47,954,0.15027268043954617,1.3462083440534833,0.21235643766739995,0.9999527574749673,0.5349062497786934,0.3159033145568525,3.6154348615617637,0.8144605809783849,0.904090910675577,0.27009310878660514,3.9015278854196893
47,955,0.19246555264960102,1.3008578286328145,0.2175233165220281,0.9754183311568205,0.5390318518355885,0.39880331630820176,3.5390936150298336,0.8841437254894166,0.8970839789116732,0.28515313620553306,3.831491174193874
47,956,0.13553459928514774,1.3080414226932588,0.2114401806446342,0.8727366868942188,0.5690515736352062,0.27512567839503277,3.6514560991003493,0.8455922595477684,0.9090478732078644,0.2741571569064414,3.918391420066327
47,957,0.11723951819076574,1.3194148416082212,0.23033444941327952,0.9500222966035199,0.5440093812585558,0.347152483613252,3.5904283937548067,0.9143063525151315,0.9076779337149036,0.27470170179845443,3.89228558740015
47,958,0.13191086260103005,1.2880979659827936,0.15388207788836133,0.9843512640198048,0.5482810842193184,0.31728927073699287,3.5920395259742444,0.882375331189658,0.9113851190573614,0.273893026774907,3.9020614256575237
47,959,0.127690567474328,1.3473090541572432,0.22017435040213376,0.9991520750071595,0.5396270112707559,0.336073592796647,3.576574730079882,0.7632249681935427,0.8993995854287457,0.2747324909584057,3.8518477644815476
47,960,0.1597290403635579,1.3174626079999252,0.17611282416678714,0.995631514716106,0.5246767481219055,0.40013400607418337,3.567381489412522,0.9176691817504449,0.8962406610696834,0.28284624567410177,3.860671108819028
48,961,0.20958720103088185,1.3315835250389974,0.17675454373307448,0.9986076338737437,0.49423410948608026,0.4766852351196767,3.516765359602724,0.9978993716171193,0.8788594742956535,0.2905946965259892,3.8316354015852823
48,962,0.14153335289544444,1.293481426977165,0.12257146762958844,0.9570477853948824,0.5227057286457594,0.4179743765881748,3.559117591813303,0.952993474585091,0.9090215072066904,0.2743971958549832,3.9335163783763987
48,963,0.11759195157222135,1.2505444396280005,0.061547621711393344,0.9680815843360072,0.52478099456583,0.41101829341255575,3.511287405803544,0.9897396075585343,0.9058130281613304,0.2755851855680984,3.8747089363112694
48,964,0.12631230024229012,1.295110062963764,0.17007466128972254,0.942510802196152,0.5455352917777547,0.35326909563897635,3.5677805402269027,0.9625708988832811,0.9109243549594559,0.2762051510816311,3.919083449796408
48,965,0.15712451712595923,1.30365144119593,0.11421715092730807,0.8931931653882493,0.54577868767487,0.3339538779808241,3.591182779390682,0.903530089764967,0.9109373983417045,0.27392707508357456,3.9526833674376407
48,966,0.15435299556544219,1.3091656035836365,0.046453016115697285,0.9598190704496113,0.533248478696071,0.3323564123708582,3.5414736342917053,0.9596453475831992,0.895488285740325,0.2815595324080525,3.8511995506525514
48,967,0.1198218211623772,1.2789857654373078,0.10175794547220582,0.9026445978617547,0.545073183053308,0.35242233054360045,3.5756871470478266,0.955219233000245,0.8994330111035739,0.27858097238969515,3.8857701588197964
48,968,0.10393050857757168,1.3683364846993245,0.13513903282510936,0.9796057633584825,0.5146101935293134,0.34469472615352015,3.5997762484583657,0.9580901861531427,0.8975968674418902,0.2751256096084238,3.888270406835413
48,969,0.13102549792718007,1.2888044772163263,0.10549140236273716,0.9899728068932235,0.52670034792298,0.40070732406531195,3.530708956695963,0.9550232624755521,0.8882782175999697,0.2814695804664409,3.87821427417026
48,970,0.17444524226578287,1.3431747537997207,0.018567009718151173,0.9657616192509415,0.4838404897014619,0.4434448214076018,3.500427840535199,0.9633887952934042,0.9092999775848399,0.26986517762655027,3.8530064246433184
48,971,0.15669857257194722,1.2661821926896204,0.1551419681645141,0.807980981908919,0.558199578509794,0.382760882570726,3.573272089257258,0.9007434569477454,0.9225375728265067,0.27435487050867424,3.9303386451054694
48,972,0.16388543243215403,1.3741027350722674,0.17568749763848776,0.9970901896559988,0.5091823524642696,0.3468911901678736,3.6001940447824285,0.9659237674523754,0.9034802407831422,0.2695062856820286,3.9211982285002263
48,973,0.12864669602306497,1.3351208221768949,0.23516920923204312,0.8523424135255787,0.5418188684421547,0.38886740583512175,3.5829749180916703,0.8450776022414942,0.9106352162641036,0.27806112141073624,3.887864558036496
48,974,0.14090918999884378,1.3719277801548178,0.17811835333696985,0.9999916025535127,0.5209953583969307,0.3153951393194054,3.624097670477695,0.9011647590031346,0.902112197624216,0.271457255192296,3.9072425579651844
48,975,0.14883467581403906,1.3868761453230198,0.22923012248481806,0.9823276697935572,0.5385604603223189,0.2857233013989316,3.66417350099724,0.8792772469271672,0.9128846238417703,0.2790843097363138,3.8683430066207385
48,976,0.12400170603833291,1.3711410788345786,0.1427011168152716,0.9969825848573249,0.5096888416236006,0.36649816459002355,3.5804167014470902,0.8953889818402422,0.8966167243516242,0.27248723244500095,3.9019114579905194
48,977,0.11652141242034876,1.357485182963265,0.20386292910226586,0.8996352640671328,0.5268162059963589,0.38583835180199155,3.575188818238946,0.9285966579087455,0.909784000519984,0.2764068450208287,3.8861111487508824
48,978,0.14924889741396036,1.2957349563989808,0.15142441098369458,0.9239374896844639,0.5347473173868138,0.41068745099293114,3.5257050646668953,0.9343184087725858,0.8992979544457063,0.2810640752508472,3.863193949364375
48,979,0.12060703122875079,1.3077156598418704,0.07632431131878686,0.9785095307778706,0.5308625552760295,0.31949555108631483,3.5758479722052483,0.9887837496818032,0.9047772155656879,0.27752748866013743,3.8820744426531464
48,980,0.12711851598794993,1.301075461574281,0.15338804484186003,0.9112256580557311,0.5462525382076163,0.3385830242622848,3.591758119574827,0.8929776969042811,0.908752727716785,0.27428141693697244,3.904463163199176
49,981,0.1389722749847005,1.2664765996855416,0.22877221881352972,0.9884538017099558,0.5563053351640018,0.3440069683990371,3.5894800343963134,0.9526082088879436,0.8971396107243969,0.2808321918370146,3.8748007279001184
49,982,0.13768152548526943,1.3754723822430481,0.2246577830783525,0.993689429613687,0.53630248427254,0.2677021302450183,3.6646572695483037,0.8933889497608645,0.9060437058131947,0.2765362192870414,3.837864850319324
49,983,0.15075005966325827,1.3757176621132643,0.09398894569856242,0.9910318261727724,0.4962208931595423,0.3621690568829789,3.559664526330642,0.9815846314892845,0.8970903435587531,0.273015394770014,3.825697920535238
49,984,0.1287326757943089,1.308682838409281,0.19127345164435344,0.9076833547823163,0.5538971288863409,0.3206951954553865,3.58967537422972,0.8718724818644067,0.9104953431386248,0.2746861150192269,3.8768251842795722
49,985,0.14599693061760355,1.316418781740438,0.02505196682784161,0.9089370756639943,0.5021964739509674,0.43654875770665563,3.4964474770099345,0.9999997493144284,0.9108222445659427,0.27350144795895515,3.8607064979437395
49,986,0.10779285305917073,1.334959141158252,0.13889311469953924,0.9051111014465825,0.5183191669407549,0.3911124929029678,3.562391507222103,0.9667488557574881,0.8908815634262851,0.2737368659777079,3.9016077545206413
49,987,0.12157790843274958,1.3618628477506363,0.1442128072226484,0.9403346934038694,0.5260020596647336,0.33910318085455843,3.5812583899781467,0.9184842984694817,0.9005935203392686,0.277212220200724,3.865801724775119
49,988,0.12408843045383111,1.3963192003275013,0.19023793107853057,0.9847934397295969,0.5246568647776821,0.30308732447480613,3.605633836479776,0.8690832775799922,0.8973412992763518,0.2731732832817965,3.8759637574111503
49,989,0.16089015050453792,1.4207519475311443,0.2135914188839231,0.9625516392619955,0.5117869708120677,0.34759280866848147,3.6153903261752536,0.9006916488072915,0.9050235173549381,0.27066188280981296,3.9280025057445824
49,990,0.11837299287680741,1.3172127402779845,0.06478086814110481,0.961378205230105,0.5178566853630221,0.3765171918105721,3.559188288576488,0.9966903314569344,0.9024860064481045,0.2780272844228023,3.8979688281235276
49,991,0.14766117574755408,1.3682932717904095,0.10916264628050246,0.9098978561131773,0.509673419104978,0.3750212508591259,3.586528678933056,0.9722088063763149,0.9094043718676204,0.2718795731927944,3.9090236552585234
49,992,0.16630849566591827,1.2679254284414565,0.1436935602073262,0.9855164236594639,0.5491047820078488,0.35770861221802874,3.522830986550757,0.9617388361368017,0.9048781156069523,0.28187945474094694,3.8547409704984377
49,993,0.11959236283006464,1.3392240480789501,0.13908465968403588,0.9751727087909421,0.5276597647833148,0.3471792914122232,3.5774704729280815,0.887242659227065,0.9007034812967148,0.27725798131319584,3.870573203663909
49,994,0.14035451893446446,1.3171266524221876,0.12765715248390558,0.9112059790802889,0.5175766732419965,0.43346692468873715,3.5320783742075825,0.9031994608966555,0.9025195546744115,0.2727096024001882,3.92285989071224
49,995,0.1362198889514116,1.3170726669885566,0.02754621733134357,0.916680002020979,0.5076920784440426,0.41570100874506133,3.5441479840173766,0.999982557658219,0.8987594771954999,0.2799465158860948,3.871512807895094
49,996,0.13074325314246013,1.304080760212071,0.08452351599844218,0.9863018393657764,0.5260848736101631,0.3435186318885161,3.5805304435922745,0.9989811832579218,0.8993736960320738,0.27970843159042424,3.880273615520516
49,997,0.1316674085111483,1.2934208932350115,0.11041945110695547,0.8768179144610198,0.539002777277018,0.3687395475334845,3.5846862456089656,0.9479169673355301,0.9179177585148881,0.2775887632702415,3.8926176889493527
49,998,0.17272789923055046,1.2908302686919173,0.17204664475824008,0.961905532253805,0.5328108217510478,0.39809518332533383,3.541514355431019,0.9998903804337334,0.9031353174824895,0.2831410052971493,3.855900824246265
49,999,0.10882748561723252,1.3495283355018606,0.13320350794919056,0.9017453575187433,0.5091762804741936,0.4288325833847436,3.5439089857626116,0.9926995283097461,0.9017767144925466,0.2755854987408249,3.9038214467579038
49,1000,0.1344763538197439,1.3632356052373442,0.2759357388422323,0.9849861264844659,0.5396354686816404,0.31477155541446666,3.62584991043742,0.9098308877175063,0.9119496120863959,0.2767181216328822,3.860695629842547
